#-----------------------------------------------------------
# Vivado v2023.2 (64-bit)
# SW Build 4029153 on Fri Oct 13 20:14:34 MDT 2023
# IP Build 4028589 on Sat Oct 14 00:45:43 MDT 2023
# SharedData Build 4025554 on Tue Oct 10 17:18:54 MDT 2023
# Start of session at: Wed Mar  4 14:49:37 2026
# Process ID: 9188
# Current directory: C:/Users/aneel/AppData/Roaming/Xilinx/Vivado
# Command line: vivado.exe -gui_launcher_event rodinguilauncherevent9212
# Log file: C:/Users/aneel/AppData/Roaming/Xilinx/Vivado/vivado.log
# Journal file: C:/Users/aneel/AppData/Roaming/Xilinx/Vivado\vivado.jou
# Running On: AneelWindow, OS: Windows, CPU Frequency: 3302 MHz, CPU Physical cores: 8, Host memory: 33957 MB
#-----------------------------------------------------------
start_gui
open_project {C:/Users/aneel/Downloads/CSE100 LABS/lab6INTIAL/lab6INTIAL.xpr}
WARNING: [Board 49-26] cannot add Board Part xilinx.com:k24c:part0:1.0 available at C:/Users/aneel/Downloads/vivado/Vivado/2023.2/data/xhub/boards/XilinxBoardStore/boards/Xilinx/k24c/1.0/board.xml as part xck24-ubva530-2lv-c specified in board_part file is either invalid or not available
WARNING: [Board 49-26] cannot add Board Part xilinx.com:k24i:part0:1.0 available at C:/Users/aneel/Downloads/vivado/Vivado/2023.2/data/xhub/boards/XilinxBoardStore/boards/Xilinx/k24i/1.0/board.xml as part xck24-ubva530-2lvi-i specified in board_part file is either invalid or not available
WARNING: [Board 49-26] cannot add Board Part xilinx.com:k26c:part0:1.2 available at C:/Users/aneel/Downloads/vivado/Vivado/2023.2/data/xhub/boards/XilinxBoardStore/boards/Xilinx/k26c/1.2/board.xml as part xck26-sfvc784-2lv-c specified in board_part file is either invalid or not available
WARNING: [Board 49-26] cannot add Board Part xilinx.com:k26c:part0:1.3 available at C:/Users/aneel/Downloads/vivado/Vivado/2023.2/data/xhub/boards/XilinxBoardStore/boards/Xilinx/k26c/1.3/board.xml as part xck26-sfvc784-2lv-c specified in board_part file is either invalid or not available
WARNING: [Board 49-26] cannot add Board Part xilinx.com:k26c:part0:1.4 available at C:/Users/aneel/Downloads/vivado/Vivado/2023.2/data/xhub/boards/XilinxBoardStore/boards/Xilinx/k26c/1.4/board.xml as part xck26-sfvc784-2lv-c specified in board_part file is either invalid or not available
WARNING: [Board 49-26] cannot add Board Part xilinx.com:k26i:part0:1.2 available at C:/Users/aneel/Downloads/vivado/Vivado/2023.2/data/xhub/boards/XilinxBoardStore/boards/Xilinx/k26i/1.2/board.xml as part xck26-sfvc784-2lvi-i specified in board_part file is either invalid or not available
WARNING: [Board 49-26] cannot add Board Part xilinx.com:k26i:part0:1.3 available at C:/Users/aneel/Downloads/vivado/Vivado/2023.2/data/xhub/boards/XilinxBoardStore/boards/Xilinx/k26i/1.3/board.xml as part xck26-sfvc784-2lvi-i specified in board_part file is either invalid or not available
WARNING: [Board 49-26] cannot add Board Part xilinx.com:k26i:part0:1.4 available at C:/Users/aneel/Downloads/vivado/Vivado/2023.2/data/xhub/boards/XilinxBoardStore/boards/Xilinx/k26i/1.4/board.xml as part xck26-sfvc784-2lvi-i specified in board_part file is either invalid or not available
WARNING: [Board 49-26] cannot add Board Part xilinx.com:kc705:part0:1.6 available at C:/Users/aneel/Downloads/vivado/Vivado/2023.2/data/xhub/boards/XilinxBoardStore/boards/Xilinx/kc705/1.6/board.xml as part xc7k325tffg900-2 specified in board_part file is either invalid or not available
WARNING: [Board 49-26] cannot add Board Part xilinx.com:kcu105:part0:1.6 available at C:/Users/aneel/Downloads/vivado/Vivado/2023.2/data/xhub/boards/XilinxBoardStore/boards/Xilinx/kcu105/1.6/board.xml as part xcku040-ffva1156-2-e specified in board_part file is either invalid or not available
WARNING: [Board 49-26] cannot add Board Part xilinx.com:kcu105:part0:1.7 available at C:/Users/aneel/Downloads/vivado/Vivado/2023.2/data/xhub/boards/XilinxBoardStore/boards/Xilinx/kcu105/1.7/board.xml as part xcku040-ffva1156-2-e specified in board_part file is either invalid or not available
WARNING: [Board 49-26] cannot add Board Part xilinx.com:kcu116:part0:1.4 available at C:/Users/aneel/Downloads/vivado/Vivado/2023.2/data/xhub/boards/XilinxBoardStore/boards/Xilinx/kcu116/1.4/board.xml as part xcku5p-ffvb676-2-e specified in board_part file is either invalid or not available
WARNING: [Board 49-26] cannot add Board Part xilinx.com:kcu116:part0:1.5 available at C:/Users/aneel/Downloads/vivado/Vivado/2023.2/data/xhub/boards/XilinxBoardStore/boards/Xilinx/kcu116/1.5/board.xml as part xcku5p-ffvb676-2-e specified in board_part file is either invalid or not available
WARNING: [Board 49-26] cannot add Board Part xilinx.com:kcu1500:part0:1.2 available at C:/Users/aneel/Downloads/vivado/Vivado/2023.2/data/xhub/boards/XilinxBoardStore/boards/Xilinx/kcu1500/1.2/board.xml as part xcku115-flvb2104-2-e specified in board_part file is either invalid or not available
WARNING: [Board 49-26] cannot add Board Part xilinx.com:kd240_som:part0:1.0 available at C:/Users/aneel/Downloads/vivado/Vivado/2023.2/data/xhub/boards/XilinxBoardStore/boards/Xilinx/kd240_som/1.0/board.xml as part xck24-ubva530-2lv-c specified in board_part file is either invalid or not available
WARNING: [Board 49-26] cannot add Board Part xilinx.com:kr260_som:part0:1.0 available at C:/Users/aneel/Downloads/vivado/Vivado/2023.2/data/xhub/boards/XilinxBoardStore/boards/Xilinx/kr260_som/1.0/board.xml as part xck26-sfvc784-2lv-c specified in board_part file is either invalid or not available
WARNING: [Board 49-26] cannot add Board Part xilinx.com:kr260_som:part0:1.1 available at C:/Users/aneel/Downloads/vivado/Vivado/2023.2/data/xhub/boards/XilinxBoardStore/boards/Xilinx/kr260_som/1.1/board.xml as part xck26-sfvc784-2lv-c specified in board_part file is either invalid or not available
WARNING: [Board 49-26] cannot add Board Part xilinx.com:kv260_som:part0:1.2 available at C:/Users/aneel/Downloads/vivado/Vivado/2023.2/data/xhub/boards/XilinxBoardStore/boards/Xilinx/kv260_som/1.2/board.xml as part xck26-sfvc784-2lv-c specified in board_part file is either invalid or not available
WARNING: [Board 49-26] cannot add Board Part xilinx.com:kv260_som:part0:1.3 available at C:/Users/aneel/Downloads/vivado/Vivado/2023.2/data/xhub/boards/XilinxBoardStore/boards/Xilinx/kv260_som/1.3/board.xml as part xck26-sfvc784-2lv-c specified in board_part file is either invalid or not available
WARNING: [Board 49-26] cannot add Board Part xilinx.com:kv260_som:part0:1.4 available at C:/Users/aneel/Downloads/vivado/Vivado/2023.2/data/xhub/boards/XilinxBoardStore/boards/Xilinx/kv260_som/1.4/board.xml as part xck26-sfvc784-2lv-c specified in board_part file is either invalid or not available
WARNING: [Board 49-26] cannot add Board Part xilinx.com:sp701:part0:1.0 available at C:/Users/aneel/Downloads/vivado/Vivado/2023.2/data/xhub/boards/XilinxBoardStore/boards/Xilinx/sp701/1.0/board.xml as part xc7s100fgga676-2 specified in board_part file is either invalid or not available
WARNING: [Board 49-26] cannot add Board Part xilinx.com:sp701:part0:1.1 available at C:/Users/aneel/Downloads/vivado/Vivado/2023.2/data/xhub/boards/XilinxBoardStore/boards/Xilinx/sp701/1.1/board.xml as part xc7s100fgga676-2 specified in board_part file is either invalid or not available
WARNING: [Board 49-26] cannot add Board Part xilinx.com:vc707:part0:1.4 available at C:/Users/aneel/Downloads/vivado/Vivado/2023.2/data/xhub/boards/XilinxBoardStore/boards/Xilinx/vc707/1.4/board.xml as part xc7vx485tffg1761-2 specified in board_part file is either invalid or not available
WARNING: [Board 49-26] cannot add Board Part xilinx.com:vc709:part0:1.8 available at C:/Users/aneel/Downloads/vivado/Vivado/2023.2/data/xhub/boards/XilinxBoardStore/boards/Xilinx/vc709/1.8/board.xml as part xc7vx690tffg1761-2 specified in board_part file is either invalid or not available
WARNING: [Board 49-26] cannot add Board Part xilinx.com:vck190:part0:2.2 available at C:/Users/aneel/Downloads/vivado/Vivado/2023.2/data/xhub/boards/XilinxBoardStore/boards/Xilinx/vck190/production/2.2/board.xml as part xcvc1902-vsva2197-2mp-e-s specified in board_part file is either invalid or not available
WARNING: [Board 49-26] cannot add Board Part xilinx.com:vck190:part0:3.0 available at C:/Users/aneel/Downloads/vivado/Vivado/2023.2/data/xhub/boards/XilinxBoardStore/boards/Xilinx/vck190/production/3.0/board.xml as part xcvc1902-vsva2197-2mp-e-s specified in board_part file is either invalid or not available
WARNING: [Board 49-26] cannot add Board Part xilinx.com:vck190:part0:3.1 available at C:/Users/aneel/Downloads/vivado/Vivado/2023.2/data/xhub/boards/XilinxBoardStore/boards/Xilinx/vck190/production/3.1/board.xml as part xcvc1902-vsva2197-2mp-e-s specified in board_part file is either invalid or not available
WARNING: [Board 49-26] cannot add Board Part xilinx.com:vck190:part0:3.2 available at C:/Users/aneel/Downloads/vivado/Vivado/2023.2/data/xhub/boards/XilinxBoardStore/boards/Xilinx/vck190/production/3.2/board.xml as part xcvc1902-vsva2197-2mp-e-s specified in board_part file is either invalid or not available
WARNING: [Board 49-26] cannot add Board Part xilinx.com:vck190_newl:part0:1.0 available at C:/Users/aneel/Downloads/vivado/Vivado/2023.2/data/xhub/boards/XilinxBoardStore/boards/Xilinx/vck190_newl/production/1.0/board.xml as part xcvc1902-vsva2197-2mp-e-s specified in board_part file is either invalid or not available
WARNING: [Board 49-26] cannot add Board Part xilinx.com:vck190_newl:part0:1.1 available at C:/Users/aneel/Downloads/vivado/Vivado/2023.2/data/xhub/boards/XilinxBoardStore/boards/Xilinx/vck190_newl/production/1.1/board.xml as part xcvc1902-vsva2197-2mp-e-s specified in board_part file is either invalid or not available
WARNING: [Board 49-26] cannot add Board Part xilinx.com:vcu108:part0:1.6 available at C:/Users/aneel/Downloads/vivado/Vivado/2023.2/data/xhub/boards/XilinxBoardStore/boards/Xilinx/vcu108/1.6/board.xml as part xcvu095-ffva2104-2-e specified in board_part file is either invalid or not available
WARNING: [Board 49-26] cannot add Board Part xilinx.com:vcu108:part0:1.7 available at C:/Users/aneel/Downloads/vivado/Vivado/2023.2/data/xhub/boards/XilinxBoardStore/boards/Xilinx/vcu108/1.7/board.xml as part xcvu095-ffva2104-2-e specified in board_part file is either invalid or not available
WARNING: [Board 49-26] cannot add Board Part xilinx.com:vcu110:part0:1.4 available at C:/Users/aneel/Downloads/vivado/Vivado/2023.2/data/xhub/boards/XilinxBoardStore/boards/Xilinx/vcu110/1.4/board.xml as part xcvu190-flgc2104-2-e specified in board_part file is either invalid or not available
WARNING: [Board 49-26] cannot add Board Part xilinx.com:vcu118:part0:2.0 available at C:/Users/aneel/Downloads/vivado/Vivado/2023.2/data/xhub/boards/XilinxBoardStore/boards/Xilinx/vcu118/2.0/board.xml as part xcvu9p-flga2104-2l-e specified in board_part file is either invalid or not available
WARNING: [Board 49-26] cannot add Board Part xilinx.com:vcu118:part0:2.3 available at C:/Users/aneel/Downloads/vivado/Vivado/2023.2/data/xhub/boards/XilinxBoardStore/boards/Xilinx/vcu118/2.3/board.xml as part xcvu9p-flga2104-2l-e specified in board_part file is either invalid or not available
WARNING: [Board 49-26] cannot add Board Part xilinx.com:vcu118:part0:2.4 available at C:/Users/aneel/Downloads/vivado/Vivado/2023.2/data/xhub/boards/XilinxBoardStore/boards/Xilinx/vcu118/2.4/board.xml as part xcvu9p-flga2104-2l-e specified in board_part file is either invalid or not available
WARNING: [Board 49-26] cannot add Board Part xilinx.com:vcu128:part0:1.0 available at C:/Users/aneel/Downloads/vivado/Vivado/2023.2/data/xhub/boards/XilinxBoardStore/boards/Xilinx/vcu128/production/1.0/board.xml as part xcvu37p-fsvh2892-2l-e specified in board_part file is either invalid or not available
WARNING: [Board 49-26] cannot add Board Part xilinx.com:vcu129:part0:1.0 available at C:/Users/aneel/Downloads/vivado/Vivado/2023.2/data/xhub/boards/XilinxBoardStore/boards/Xilinx/vcu129/production/1.0/board.xml as part xcvu29p-fsga2577-2l-e specified in board_part file is either invalid or not available
WARNING: [Board 49-26] cannot add Board Part xilinx.com:vcu1525:part0:1.3 available at C:/Users/aneel/Downloads/vivado/Vivado/2023.2/data/xhub/boards/XilinxBoardStore/boards/Xilinx/vcu1525/1.3/board.xml as part xcvu9p-fsgd2104-2l-e specified in board_part file is either invalid or not available
WARNING: [Board 49-26] cannot add Board Part xilinx.com:vek280:part0:1.0 available at C:/Users/aneel/Downloads/vivado/Vivado/2023.2/data/xhub/boards/XilinxBoardStore/boards/Xilinx/vek280/production/1.0/board.xml as part xcve2802-vsvh1760-2mp-e-s specified in board_part file is either invalid or not available
WARNING: [Board 49-26] cannot add Board Part xilinx.com:vek280_es:part0:1.0 available at C:/Users/aneel/Downloads/vivado/Vivado/2023.2/data/xhub/boards/XilinxBoardStore/boards/Xilinx/vek280/es/rev_a/1.0/board.xml as part xcve2802-vsvh1760-2lp-e-s-es1 specified in board_part file is either invalid or not available
WARNING: [Board 49-26] cannot add Board Part xilinx.com:vek280_es:part0:1.1 available at C:/Users/aneel/Downloads/vivado/Vivado/2023.2/data/xhub/boards/XilinxBoardStore/boards/Xilinx/vek280/es/rev_a/1.1/board.xml as part xcve2802-vsvh1760-2lp-e-s-es1 specified in board_part file is either invalid or not available
WARNING: [Board 49-26] cannot add Board Part xilinx.com:vek280_es_revb:part0:1.0 available at C:/Users/aneel/Downloads/vivado/Vivado/2023.2/data/xhub/boards/XilinxBoardStore/boards/Xilinx/vek280/es/rev_b/1.0/board.xml as part xcve2802-vsvh1760-2mp-e-s-es1 specified in board_part file is either invalid or not available
WARNING: [Board 49-26] cannot add Board Part xilinx.com:vek280_es_revb:part0:1.1 available at C:/Users/aneel/Downloads/vivado/Vivado/2023.2/data/xhub/boards/XilinxBoardStore/boards/Xilinx/vek280/es/rev_b/1.1/board.xml as part xcve2802-vsvh1760-2mp-e-s-es1 specified in board_part file is either invalid or not available
WARNING: [Board 49-26] cannot add Board Part xilinx.com:vermeo_t1_mpsoc:part0:1.0 available at C:/Users/aneel/Downloads/vivado/Vivado/2023.2/data/xhub/boards/XilinxBoardStore/boards/Xilinx/vermeo_t1_mpsoc/1.0/board.xml as part xczu19eg-ffvd1760-2l-e specified in board_part file is either invalid or not available
WARNING: [Board 49-26] cannot add Board Part xilinx.com:vermeo_t1_rfsoc:part0:1.0 available at C:/Users/aneel/Downloads/vivado/Vivado/2023.2/data/xhub/boards/XilinxBoardStore/boards/Xilinx/vermeo_t1_rfsoc/1.0/board.xml as part xczu21dr-ffvd1156-2l-e specified in board_part file is either invalid or not available
WARNING: [Board 49-26] cannot add Board Part xilinx.com:vhk158:part0:1.0 available at C:/Users/aneel/Downloads/vivado/Vivado/2023.2/data/xhub/boards/XilinxBoardStore/boards/Xilinx/vhk158/production/1.0/board.xml as part xcvh1582-vsva3697-2mp-e-s specified in board_part file is either invalid or not available
WARNING: [Board 49-26] cannot add Board Part xilinx.com:vhk158:part0:1.1 available at C:/Users/aneel/Downloads/vivado/Vivado/2023.2/data/xhub/boards/XilinxBoardStore/boards/Xilinx/vhk158/production/1.1/board.xml as part xcvh1582-vsva3697-2mp-e-s specified in board_part file is either invalid or not available
WARNING: [Board 49-26] cannot add Board Part xilinx.com:vhk158_es:part0:1.0 available at C:/Users/aneel/Downloads/vivado/Vivado/2023.2/data/xhub/boards/XilinxBoardStore/boards/Xilinx/vhk158/es/1.0/board.xml as part xcvh1582-vsva3697-2mp-e-s-es1 specified in board_part file is either invalid or not available
WARNING: [Board 49-26] cannot add Board Part xilinx.com:vhk158_es:part0:1.1 available at C:/Users/aneel/Downloads/vivado/Vivado/2023.2/data/xhub/boards/XilinxBoardStore/boards/Xilinx/vhk158/es/1.1/board.xml as part xcvh1582-vsva3697-2mp-e-s-es1 specified in board_part file is either invalid or not available
WARNING: [Board 49-26] cannot add Board Part xilinx.com:vmk180:part0:2.2 available at C:/Users/aneel/Downloads/vivado/Vivado/2023.2/data/xhub/boards/XilinxBoardStore/boards/Xilinx/vmk180/production/2.2/board.xml as part xcvm1802-vsva2197-2mp-e-s specified in board_part file is either invalid or not available
WARNING: [Board 49-26] cannot add Board Part xilinx.com:vmk180:part0:3.0 available at C:/Users/aneel/Downloads/vivado/Vivado/2023.2/data/xhub/boards/XilinxBoardStore/boards/Xilinx/vmk180/production/3.0/board.xml as part xcvm1802-vsva2197-2mp-e-s specified in board_part file is either invalid or not available
WARNING: [Board 49-26] cannot add Board Part xilinx.com:vmk180:part0:3.1 available at C:/Users/aneel/Downloads/vivado/Vivado/2023.2/data/xhub/boards/XilinxBoardStore/boards/Xilinx/vmk180/production/3.1/board.xml as part xcvm1802-vsva2197-2mp-e-s specified in board_part file is either invalid or not available
WARNING: [Board 49-26] cannot add Board Part xilinx.com:vmk180:part0:3.2 available at C:/Users/aneel/Downloads/vivado/Vivado/2023.2/data/xhub/boards/XilinxBoardStore/boards/Xilinx/vmk180/production/3.2/board.xml as part xcvm1802-vsva2197-2mp-e-s specified in board_part file is either invalid or not available
WARNING: [Board 49-26] cannot add Board Part xilinx.com:vmk180_newl:part0:1.0 available at C:/Users/aneel/Downloads/vivado/Vivado/2023.2/data/xhub/boards/XilinxBoardStore/boards/Xilinx/vmk180_newl/production/1.0/board.xml as part xcvm1802-vsva2197-2mp-e-s specified in board_part file is either invalid or not available
WARNING: [Board 49-26] cannot add Board Part xilinx.com:vmk180_newl:part0:1.1 available at C:/Users/aneel/Downloads/vivado/Vivado/2023.2/data/xhub/boards/XilinxBoardStore/boards/Xilinx/vmk180_newl/production/1.1/board.xml as part xcvm1802-vsva2197-2mp-e-s specified in board_part file is either invalid or not available
WARNING: [Board 49-26] cannot add Board Part xilinx.com:vpk120:part0:1.0 available at C:/Users/aneel/Downloads/vivado/Vivado/2023.2/data/xhub/boards/XilinxBoardStore/boards/Xilinx/vpk120/production/1.0/board.xml as part xcvp1202-vsva2785-2mp-e-s specified in board_part file is either invalid or not available
WARNING: [Board 49-26] cannot add Board Part xilinx.com:vpk120:part0:1.1 available at C:/Users/aneel/Downloads/vivado/Vivado/2023.2/data/xhub/boards/XilinxBoardStore/boards/Xilinx/vpk120/production/1.1/board.xml as part xcvp1202-vsva2785-2mp-e-s specified in board_part file is either invalid or not available
WARNING: [Board 49-26] cannot add Board Part xilinx.com:vpk120:part0:1.2 available at C:/Users/aneel/Downloads/vivado/Vivado/2023.2/data/xhub/boards/XilinxBoardStore/boards/Xilinx/vpk120/production/1.2/board.xml as part xcvp1202-vsva2785-2mp-e-s specified in board_part file is either invalid or not available
WARNING: [Board 49-26] cannot add Board Part xilinx.com:vpk180:part0:1.0 available at C:/Users/aneel/Downloads/vivado/Vivado/2023.2/data/xhub/boards/XilinxBoardStore/boards/Xilinx/vpk180/production/1.0/board.xml as part xcvp1802-lsvc4072-2mp-e-s specified in board_part file is either invalid or not available
WARNING: [Board 49-26] cannot add Board Part xilinx.com:vpk180:part0:1.1 available at C:/Users/aneel/Downloads/vivado/Vivado/2023.2/data/xhub/boards/XilinxBoardStore/boards/Xilinx/vpk180/production/1.1/board.xml as part xcvp1802-lsvc4072-2mp-e-s specified in board_part file is either invalid or not available
WARNING: [Board 49-26] cannot add Board Part xilinx.com:zc702:part0:1.4 available at C:/Users/aneel/Downloads/vivado/Vivado/2023.2/data/xhub/boards/XilinxBoardStore/boards/Xilinx/zc702/1.4/board.xml as part xc7z020clg484-1 specified in board_part file is either invalid or not available
WARNING: [Board 49-26] cannot add Board Part xilinx.com:zc706:part0:1.4 available at C:/Users/aneel/Downloads/vivado/Vivado/2023.2/data/xhub/boards/XilinxBoardStore/boards/Xilinx/zc706/1.4/board.xml as part xc7z045ffg900-2 specified in board_part file is either invalid or not available
WARNING: [Board 49-26] cannot add Board Part xilinx.com:zcu102:part0:3.3 available at C:/Users/aneel/Downloads/vivado/Vivado/2023.2/data/xhub/boards/XilinxBoardStore/boards/Xilinx/zcu102/3.3/board.xml as part xczu9eg-ffvb1156-2-e specified in board_part file is either invalid or not available
WARNING: [Board 49-26] cannot add Board Part xilinx.com:zcu102:part0:3.4 available at C:/Users/aneel/Downloads/vivado/Vivado/2023.2/data/xhub/boards/XilinxBoardStore/boards/Xilinx/zcu102/3.4/board.xml as part xczu9eg-ffvb1156-2-e specified in board_part file is either invalid or not available
WARNING: [Board 49-26] cannot add Board Part xilinx.com:zcu104:part0:1.1 available at C:/Users/aneel/Downloads/vivado/Vivado/2023.2/data/xhub/boards/XilinxBoardStore/boards/Xilinx/zcu104/1.1/board.xml as part xczu7ev-ffvc1156-2-e specified in board_part file is either invalid or not available
WARNING: [Board 49-26] cannot add Board Part xilinx.com:zcu106:part0:2.4 available at C:/Users/aneel/Downloads/vivado/Vivado/2023.2/data/xhub/boards/XilinxBoardStore/boards/Xilinx/zcu106/2.4/board.xml as part xczu7ev-ffvc1156-2-e specified in board_part file is either invalid or not available
WARNING: [Board 49-26] cannot add Board Part xilinx.com:zcu106:part0:2.5 available at C:/Users/aneel/Downloads/vivado/Vivado/2023.2/data/xhub/boards/XilinxBoardStore/boards/Xilinx/zcu106/2.5/board.xml as part xczu7ev-ffvc1156-2-e specified in board_part file is either invalid or not available
WARNING: [Board 49-26] cannot add Board Part xilinx.com:zcu106:part0:2.6 available at C:/Users/aneel/Downloads/vivado/Vivado/2023.2/data/xhub/boards/XilinxBoardStore/boards/Xilinx/zcu106/2.6/board.xml as part xczu7ev-ffvc1156-2-e specified in board_part file is either invalid or not available
WARNING: [Board 49-26] cannot add Board Part xilinx.com:zcu111:part0:1.2 available at C:/Users/aneel/Downloads/vivado/Vivado/2023.2/data/xhub/boards/XilinxBoardStore/boards/Xilinx/zcu111/1.2/board.xml as part xczu28dr-ffvg1517-2-e specified in board_part file is either invalid or not available
WARNING: [Board 49-26] cannot add Board Part xilinx.com:zcu111:part0:1.3 available at C:/Users/aneel/Downloads/vivado/Vivado/2023.2/data/xhub/boards/XilinxBoardStore/boards/Xilinx/zcu111/1.3/board.xml as part xczu28dr-ffvg1517-2-e specified in board_part file is either invalid or not available
WARNING: [Board 49-26] cannot add Board Part xilinx.com:zcu111:part0:1.4 available at C:/Users/aneel/Downloads/vivado/Vivado/2023.2/data/xhub/boards/XilinxBoardStore/boards/Xilinx/zcu111/1.4/board.xml as part xczu28dr-ffvg1517-2-e specified in board_part file is either invalid or not available
WARNING: [Board 49-26] cannot add Board Part xilinx.com:zcu1275:part0:1.0 available at C:/Users/aneel/Downloads/vivado/Vivado/2023.2/data/xhub/boards/XilinxBoardStore/boards/Xilinx/zcu1275/1.0/board.xml as part xczu29dr-ffvf1760-2-e specified in board_part file is either invalid or not available
WARNING: [Board 49-26] cannot add Board Part xilinx.com:zcu1285:part0:1.0 available at C:/Users/aneel/Downloads/vivado/Vivado/2023.2/data/xhub/boards/XilinxBoardStore/boards/Xilinx/zcu1285/1.0/board.xml as part xczu39dr-ffvf1760-2-i specified in board_part file is either invalid or not available
WARNING: [Board 49-26] cannot add Board Part xilinx.com:zcu208:part0:2.0 available at C:/Users/aneel/Downloads/vivado/Vivado/2023.2/data/xhub/boards/XilinxBoardStore/boards/Xilinx/zcu208/production/2.0/board.xml as part xczu48dr-fsvg1517-2-e specified in board_part file is either invalid or not available
WARNING: [Board 49-26] cannot add Board Part xilinx.com:zcu208ld:part0:2.0 available at C:/Users/aneel/Downloads/vivado/Vivado/2023.2/data/xhub/boards/XilinxBoardStore/boards/Xilinx/zcu208ld/production/2.0/board.xml as part xczu58dr-fsvg1517-2-i specified in board_part file is either invalid or not available
WARNING: [Board 49-26] cannot add Board Part xilinx.com:zcu216:part0:2.0 available at C:/Users/aneel/Downloads/vivado/Vivado/2023.2/data/xhub/boards/XilinxBoardStore/boards/Xilinx/zcu216/production/2.0/board.xml as part xczu49dr-ffvf1760-2-e specified in board_part file is either invalid or not available
WARNING: [Board 49-26] cannot add Board Part xilinx.com:zcu216ld:part0:2.0 available at C:/Users/aneel/Downloads/vivado/Vivado/2023.2/data/xhub/boards/XilinxBoardStore/boards/Xilinx/zcu216ld/production/2.0/board.xml as part xczu59dr-ffvf1760-2-i specified in board_part file is either invalid or not available
WARNING: [Board 49-26] cannot add Board Part xilinx.com:zcu670:part0:2.0 available at C:/Users/aneel/Downloads/vivado/Vivado/2023.2/data/xhub/boards/XilinxBoardStore/boards/Xilinx/zcu670/2.0/board.xml as part xczu67dr-fsve1156-2-i specified in board_part file is either invalid or not available
WARNING: [Board 49-26] cannot add Board Part xilinx.com:zcu670ld:part0:1.0 available at C:/Users/aneel/Downloads/vivado/Vivado/2023.2/data/xhub/boards/XilinxBoardStore/boards/Xilinx/zcu670ld/1.0/board.xml as part xczu57dr-fsve1156-2-i specified in board_part file is either invalid or not available
INFO: [filemgmt 56-3] Default IP Output Path : Could not find the directory 'C:/Users/aneel/Downloads/CSE100 LABS/lab6INTIAL/lab6INTIAL.gen/sources_1'.
Scanning sources...
Finished scanning sources
WARNING: [Board 49-151] The current board 'digilentinc.com::basys3:1.2' is from a local repo. The vivado install has a corresponding board with version greater than or equal to the local repo board. Please use boards from vivado install to avoid any upgrade/migrate issues
INFO: [IP_Flow 19-234] Refreshing IP repositories
INFO: [IP_Flow 19-1704] No user IP repositories specified
INFO: [IP_Flow 19-2313] Loaded Vivado IP repository 'C:/Users/aneel/Downloads/vivado/Vivado/2023.2/data/ip'.
open_project: Time (s): cpu = 00:00:41 ; elapsed = 00:00:27 . Memory (MB): peak = 1456.887 ; gain = 426.121
update_compile_order -fileset sources_1
open_hw_manager
connect_hw_server -allow_non_jtag
INFO: [Labtools 27-2285] Connecting to hw_server url TCP:localhost:3121
INFO: [Labtools 27-2222] Launching hw_server...
INFO: [Labtools 27-2221] Launch Output:
ECHO is off.
ECHO is off.

****** Xilinx hw_server v2023.2
  **** Build date : Oct 13 2023 at 21:31:40
    ** Copyright 1986-2022 Xilinx, Inc. All Rights Reserved.


INFO: [Labtools 27-3415] Connecting to cs_server url TCP:localhost:0
INFO: [Labtools 27-3417] Launching cs_server...
INFO: [Labtools 27-2221] Launch Output:
ECHO is off.
ECHO is off.


******** Xilinx cs_server v2023.2.0
  ****** Build date   : Oct 09 2023-21:01:56
    **** Build number : 2023.2.1696910516
      ** Copyright 2017-2022 Xilinx, Inc. All Rights Reserved.
      ** Copyright 2022-2026 Advanced Micro Devices, Inc. All Rights Reserved.



connect_hw_server: Time (s): cpu = 00:00:02 ; elapsed = 00:00:11 . Memory (MB): peak = 1494.613 ; gain = 3.469
open_hw_target
INFO: [Labtoolstcl 44-466] Opening hw_target localhost:3121/xilinx_tcf/Digilent/210183ACA9DFA
set_property PROGRAM.FILE {C:/Users/aneel/Downloads/CSE100 LABS/lab6INTIAL/lab6INTIAL.runs/impl_1/top.bit} [get_hw_devices xc7a35t_0]
current_hw_device [get_hw_devices xc7a35t_0]
refresh_hw_device -update_hw_probes false [lindex [get_hw_devices xc7a35t_0] 0]
INFO: [Labtools 27-1434] Device xc7a35t (JTAG device index = 0) is programmed with a design that has no supported debug core(s) in it.
set_property PROBES.FILE {} [get_hw_devices xc7a35t_0]
set_property FULL_PROBES.FILE {} [get_hw_devices xc7a35t_0]
set_property PROGRAM.FILE {C:/Users/aneel/Downloads/CSE100 LABS/lab6INTIAL/lab6INTIAL.runs/impl_1/top.bit} [get_hw_devices xc7a35t_0]
program_hw_devices [get_hw_devices xc7a35t_0]
INFO: [Labtools 27-3164] End of startup status: HIGH
refresh_hw_device [lindex [get_hw_devices xc7a35t_0] 0]
INFO: [Labtools 27-1434] Device xc7a35t (JTAG device index = 0) is programmed with a design that has no supported debug core(s) in it.
WARNING: [filemgmt 56-199] Attempt to get parsing info during refresh. "On-the-fly" syntax checking information may be incorrect. [C:\Users\aneel\Downloads\CSE100 LABS\lab6INTIAL\lab6INTIAL.srcs\sources_1\new\top.v:]
WARNING: [filemgmt 56-199] Attempt to get parsing info during refresh. "On-the-fly" syntax checking information may be incorrect. [C:\Users\aneel\Downloads\CSE100 LABS\lab6INTIAL\lab6INTIAL.srcs\sources_1\new\applefsm1.v:]
ERROR: [Common 17-180] Spawn failed: No error
WARNING: [filemgmt 56-199] Attempt to get parsing info during refresh. "On-the-fly" syntax checking information may be incorrect. [C:\Users\aneel\Downloads\CSE100 LABS\lab6INTIAL\lab6INTIAL.srcs\sources_1\new\top.v:]
WARNING: [filemgmt 56-199] Attempt to get parsing info during refresh. "On-the-fly" syntax checking information may be incorrect. [C:\Users\aneel\Downloads\CSE100 LABS\lab6INTIAL\lab6INTIAL.srcs\sources_1\new\applefsm1.v:]
ERROR: [Common 17-180] Spawn failed: No error
WARNING: [filemgmt 56-199] Attempt to get parsing info during refresh. "On-the-fly" syntax checking information may be incorrect. [C:\Users\aneel\Downloads\CSE100 LABS\lab6INTIAL\lab6INTIAL.srcs\sources_1\new\top.v:]
WARNING: [filemgmt 56-199] Attempt to get parsing info during refresh. "On-the-fly" syntax checking information may be incorrect. [C:\Users\aneel\Downloads\CSE100 LABS\lab6INTIAL\lab6INTIAL.srcs\sources_1\new\applefsm1.v:]
ERROR: [Common 17-180] Spawn failed: No error
WARNING: [filemgmt 56-199] Attempt to get parsing info during refresh. "On-the-fly" syntax checking information may be incorrect. [C:\Users\aneel\Downloads\CSE100 LABS\lab6INTIAL\lab6INTIAL.srcs\sources_1\new\top.v:]
WARNING: [filemgmt 56-199] Attempt to get parsing info during refresh. "On-the-fly" syntax checking information may be incorrect. [C:\Users\aneel\Downloads\CSE100 LABS\lab6INTIAL\lab6INTIAL.srcs\sources_1\new\applefsm1.v:]
ERROR: [Common 17-180] Spawn failed: No error
reset_run synth_1
INFO: [Project 1-1161] Replacing file C:/Users/aneel/Downloads/CSE100 LABS/lab6INTIAL/lab6INTIAL.srcs/utils_1/imports/synth_1/top.dcp with file C:/Users/aneel/Downloads/CSE100 LABS/lab6INTIAL/lab6INTIAL.runs/synth_1/top.dcp
WARNING: [filemgmt 56-199] Attempt to get parsing info during refresh. "On-the-fly" syntax checking information may be incorrect. [C:\Users\aneel\Downloads\CSE100 LABS\lab6INTIAL\lab6INTIAL.srcs\sources_1\new\top.v:]
WARNING: [filemgmt 56-199] Attempt to get parsing info during refresh. "On-the-fly" syntax checking information may be incorrect. [C:\Users\aneel\Downloads\CSE100 LABS\lab6INTIAL\lab6INTIAL.srcs\sources_1\new\applefsm1.v:]
ERROR: [Common 17-180] Spawn failed: No error
launch_runs impl_1 -to_step write_bitstream -jobs 8
[Wed Mar  4 15:54:00 2026] Launched synth_1...
Run output will be captured here: C:/Users/aneel/Downloads/CSE100 LABS/lab6INTIAL/lab6INTIAL.runs/synth_1/runme.log
[Wed Mar  4 15:54:00 2026] Launched impl_1...
Run output will be captured here: C:/Users/aneel/Downloads/CSE100 LABS/lab6INTIAL/lab6INTIAL.runs/impl_1/runme.log
WARNING: [filemgmt 56-199] Attempt to get parsing info during refresh. "On-the-fly" syntax checking information may be incorrect. [C:\Users\aneel\Downloads\CSE100 LABS\lab6INTIAL\lab6INTIAL.srcs\sources_1\new\top.v:]
WARNING: [filemgmt 56-199] Attempt to get parsing info during refresh. "On-the-fly" syntax checking information may be incorrect. [C:\Users\aneel\Downloads\CSE100 LABS\lab6INTIAL\lab6INTIAL.srcs\sources_1\new\applefsm1.v:]
ERROR: [Common 17-180] Spawn failed: No error
WARNING: [filemgmt 56-199] Attempt to get parsing info during refresh. "On-the-fly" syntax checking information may be incorrect. [C:\Users\aneel\Downloads\CSE100 LABS\lab6INTIAL\lab6INTIAL.srcs\sources_1\new\top.v:]
WARNING: [filemgmt 56-199] Attempt to get parsing info during refresh. "On-the-fly" syntax checking information may be incorrect. [C:\Users\aneel\Downloads\CSE100 LABS\lab6INTIAL\lab6INTIAL.srcs\sources_1\new\applefsm1.v:]
ERROR: [Common 17-180] Spawn failed: No error
reset_run synth_1
launch_runs impl_1 -to_step write_bitstream -jobs 8
[Wed Mar  4 16:52:21 2026] Launched synth_1...
Run output will be captured here: C:/Users/aneel/Downloads/CSE100 LABS/lab6INTIAL/lab6INTIAL.runs/synth_1/runme.log
[Wed Mar  4 16:52:21 2026] Launched impl_1...
Run output will be captured here: C:/Users/aneel/Downloads/CSE100 LABS/lab6INTIAL/lab6INTIAL.runs/impl_1/runme.log
set_property PROBES.FILE {} [get_hw_devices xc7a35t_0]
set_property FULL_PROBES.FILE {} [get_hw_devices xc7a35t_0]
set_property PROGRAM.FILE {C:/Users/aneel/Downloads/CSE100 LABS/lab6INTIAL/lab6INTIAL.runs/impl_1/top.bit} [get_hw_devices xc7a35t_0]
program_hw_devices [get_hw_devices xc7a35t_0]
INFO: [Labtools 27-3164] End of startup status: HIGH
refresh_hw_device [lindex [get_hw_devices xc7a35t_0] 0]
INFO: [Labtools 27-1434] Device xc7a35t (JTAG device index = 0) is programmed with a design that has no supported debug core(s) in it.
WARNING: [filemgmt 56-199] Attempt to get parsing info during refresh. "On-the-fly" syntax checking information may be incorrect. [C:\Users\aneel\Downloads\CSE100 LABS\lab6INTIAL\lab6INTIAL.srcs\sources_1\new\top.v:]
WARNING: [filemgmt 56-199] Attempt to get parsing info during refresh. "On-the-fly" syntax checking information may be incorrect. [C:\Users\aneel\Downloads\CSE100 LABS\lab6INTIAL\lab6INTIAL.srcs\sources_1\new\applefsm1.v:]
ERROR: [Common 17-180] Spawn failed: No error
WARNING: [filemgmt 56-199] Attempt to get parsing info during refresh. "On-the-fly" syntax checking information may be incorrect. [C:\Users\aneel\Downloads\CSE100 LABS\lab6INTIAL\lab6INTIAL.srcs\sources_1\new\top.v:]
WARNING: [filemgmt 56-199] Attempt to get parsing info during refresh. "On-the-fly" syntax checking information may be incorrect. [C:\Users\aneel\Downloads\CSE100 LABS\lab6INTIAL\lab6INTIAL.srcs\sources_1\new\applefsm1.v:]
ERROR: [Common 17-180] Spawn failed: No error
WARNING: [filemgmt 56-199] Attempt to get parsing info during refresh. "On-the-fly" syntax checking information may be incorrect. [C:\Users\aneel\Downloads\CSE100 LABS\lab6INTIAL\lab6INTIAL.srcs\sources_1\new\top.v:]
WARNING: [filemgmt 56-199] Attempt to get parsing info during refresh. "On-the-fly" syntax checking information may be incorrect. [C:\Users\aneel\Downloads\CSE100 LABS\lab6INTIAL\lab6INTIAL.srcs\sources_1\new\applefsm1.v:]
ERROR: [Common 17-180] Spawn failed: No error
WARNING: [filemgmt 56-199] Attempt to get parsing info during refresh. "On-the-fly" syntax checking information may be incorrect. [C:\Users\aneel\Downloads\CSE100 LABS\lab6INTIAL\lab6INTIAL.srcs\sources_1\new\top.v:]
WARNING: [filemgmt 56-199] Attempt to get parsing info during refresh. "On-the-fly" syntax checking information may be incorrect. [C:\Users\aneel\Downloads\CSE100 LABS\lab6INTIAL\lab6INTIAL.srcs\sources_1\new\applefsm1.v:]
ERROR: [Common 17-180] Spawn failed: No error
WARNING: [filemgmt 56-199] Attempt to get parsing info during refresh. "On-the-fly" syntax checking information may be incorrect. [C:\Users\aneel\Downloads\CSE100 LABS\lab6INTIAL\lab6INTIAL.srcs\sources_1\new\top.v:]
WARNING: [filemgmt 56-199] Attempt to get parsing info during refresh. "On-the-fly" syntax checking information may be incorrect. [C:\Users\aneel\Downloads\CSE100 LABS\lab6INTIAL\lab6INTIAL.srcs\sources_1\new\applefsm1.v:]
ERROR: [Common 17-180] Spawn failed: No error
reset_run synth_1
INFO: [Project 1-1161] Replacing file C:/Users/aneel/Downloads/CSE100 LABS/lab6INTIAL/lab6INTIAL.srcs/utils_1/imports/synth_1/top.dcp with file C:/Users/aneel/Downloads/CSE100 LABS/lab6INTIAL/lab6INTIAL.runs/synth_1/top.dcp
WARNING: [filemgmt 56-199] Attempt to get parsing info during refresh. "On-the-fly" syntax checking information may be incorrect. [C:\Users\aneel\Downloads\CSE100 LABS\lab6INTIAL\lab6INTIAL.srcs\sources_1\new\top.v:]
WARNING: [filemgmt 56-199] Attempt to get parsing info during refresh. "On-the-fly" syntax checking information may be incorrect. [C:\Users\aneel\Downloads\CSE100 LABS\lab6INTIAL\lab6INTIAL.srcs\sources_1\new\applefsm1.v:]
ERROR: [Common 17-180] Spawn failed: No error
launch_runs impl_1 -to_step write_bitstream -jobs 8
[Wed Mar  4 17:09:49 2026] Launched synth_1...
Run output will be captured here: C:/Users/aneel/Downloads/CSE100 LABS/lab6INTIAL/lab6INTIAL.runs/synth_1/runme.log
[Wed Mar  4 17:09:49 2026] Launched impl_1...
Run output will be captured here: C:/Users/aneel/Downloads/CSE100 LABS/lab6INTIAL/lab6INTIAL.runs/impl_1/runme.log
set_property PROBES.FILE {} [get_hw_devices xc7a35t_0]
set_property FULL_PROBES.FILE {} [get_hw_devices xc7a35t_0]
set_property PROGRAM.FILE {C:/Users/aneel/Downloads/CSE100 LABS/lab6INTIAL/lab6INTIAL.runs/impl_1/top.bit} [get_hw_devices xc7a35t_0]
program_hw_devices [get_hw_devices xc7a35t_0]
INFO: [Labtools 27-3164] End of startup status: HIGH
refresh_hw_device [lindex [get_hw_devices xc7a35t_0] 0]
INFO: [Labtools 27-1434] Device xc7a35t (JTAG device index = 0) is programmed with a design that has no supported debug core(s) in it.
WARNING: [filemgmt 56-199] Attempt to get parsing info during refresh. "On-the-fly" syntax checking information may be incorrect. [C:\Users\aneel\Downloads\CSE100 LABS\lab6INTIAL\lab6INTIAL.srcs\sources_1\new\top.v:]
WARNING: [filemgmt 56-199] Attempt to get parsing info during refresh. "On-the-fly" syntax checking information may be incorrect. [C:\Users\aneel\Downloads\CSE100 LABS\lab6INTIAL\lab6INTIAL.srcs\sources_1\new\applefsm1.v:]
ERROR: [Common 17-180] Spawn failed: No error
reset_run synth_1
INFO: [Project 1-1161] Replacing file C:/Users/aneel/Downloads/CSE100 LABS/lab6INTIAL/lab6INTIAL.srcs/utils_1/imports/synth_1/top.dcp with file C:/Users/aneel/Downloads/CSE100 LABS/lab6INTIAL/lab6INTIAL.runs/synth_1/top.dcp
WARNING: [filemgmt 56-199] Attempt to get parsing info during refresh. "On-the-fly" syntax checking information may be incorrect. [C:\Users\aneel\Downloads\CSE100 LABS\lab6INTIAL\lab6INTIAL.srcs\sources_1\new\top.v:]
WARNING: [filemgmt 56-199] Attempt to get parsing info during refresh. "On-the-fly" syntax checking information may be incorrect. [C:\Users\aneel\Downloads\CSE100 LABS\lab6INTIAL\lab6INTIAL.srcs\sources_1\new\applefsm1.v:]
ERROR: [Common 17-180] Spawn failed: No error
launch_runs impl_1 -to_step write_bitstream -jobs 8
[Wed Mar  4 17:15:06 2026] Launched synth_1...
Run output will be captured here: C:/Users/aneel/Downloads/CSE100 LABS/lab6INTIAL/lab6INTIAL.runs/synth_1/runme.log
[Wed Mar  4 17:15:06 2026] Launched impl_1...
Run output will be captured here: C:/Users/aneel/Downloads/CSE100 LABS/lab6INTIAL/lab6INTIAL.runs/impl_1/runme.log
set_property PROBES.FILE {} [get_hw_devices xc7a35t_0]
set_property FULL_PROBES.FILE {} [get_hw_devices xc7a35t_0]
set_property PROGRAM.FILE {C:/Users/aneel/Downloads/CSE100 LABS/lab6INTIAL/lab6INTIAL.runs/impl_1/top.bit} [get_hw_devices xc7a35t_0]
program_hw_devices [get_hw_devices xc7a35t_0]
INFO: [Labtools 27-3164] End of startup status: HIGH
refresh_hw_device [lindex [get_hw_devices xc7a35t_0] 0]
INFO: [Labtools 27-1434] Device xc7a35t (JTAG device index = 0) is programmed with a design that has no supported debug core(s) in it.
set_property PROBES.FILE {} [get_hw_devices xc7a35t_0]
set_property FULL_PROBES.FILE {} [get_hw_devices xc7a35t_0]
set_property PROGRAM.FILE {C:/Users/aneel/Downloads/CSE100 LABS/lab6INTIAL/lab6INTIAL.runs/impl_1/top.bit} [get_hw_devices xc7a35t_0]
program_hw_devices [get_hw_devices xc7a35t_0]
INFO: [Labtools 27-3164] End of startup status: HIGH
refresh_hw_device [lindex [get_hw_devices xc7a35t_0] 0]
INFO: [Labtools 27-1434] Device xc7a35t (JTAG device index = 0) is programmed with a design that has no supported debug core(s) in it.
WARNING: [filemgmt 56-199] Attempt to get parsing info during refresh. "On-the-fly" syntax checking information may be incorrect. [C:\Users\aneel\Downloads\CSE100 LABS\lab6INTIAL\lab6INTIAL.srcs\sources_1\new\top.v:]
WARNING: [filemgmt 56-199] Attempt to get parsing info during refresh. "On-the-fly" syntax checking information may be incorrect. [C:\Users\aneel\Downloads\CSE100 LABS\lab6INTIAL\lab6INTIAL.srcs\sources_1\new\applefsm1.v:]
ERROR: [Common 17-180] Spawn failed: No error
reset_run synth_1
INFO: [Project 1-1161] Replacing file C:/Users/aneel/Downloads/CSE100 LABS/lab6INTIAL/lab6INTIAL.srcs/utils_1/imports/synth_1/top.dcp with file C:/Users/aneel/Downloads/CSE100 LABS/lab6INTIAL/lab6INTIAL.runs/synth_1/top.dcp
WARNING: [filemgmt 56-199] Attempt to get parsing info during refresh. "On-the-fly" syntax checking information may be incorrect. [C:\Users\aneel\Downloads\CSE100 LABS\lab6INTIAL\lab6INTIAL.srcs\sources_1\new\top.v:]
WARNING: [filemgmt 56-199] Attempt to get parsing info during refresh. "On-the-fly" syntax checking information may be incorrect. [C:\Users\aneel\Downloads\CSE100 LABS\lab6INTIAL\lab6INTIAL.srcs\sources_1\new\applefsm1.v:]
launch_runs impl_1 -to_step write_bitstream -jobs 8
[Wed Mar  4 17:23:23 2026] Launched synth_1...
Run output will be captured here: C:/Users/aneel/Downloads/CSE100 LABS/lab6INTIAL/lab6INTIAL.runs/synth_1/runme.log
[Wed Mar  4 17:23:23 2026] Launched impl_1...
Run output will be captured here: C:/Users/aneel/Downloads/CSE100 LABS/lab6INTIAL/lab6INTIAL.runs/impl_1/runme.log
ERROR: [Common 17-180] Spawn failed: No error
set_property PROBES.FILE {} [get_hw_devices xc7a35t_0]
set_property FULL_PROBES.FILE {} [get_hw_devices xc7a35t_0]
set_property PROGRAM.FILE {C:/Users/aneel/Downloads/CSE100 LABS/lab6INTIAL/lab6INTIAL.runs/impl_1/top.bit} [get_hw_devices xc7a35t_0]
program_hw_devices [get_hw_devices xc7a35t_0]
INFO: [Labtools 27-3164] End of startup status: HIGH
refresh_hw_device [lindex [get_hw_devices xc7a35t_0] 0]
INFO: [Labtools 27-1434] Device xc7a35t (JTAG device index = 0) is programmed with a design that has no supported debug core(s) in it.
WARNING: [filemgmt 56-199] Attempt to get parsing info during refresh. "On-the-fly" syntax checking information may be incorrect. [C:\Users\aneel\Downloads\CSE100 LABS\lab6INTIAL\lab6INTIAL.srcs\sources_1\new\top.v:]
WARNING: [filemgmt 56-199] Attempt to get parsing info during refresh. "On-the-fly" syntax checking information may be incorrect. [C:\Users\aneel\Downloads\CSE100 LABS\lab6INTIAL\lab6INTIAL.srcs\sources_1\new\applefsm1.v:]
ERROR: [Common 17-180] Spawn failed: No error
reset_run synth_1
INFO: [Project 1-1161] Replacing file C:/Users/aneel/Downloads/CSE100 LABS/lab6INTIAL/lab6INTIAL.srcs/utils_1/imports/synth_1/top.dcp with file C:/Users/aneel/Downloads/CSE100 LABS/lab6INTIAL/lab6INTIAL.runs/synth_1/top.dcp
WARNING: [filemgmt 56-199] Attempt to get parsing info during refresh. "On-the-fly" syntax checking information may be incorrect. [C:\Users\aneel\Downloads\CSE100 LABS\lab6INTIAL\lab6INTIAL.srcs\sources_1\new\top.v:]
WARNING: [filemgmt 56-199] Attempt to get parsing info during refresh. "On-the-fly" syntax checking information may be incorrect. [C:\Users\aneel\Downloads\CSE100 LABS\lab6INTIAL\lab6INTIAL.srcs\sources_1\new\applefsm1.v:]
ERROR: [Common 17-180] Spawn failed: No error
launch_runs impl_1 -to_step write_bitstream -jobs 8
[Wed Mar  4 17:35:14 2026] Launched synth_1...
Run output will be captured here: C:/Users/aneel/Downloads/CSE100 LABS/lab6INTIAL/lab6INTIAL.runs/synth_1/runme.log
[Wed Mar  4 17:35:14 2026] Launched impl_1...
Run output will be captured here: C:/Users/aneel/Downloads/CSE100 LABS/lab6INTIAL/lab6INTIAL.runs/impl_1/runme.log
set_property PROBES.FILE {} [get_hw_devices xc7a35t_0]
set_property FULL_PROBES.FILE {} [get_hw_devices xc7a35t_0]
set_property PROGRAM.FILE {C:/Users/aneel/Downloads/CSE100 LABS/lab6INTIAL/lab6INTIAL.runs/impl_1/top.bit} [get_hw_devices xc7a35t_0]
program_hw_devices [get_hw_devices xc7a35t_0]
INFO: [Labtools 27-3164] End of startup status: HIGH
refresh_hw_device [lindex [get_hw_devices xc7a35t_0] 0]
INFO: [Labtools 27-1434] Device xc7a35t (JTAG device index = 0) is programmed with a design that has no supported debug core(s) in it.
WARNING: [filemgmt 56-199] Attempt to get parsing info during refresh. "On-the-fly" syntax checking information may be incorrect. [C:\Users\aneel\Downloads\CSE100 LABS\lab6INTIAL\lab6INTIAL.srcs\sources_1\new\top.v:]
WARNING: [filemgmt 56-199] Attempt to get parsing info during refresh. "On-the-fly" syntax checking information may be incorrect. [C:\Users\aneel\Downloads\CSE100 LABS\lab6INTIAL\lab6INTIAL.srcs\sources_1\new\applefsm1.v:]
ERROR: [Common 17-180] Spawn failed: No error
WARNING: [filemgmt 56-199] Attempt to get parsing info during refresh. "On-the-fly" syntax checking information may be incorrect. [C:\Users\aneel\Downloads\CSE100 LABS\lab6INTIAL\lab6INTIAL.srcs\sources_1\new\top.v:]
WARNING: [filemgmt 56-199] Attempt to get parsing info during refresh. "On-the-fly" syntax checking information may be incorrect. [C:\Users\aneel\Downloads\CSE100 LABS\lab6INTIAL\lab6INTIAL.srcs\sources_1\new\applefsm1.v:]
ERROR: [Common 17-180] Spawn failed: No error
reset_run synth_1
INFO: [Project 1-1161] Replacing file C:/Users/aneel/Downloads/CSE100 LABS/lab6INTIAL/lab6INTIAL.srcs/utils_1/imports/synth_1/top.dcp with file C:/Users/aneel/Downloads/CSE100 LABS/lab6INTIAL/lab6INTIAL.runs/synth_1/top.dcp
WARNING: [filemgmt 56-199] Attempt to get parsing info during refresh. "On-the-fly" syntax checking information may be incorrect. [C:\Users\aneel\Downloads\CSE100 LABS\lab6INTIAL\lab6INTIAL.srcs\sources_1\new\top.v:]
WARNING: [filemgmt 56-199] Attempt to get parsing info during refresh. "On-the-fly" syntax checking information may be incorrect. [C:\Users\aneel\Downloads\CSE100 LABS\lab6INTIAL\lab6INTIAL.srcs\sources_1\new\applefsm1.v:]
ERROR: [Common 17-180] Spawn failed: No error
launch_runs impl_1 -to_step write_bitstream -jobs 8
[Wed Mar  4 18:10:40 2026] Launched synth_1...
Run output will be captured here: C:/Users/aneel/Downloads/CSE100 LABS/lab6INTIAL/lab6INTIAL.runs/synth_1/runme.log
[Wed Mar  4 18:10:40 2026] Launched impl_1...
Run output will be captured here: C:/Users/aneel/Downloads/CSE100 LABS/lab6INTIAL/lab6INTIAL.runs/impl_1/runme.log
set_property PROBES.FILE {} [get_hw_devices xc7a35t_0]
set_property FULL_PROBES.FILE {} [get_hw_devices xc7a35t_0]
set_property PROGRAM.FILE {C:/Users/aneel/Downloads/CSE100 LABS/lab6INTIAL/lab6INTIAL.runs/impl_1/top.bit} [get_hw_devices xc7a35t_0]
program_hw_devices [get_hw_devices xc7a35t_0]
INFO: [Labtools 27-3164] End of startup status: HIGH
refresh_hw_device [lindex [get_hw_devices xc7a35t_0] 0]
INFO: [Labtools 27-1434] Device xc7a35t (JTAG device index = 0) is programmed with a design that has no supported debug core(s) in it.
WARNING: [filemgmt 56-199] Attempt to get parsing info during refresh. "On-the-fly" syntax checking information may be incorrect. [C:\Users\aneel\Downloads\CSE100 LABS\lab6INTIAL\lab6INTIAL.srcs\sources_1\new\top.v:]
WARNING: [filemgmt 56-199] Attempt to get parsing info during refresh. "On-the-fly" syntax checking information may be incorrect. [C:\Users\aneel\Downloads\CSE100 LABS\lab6INTIAL\lab6INTIAL.srcs\sources_1\new\applefsm1.v:]
ERROR: [Common 17-180] Spawn failed: No error
reset_run synth_1
INFO: [Project 1-1161] Replacing file C:/Users/aneel/Downloads/CSE100 LABS/lab6INTIAL/lab6INTIAL.srcs/utils_1/imports/synth_1/top.dcp with file C:/Users/aneel/Downloads/CSE100 LABS/lab6INTIAL/lab6INTIAL.runs/synth_1/top.dcp
WARNING: [filemgmt 56-199] Attempt to get parsing info during refresh. "On-the-fly" syntax checking information may be incorrect. [C:\Users\aneel\Downloads\CSE100 LABS\lab6INTIAL\lab6INTIAL.srcs\sources_1\new\top.v:]
WARNING: [filemgmt 56-199] Attempt to get parsing info during refresh. "On-the-fly" syntax checking information may be incorrect. [C:\Users\aneel\Downloads\CSE100 LABS\lab6INTIAL\lab6INTIAL.srcs\sources_1\new\applefsm1.v:]
ERROR: [Common 17-180] Spawn failed: No error
launch_runs impl_1 -to_step write_bitstream -jobs 8
[Wed Mar  4 19:26:22 2026] Launched synth_1...
Run output will be captured here: C:/Users/aneel/Downloads/CSE100 LABS/lab6INTIAL/lab6INTIAL.runs/synth_1/runme.log
[Wed Mar  4 19:26:23 2026] Launched impl_1...
Run output will be captured here: C:/Users/aneel/Downloads/CSE100 LABS/lab6INTIAL/lab6INTIAL.runs/impl_1/runme.log
set_property PROBES.FILE {} [get_hw_devices xc7a35t_0]
set_property FULL_PROBES.FILE {} [get_hw_devices xc7a35t_0]
set_property PROGRAM.FILE {C:/Users/aneel/Downloads/CSE100 LABS/lab6INTIAL/lab6INTIAL.runs/impl_1/top.bit} [get_hw_devices xc7a35t_0]
program_hw_devices [get_hw_devices xc7a35t_0]
INFO: [Labtools 27-3164] End of startup status: HIGH
refresh_hw_device [lindex [get_hw_devices xc7a35t_0] 0]
INFO: [Labtools 27-1434] Device xc7a35t (JTAG device index = 0) is programmed with a design that has no supported debug core(s) in it.
set_property PROBES.FILE {} [get_hw_devices xc7a35t_0]
set_property FULL_PROBES.FILE {} [get_hw_devices xc7a35t_0]
set_property PROGRAM.FILE {C:/Users/aneel/Downloads/lab6.bit} [get_hw_devices xc7a35t_0]
program_hw_devices [get_hw_devices xc7a35t_0]
INFO: [Labtools 27-3164] End of startup status: HIGH
refresh_hw_device [lindex [get_hw_devices xc7a35t_0] 0]
INFO: [Labtools 27-1434] Device xc7a35t (JTAG device index = 0) is programmed with a design that has no supported debug core(s) in it.
set_property PROBES.FILE {} [get_hw_devices xc7a35t_0]
set_property FULL_PROBES.FILE {} [get_hw_devices xc7a35t_0]
set_property PROGRAM.FILE {C:/Users/aneel/Downloads/CSE100 LABS/lab6INTIAL/lab6INTIAL.runs/impl_1/top.bit} [get_hw_devices xc7a35t_0]
program_hw_devices [get_hw_devices xc7a35t_0]
INFO: [Labtools 27-3164] End of startup status: HIGH
refresh_hw_device [lindex [get_hw_devices xc7a35t_0] 0]
INFO: [Labtools 27-1434] Device xc7a35t (JTAG device index = 0) is programmed with a design that has no supported debug core(s) in it.
WARNING: [filemgmt 56-199] Attempt to get parsing info during refresh. "On-the-fly" syntax checking information may be incorrect. [C:\Users\aneel\Downloads\CSE100 LABS\lab6INTIAL\lab6INTIAL.srcs\sources_1\new\top.v:]
WARNING: [filemgmt 56-199] Attempt to get parsing info during refresh. "On-the-fly" syntax checking information may be incorrect. [C:\Users\aneel\Downloads\CSE100 LABS\lab6INTIAL\lab6INTIAL.srcs\sources_1\new\applefsm1.v:]
ERROR: [Common 17-180] Spawn failed: No error
WARNING: [filemgmt 56-199] Attempt to get parsing info during refresh. "On-the-fly" syntax checking information may be incorrect. [C:\Users\aneel\Downloads\CSE100 LABS\lab6INTIAL\lab6INTIAL.srcs\sources_1\new\top.v:]
WARNING: [filemgmt 56-199] Attempt to get parsing info during refresh. "On-the-fly" syntax checking information may be incorrect. [C:\Users\aneel\Downloads\CSE100 LABS\lab6INTIAL\lab6INTIAL.srcs\sources_1\new\applefsm1.v:]
ERROR: [Common 17-180] Spawn failed: No error
reset_run synth_1
INFO: [Project 1-1161] Replacing file C:/Users/aneel/Downloads/CSE100 LABS/lab6INTIAL/lab6INTIAL.srcs/utils_1/imports/synth_1/top.dcp with file C:/Users/aneel/Downloads/CSE100 LABS/lab6INTIAL/lab6INTIAL.runs/synth_1/top.dcp
WARNING: [filemgmt 56-199] Attempt to get parsing info during refresh. "On-the-fly" syntax checking information may be incorrect. [C:\Users\aneel\Downloads\CSE100 LABS\lab6INTIAL\lab6INTIAL.srcs\sources_1\new\top.v:]
WARNING: [filemgmt 56-199] Attempt to get parsing info during refresh. "On-the-fly" syntax checking information may be incorrect. [C:\Users\aneel\Downloads\CSE100 LABS\lab6INTIAL\lab6INTIAL.srcs\sources_1\new\applefsm1.v:]
ERROR: [Common 17-180] Spawn failed: No error
launch_runs impl_1 -to_step write_bitstream -jobs 8
[Wed Mar  4 20:01:01 2026] Launched synth_1...
Run output will be captured here: C:/Users/aneel/Downloads/CSE100 LABS/lab6INTIAL/lab6INTIAL.runs/synth_1/runme.log
[Wed Mar  4 20:01:02 2026] Launched impl_1...
Run output will be captured here: C:/Users/aneel/Downloads/CSE100 LABS/lab6INTIAL/lab6INTIAL.runs/impl_1/runme.log
set_property PROBES.FILE {} [get_hw_devices xc7a35t_0]
set_property FULL_PROBES.FILE {} [get_hw_devices xc7a35t_0]
set_property PROGRAM.FILE {C:/Users/aneel/Downloads/CSE100 LABS/lab6INTIAL/lab6INTIAL.runs/impl_1/top.bit} [get_hw_devices xc7a35t_0]
program_hw_devices [get_hw_devices xc7a35t_0]
INFO: [Labtools 27-3164] End of startup status: HIGH
refresh_hw_device [lindex [get_hw_devices xc7a35t_0] 0]
INFO: [Labtools 27-1434] Device xc7a35t (JTAG device index = 0) is programmed with a design that has no supported debug core(s) in it.
WARNING: [filemgmt 56-199] Attempt to get parsing info during refresh. "On-the-fly" syntax checking information may be incorrect. [C:\Users\aneel\Downloads\CSE100 LABS\lab6INTIAL\lab6INTIAL.srcs\sources_1\new\top.v:]
WARNING: [filemgmt 56-199] Attempt to get parsing info during refresh. "On-the-fly" syntax checking information may be incorrect. [C:\Users\aneel\Downloads\CSE100 LABS\lab6INTIAL\lab6INTIAL.srcs\sources_1\new\applefsm1.v:]
ERROR: [Common 17-180] Spawn failed: No error
reset_run synth_1
INFO: [Project 1-1161] Replacing file C:/Users/aneel/Downloads/CSE100 LABS/lab6INTIAL/lab6INTIAL.srcs/utils_1/imports/synth_1/top.dcp with file C:/Users/aneel/Downloads/CSE100 LABS/lab6INTIAL/lab6INTIAL.runs/synth_1/top.dcp
WARNING: [filemgmt 56-199] Attempt to get parsing info during refresh. "On-the-fly" syntax checking information may be incorrect. [C:\Users\aneel\Downloads\CSE100 LABS\lab6INTIAL\lab6INTIAL.srcs\sources_1\new\top.v:]
WARNING: [filemgmt 56-199] Attempt to get parsing info during refresh. "On-the-fly" syntax checking information may be incorrect. [C:\Users\aneel\Downloads\CSE100 LABS\lab6INTIAL\lab6INTIAL.srcs\sources_1\new\applefsm1.v:]
ERROR: [Common 17-180] Spawn failed: No error
launch_runs impl_1 -to_step write_bitstream -jobs 8
[Wed Mar  4 20:14:42 2026] Launched synth_1...
Run output will be captured here: C:/Users/aneel/Downloads/CSE100 LABS/lab6INTIAL/lab6INTIAL.runs/synth_1/runme.log
[Wed Mar  4 20:14:42 2026] Launched impl_1...
Run output will be captured here: C:/Users/aneel/Downloads/CSE100 LABS/lab6INTIAL/lab6INTIAL.runs/impl_1/runme.log
WARNING: [filemgmt 56-199] Attempt to get parsing info during refresh. "On-the-fly" syntax checking information may be incorrect. [C:\Users\aneel\Downloads\CSE100 LABS\lab6INTIAL\lab6INTIAL.srcs\sources_1\new\top.v:]
WARNING: [filemgmt 56-199] Attempt to get parsing info during refresh. "On-the-fly" syntax checking information may be incorrect. [C:\Users\aneel\Downloads\CSE100 LABS\lab6INTIAL\lab6INTIAL.srcs\sources_1\new\applefsm1.v:]
ERROR: [Common 17-180] Spawn failed: No error
set_property PROBES.FILE {} [get_hw_devices xc7a35t_0]
set_property FULL_PROBES.FILE {} [get_hw_devices xc7a35t_0]
set_property PROGRAM.FILE {C:/Users/aneel/Downloads/CSE100 LABS/lab6INTIAL/lab6INTIAL.runs/impl_1/top.bit} [get_hw_devices xc7a35t_0]
program_hw_devices [get_hw_devices xc7a35t_0]
INFO: [Labtools 27-3164] End of startup status: HIGH
refresh_hw_device [lindex [get_hw_devices xc7a35t_0] 0]
INFO: [Labtools 27-1434] Device xc7a35t (JTAG device index = 0) is programmed with a design that has no supported debug core(s) in it.
WARNING: [filemgmt 56-199] Attempt to get parsing info during refresh. "On-the-fly" syntax checking information may be incorrect. [C:\Users\aneel\Downloads\CSE100 LABS\lab6INTIAL\lab6INTIAL.srcs\sources_1\new\top.v:]
WARNING: [filemgmt 56-199] Attempt to get parsing info during refresh. "On-the-fly" syntax checking information may be incorrect. [C:\Users\aneel\Downloads\CSE100 LABS\lab6INTIAL\lab6INTIAL.srcs\sources_1\new\applefsm1.v:]
ERROR: [Common 17-180] Spawn failed: No error
reset_run synth_1
INFO: [Project 1-1161] Replacing file C:/Users/aneel/Downloads/CSE100 LABS/lab6INTIAL/lab6INTIAL.srcs/utils_1/imports/synth_1/top.dcp with file C:/Users/aneel/Downloads/CSE100 LABS/lab6INTIAL/lab6INTIAL.runs/synth_1/top.dcp
WARNING: [filemgmt 56-199] Attempt to get parsing info during refresh. "On-the-fly" syntax checking information may be incorrect. [C:\Users\aneel\Downloads\CSE100 LABS\lab6INTIAL\lab6INTIAL.srcs\sources_1\new\top.v:]
WARNING: [filemgmt 56-199] Attempt to get parsing info during refresh. "On-the-fly" syntax checking information may be incorrect. [C:\Users\aneel\Downloads\CSE100 LABS\lab6INTIAL\lab6INTIAL.srcs\sources_1\new\applefsm1.v:]
ERROR: [Common 17-180] Spawn failed: No error
launch_runs impl_1 -to_step write_bitstream -jobs 8
[Wed Mar  4 20:34:17 2026] Launched synth_1...
Run output will be captured here: C:/Users/aneel/Downloads/CSE100 LABS/lab6INTIAL/lab6INTIAL.runs/synth_1/runme.log
[Wed Mar  4 20:34:17 2026] Launched impl_1...
Run output will be captured here: C:/Users/aneel/Downloads/CSE100 LABS/lab6INTIAL/lab6INTIAL.runs/impl_1/runme.log
WARNING: [filemgmt 56-199] Attempt to get parsing info during refresh. "On-the-fly" syntax checking information may be incorrect. [C:\Users\aneel\Downloads\CSE100 LABS\lab6INTIAL\lab6INTIAL.srcs\sources_1\new\top.v:]
WARNING: [filemgmt 56-199] Attempt to get parsing info during refresh. "On-the-fly" syntax checking information may be incorrect. [C:\Users\aneel\Downloads\CSE100 LABS\lab6INTIAL\lab6INTIAL.srcs\sources_1\new\applefsm1.v:]
ERROR: [Common 17-180] Spawn failed: No error
set_property PROBES.FILE {} [get_hw_devices xc7a35t_0]
set_property FULL_PROBES.FILE {} [get_hw_devices xc7a35t_0]
set_property PROGRAM.FILE {C:/Users/aneel/Downloads/CSE100 LABS/lab6INTIAL/lab6INTIAL.runs/impl_1/top.bit} [get_hw_devices xc7a35t_0]
program_hw_devices [get_hw_devices xc7a35t_0]
INFO: [Labtools 27-3164] End of startup status: HIGH
refresh_hw_device [lindex [get_hw_devices xc7a35t_0] 0]
INFO: [Labtools 27-1434] Device xc7a35t (JTAG device index = 0) is programmed with a design that has no supported debug core(s) in it.
reset_run synth_1
INFO: [Project 1-1161] Replacing file C:/Users/aneel/Downloads/CSE100 LABS/lab6INTIAL/lab6INTIAL.srcs/utils_1/imports/synth_1/top.dcp with file C:/Users/aneel/Downloads/CSE100 LABS/lab6INTIAL/lab6INTIAL.runs/synth_1/top.dcp
WARNING: [filemgmt 56-199] Attempt to get parsing info during refresh. "On-the-fly" syntax checking information may be incorrect. [C:\Users\aneel\Downloads\CSE100 LABS\lab6INTIAL\lab6INTIAL.srcs\sources_1\new\top.v:]
WARNING: [filemgmt 56-199] Attempt to get parsing info during refresh. "On-the-fly" syntax checking information may be incorrect. [C:\Users\aneel\Downloads\CSE100 LABS\lab6INTIAL\lab6INTIAL.srcs\sources_1\new\applefsm1.v:]
ERROR: [Common 17-180] Spawn failed: No error
launch_runs impl_1 -to_step write_bitstream -jobs 8
[Wed Mar  4 20:37:20 2026] Launched synth_1...
Run output will be captured here: C:/Users/aneel/Downloads/CSE100 LABS/lab6INTIAL/lab6INTIAL.runs/synth_1/runme.log
[Wed Mar  4 20:37:20 2026] Launched impl_1...
Run output will be captured here: C:/Users/aneel/Downloads/CSE100 LABS/lab6INTIAL/lab6INTIAL.runs/impl_1/runme.log
set_property PROBES.FILE {} [get_hw_devices xc7a35t_0]
set_property FULL_PROBES.FILE {} [get_hw_devices xc7a35t_0]
set_property PROGRAM.FILE {C:/Users/aneel/Downloads/CSE100 LABS/lab6INTIAL/lab6INTIAL.runs/impl_1/top.bit} [get_hw_devices xc7a35t_0]
program_hw_devices [get_hw_devices xc7a35t_0]
INFO: [Labtools 27-3164] End of startup status: HIGH
refresh_hw_device [lindex [get_hw_devices xc7a35t_0] 0]
INFO: [Labtools 27-1434] Device xc7a35t (JTAG device index = 0) is programmed with a design that has no supported debug core(s) in it.
WARNING: [filemgmt 56-199] Attempt to get parsing info during refresh. "On-the-fly" syntax checking information may be incorrect. [C:\Users\aneel\Downloads\CSE100 LABS\lab6INTIAL\lab6INTIAL.srcs\sources_1\new\top.v:]
WARNING: [filemgmt 56-199] Attempt to get parsing info during refresh. "On-the-fly" syntax checking information may be incorrect. [C:\Users\aneel\Downloads\CSE100 LABS\lab6INTIAL\lab6INTIAL.srcs\sources_1\new\applefsm1.v:]
ERROR: [Common 17-180] Spawn failed: No error
reset_run synth_1
INFO: [Project 1-1161] Replacing file C:/Users/aneel/Downloads/CSE100 LABS/lab6INTIAL/lab6INTIAL.srcs/utils_1/imports/synth_1/top.dcp with file C:/Users/aneel/Downloads/CSE100 LABS/lab6INTIAL/lab6INTIAL.runs/synth_1/top.dcp
WARNING: [filemgmt 56-199] Attempt to get parsing info during refresh. "On-the-fly" syntax checking information may be incorrect. [C:\Users\aneel\Downloads\CSE100 LABS\lab6INTIAL\lab6INTIAL.srcs\sources_1\new\top.v:]
WARNING: [filemgmt 56-199] Attempt to get parsing info during refresh. "On-the-fly" syntax checking information may be incorrect. [C:\Users\aneel\Downloads\CSE100 LABS\lab6INTIAL\lab6INTIAL.srcs\sources_1\new\applefsm1.v:]
launch_runs impl_1 -to_step write_bitstream -jobs 8
[Wed Mar  4 20:43:06 2026] Launched synth_1...
Run output will be captured here: C:/Users/aneel/Downloads/CSE100 LABS/lab6INTIAL/lab6INTIAL.runs/synth_1/runme.log
[Wed Mar  4 20:43:06 2026] Launched impl_1...
Run output will be captured here: C:/Users/aneel/Downloads/CSE100 LABS/lab6INTIAL/lab6INTIAL.runs/impl_1/runme.log
ERROR: [Common 17-180] Spawn failed: No error
set_property PROBES.FILE {} [get_hw_devices xc7a35t_0]
set_property FULL_PROBES.FILE {} [get_hw_devices xc7a35t_0]
set_property PROGRAM.FILE {C:/Users/aneel/Downloads/CSE100 LABS/lab6INTIAL/lab6INTIAL.runs/impl_1/top.bit} [get_hw_devices xc7a35t_0]
program_hw_devices [get_hw_devices xc7a35t_0]
INFO: [Labtools 27-3164] End of startup status: HIGH
refresh_hw_device [lindex [get_hw_devices xc7a35t_0] 0]
INFO: [Labtools 27-1434] Device xc7a35t (JTAG device index = 0) is programmed with a design that has no supported debug core(s) in it.
WARNING: [filemgmt 56-199] Attempt to get parsing info during refresh. "On-the-fly" syntax checking information may be incorrect. [C:\Users\aneel\Downloads\CSE100 LABS\lab6INTIAL\lab6INTIAL.srcs\sources_1\new\top.v:]
WARNING: [filemgmt 56-199] Attempt to get parsing info during refresh. "On-the-fly" syntax checking information may be incorrect. [C:\Users\aneel\Downloads\CSE100 LABS\lab6INTIAL\lab6INTIAL.srcs\sources_1\new\applefsm1.v:]
ERROR: [Common 17-180] Spawn failed: No error
reset_run synth_1
INFO: [Project 1-1161] Replacing file C:/Users/aneel/Downloads/CSE100 LABS/lab6INTIAL/lab6INTIAL.srcs/utils_1/imports/synth_1/top.dcp with file C:/Users/aneel/Downloads/CSE100 LABS/lab6INTIAL/lab6INTIAL.runs/synth_1/top.dcp
WARNING: [filemgmt 56-199] Attempt to get parsing info during refresh. "On-the-fly" syntax checking information may be incorrect. [C:\Users\aneel\Downloads\CSE100 LABS\lab6INTIAL\lab6INTIAL.srcs\sources_1\new\top.v:]
WARNING: [filemgmt 56-199] Attempt to get parsing info during refresh. "On-the-fly" syntax checking information may be incorrect. [C:\Users\aneel\Downloads\CSE100 LABS\lab6INTIAL\lab6INTIAL.srcs\sources_1\new\applefsm1.v:]
ERROR: [Common 17-180] Spawn failed: No error
launch_runs impl_1 -to_step write_bitstream -jobs 8
[Wed Mar  4 20:53:03 2026] Launched synth_1...
Run output will be captured here: C:/Users/aneel/Downloads/CSE100 LABS/lab6INTIAL/lab6INTIAL.runs/synth_1/runme.log
[Wed Mar  4 20:53:03 2026] Launched impl_1...
Run output will be captured here: C:/Users/aneel/Downloads/CSE100 LABS/lab6INTIAL/lab6INTIAL.runs/impl_1/runme.log
WARNING: [filemgmt 56-199] Attempt to get parsing info during refresh. "On-the-fly" syntax checking information may be incorrect. [C:\Users\aneel\Downloads\CSE100 LABS\lab6INTIAL\lab6INTIAL.srcs\sources_1\new\top.v:]
WARNING: [filemgmt 56-199] Attempt to get parsing info during refresh. "On-the-fly" syntax checking information may be incorrect. [C:\Users\aneel\Downloads\CSE100 LABS\lab6INTIAL\lab6INTIAL.srcs\sources_1\new\applefsm1.v:]
ERROR: [Common 17-180] Spawn failed: No error
set_property PROBES.FILE {} [get_hw_devices xc7a35t_0]
set_property FULL_PROBES.FILE {} [get_hw_devices xc7a35t_0]
set_property PROGRAM.FILE {C:/Users/aneel/Downloads/CSE100 LABS/lab6INTIAL/lab6INTIAL.runs/impl_1/top.bit} [get_hw_devices xc7a35t_0]
program_hw_devices [get_hw_devices xc7a35t_0]
INFO: [Labtools 27-3164] End of startup status: HIGH
refresh_hw_device [lindex [get_hw_devices xc7a35t_0] 0]
INFO: [Labtools 27-1434] Device xc7a35t (JTAG device index = 0) is programmed with a design that has no supported debug core(s) in it.
WARNING: [filemgmt 56-199] Attempt to get parsing info during refresh. "On-the-fly" syntax checking information may be incorrect. [C:\Users\aneel\Downloads\CSE100 LABS\lab6INTIAL\lab6INTIAL.srcs\sources_1\new\top.v:]
WARNING: [filemgmt 56-199] Attempt to get parsing info during refresh. "On-the-fly" syntax checking information may be incorrect. [C:\Users\aneel\Downloads\CSE100 LABS\lab6INTIAL\lab6INTIAL.srcs\sources_1\new\applefsm1.v:]
ERROR: [Common 17-180] Spawn failed: No error
reset_run synth_1
INFO: [Project 1-1161] Replacing file C:/Users/aneel/Downloads/CSE100 LABS/lab6INTIAL/lab6INTIAL.srcs/utils_1/imports/synth_1/top.dcp with file C:/Users/aneel/Downloads/CSE100 LABS/lab6INTIAL/lab6INTIAL.runs/synth_1/top.dcp
WARNING: [filemgmt 56-199] Attempt to get parsing info during refresh. "On-the-fly" syntax checking information may be incorrect. [C:\Users\aneel\Downloads\CSE100 LABS\lab6INTIAL\lab6INTIAL.srcs\sources_1\new\top.v:]
WARNING: [filemgmt 56-199] Attempt to get parsing info during refresh. "On-the-fly" syntax checking information may be incorrect. [C:\Users\aneel\Downloads\CSE100 LABS\lab6INTIAL\lab6INTIAL.srcs\sources_1\new\applefsm1.v:]
ERROR: [Common 17-180] Spawn failed: No error
WARNING: [filemgmt 56-199] Attempt to get parsing info during refresh. "On-the-fly" syntax checking information may be incorrect. [C:\Users\aneel\Downloads\CSE100 LABS\lab6INTIAL\lab6INTIAL.srcs\sources_1\new\top.v:]
WARNING: [filemgmt 56-199] Attempt to get parsing info during refresh. "On-the-fly" syntax checking information may be incorrect. [C:\Users\aneel\Downloads\CSE100 LABS\lab6INTIAL\lab6INTIAL.srcs\sources_1\new\applefsm1.v:]
ERROR: [Common 17-180] Spawn failed: No error
launch_runs impl_1 -to_step write_bitstream -jobs 8
[Wed Mar  4 20:59:23 2026] Launched synth_1...
Run output will be captured here: C:/Users/aneel/Downloads/CSE100 LABS/lab6INTIAL/lab6INTIAL.runs/synth_1/runme.log
[Wed Mar  4 20:59:23 2026] Launched impl_1...
Run output will be captured here: C:/Users/aneel/Downloads/CSE100 LABS/lab6INTIAL/lab6INTIAL.runs/impl_1/runme.log
set_property PROBES.FILE {} [get_hw_devices xc7a35t_0]
set_property FULL_PROBES.FILE {} [get_hw_devices xc7a35t_0]
set_property PROGRAM.FILE {C:/Users/aneel/Downloads/CSE100 LABS/lab6INTIAL/lab6INTIAL.runs/impl_1/top.bit} [get_hw_devices xc7a35t_0]
program_hw_devices [get_hw_devices xc7a35t_0]
INFO: [Labtools 27-3164] End of startup status: HIGH
refresh_hw_device [lindex [get_hw_devices xc7a35t_0] 0]
INFO: [Labtools 27-1434] Device xc7a35t (JTAG device index = 0) is programmed with a design that has no supported debug core(s) in it.
WARNING: [filemgmt 56-199] Attempt to get parsing info during refresh. "On-the-fly" syntax checking information may be incorrect. [C:\Users\aneel\Downloads\CSE100 LABS\lab6INTIAL\lab6INTIAL.srcs\sources_1\new\top.v:]
WARNING: [filemgmt 56-199] Attempt to get parsing info during refresh. "On-the-fly" syntax checking information may be incorrect. [C:\Users\aneel\Downloads\CSE100 LABS\lab6INTIAL\lab6INTIAL.srcs\sources_1\new\applefsm1.v:]
ERROR: [Common 17-180] Spawn failed: No error
reset_run impl_1 -prev_step 
launch_runs impl_1 -to_step write_bitstream -jobs 8
WARNING: [Vivado 12-872] Run step 'Design Initialization' is out-of-date.
[Wed Mar  4 21:03:06 2026] Launched impl_1...
Run output will be captured here: C:/Users/aneel/Downloads/CSE100 LABS/lab6INTIAL/lab6INTIAL.runs/impl_1/runme.log
set_property PROBES.FILE {} [get_hw_devices xc7a35t_0]
set_property FULL_PROBES.FILE {} [get_hw_devices xc7a35t_0]
set_property PROGRAM.FILE {C:/Users/aneel/Downloads/CSE100 LABS/lab6INTIAL/lab6INTIAL.runs/impl_1/top.bit} [get_hw_devices xc7a35t_0]
program_hw_devices [get_hw_devices xc7a35t_0]
INFO: [Labtools 27-3164] End of startup status: HIGH
refresh_hw_device [lindex [get_hw_devices xc7a35t_0] 0]
INFO: [Labtools 27-1434] Device xc7a35t (JTAG device index = 0) is programmed with a design that has no supported debug core(s) in it.
reset_run synth_1
INFO: [Project 1-1161] Replacing file C:/Users/aneel/Downloads/CSE100 LABS/lab6INTIAL/lab6INTIAL.srcs/utils_1/imports/synth_1/top.dcp with file C:/Users/aneel/Downloads/CSE100 LABS/lab6INTIAL/lab6INTIAL.runs/synth_1/top.dcp
WARNING: [filemgmt 56-199] Attempt to get parsing info during refresh. "On-the-fly" syntax checking information may be incorrect. [C:\Users\aneel\Downloads\CSE100 LABS\lab6INTIAL\lab6INTIAL.srcs\sources_1\new\top.v:]
WARNING: [filemgmt 56-199] Attempt to get parsing info during refresh. "On-the-fly" syntax checking information may be incorrect. [C:\Users\aneel\Downloads\CSE100 LABS\lab6INTIAL\lab6INTIAL.srcs\sources_1\new\applefsm1.v:]
WARNING: [filemgmt 56-199] Attempt to get parsing info during refresh. "On-the-fly" syntax checking information may be incorrect. [C:\Users\aneel\Downloads\CSE100 LABS\lab6INTIAL\lab6INTIAL.srcs\sources_1\new\top.v:]
WARNING: [filemgmt 56-199] Attempt to get parsing info during refresh. "On-the-fly" syntax checking information may be incorrect. [C:\Users\aneel\Downloads\CSE100 LABS\lab6INTIAL\lab6INTIAL.srcs\sources_1\new\applefsm1.v:]
ERROR: [Common 17-180] Spawn failed: No error
WARNING: [filemgmt 56-199] Attempt to get parsing info during refresh. "On-the-fly" syntax checking information may be incorrect. [C:\Users\aneel\Downloads\CSE100 LABS\lab6INTIAL\lab6INTIAL.srcs\sources_1\new\top.v:]
WARNING: [filemgmt 56-199] Attempt to get parsing info during refresh. "On-the-fly" syntax checking information may be incorrect. [C:\Users\aneel\Downloads\CSE100 LABS\lab6INTIAL\lab6INTIAL.srcs\sources_1\new\applefsm1.v:]
ERROR: [Common 17-180] Spawn failed: No error
launch_runs impl_1 -to_step write_bitstream -jobs 8
[Wed Mar  4 21:04:56 2026] Launched synth_1...
Run output will be captured here: C:/Users/aneel/Downloads/CSE100 LABS/lab6INTIAL/lab6INTIAL.runs/synth_1/runme.log
[Wed Mar  4 21:04:56 2026] Launched impl_1...
Run output will be captured here: C:/Users/aneel/Downloads/CSE100 LABS/lab6INTIAL/lab6INTIAL.runs/impl_1/runme.log
set_property PROBES.FILE {} [get_hw_devices xc7a35t_0]
set_property FULL_PROBES.FILE {} [get_hw_devices xc7a35t_0]
set_property PROGRAM.FILE {C:/Users/aneel/Downloads/CSE100 LABS/lab6INTIAL/lab6INTIAL.runs/impl_1/top.bit} [get_hw_devices xc7a35t_0]
program_hw_devices [get_hw_devices xc7a35t_0]
INFO: [Labtools 27-3164] End of startup status: HIGH
refresh_hw_device [lindex [get_hw_devices xc7a35t_0] 0]
INFO: [Labtools 27-1434] Device xc7a35t (JTAG device index = 0) is programmed with a design that has no supported debug core(s) in it.
WARNING: [filemgmt 56-199] Attempt to get parsing info during refresh. "On-the-fly" syntax checking information may be incorrect. [C:\Users\aneel\Downloads\CSE100 LABS\lab6INTIAL\lab6INTIAL.srcs\sources_1\new\top.v:]
WARNING: [filemgmt 56-199] Attempt to get parsing info during refresh. "On-the-fly" syntax checking information may be incorrect. [C:\Users\aneel\Downloads\CSE100 LABS\lab6INTIAL\lab6INTIAL.srcs\sources_1\new\applefsm1.v:]
ERROR: [Common 17-180] Spawn failed: No error
reset_run synth_1
INFO: [Project 1-1161] Replacing file C:/Users/aneel/Downloads/CSE100 LABS/lab6INTIAL/lab6INTIAL.srcs/utils_1/imports/synth_1/top.dcp with file C:/Users/aneel/Downloads/CSE100 LABS/lab6INTIAL/lab6INTIAL.runs/synth_1/top.dcp
WARNING: [filemgmt 56-199] Attempt to get parsing info during refresh. "On-the-fly" syntax checking information may be incorrect. [C:\Users\aneel\Downloads\CSE100 LABS\lab6INTIAL\lab6INTIAL.srcs\sources_1\new\top.v:]
WARNING: [filemgmt 56-199] Attempt to get parsing info during refresh. "On-the-fly" syntax checking information may be incorrect. [C:\Users\aneel\Downloads\CSE100 LABS\lab6INTIAL\lab6INTIAL.srcs\sources_1\new\applefsm1.v:]
ERROR: [Common 17-180] Spawn failed: No error
launch_runs impl_1 -to_step write_bitstream -jobs 8
[Wed Mar  4 21:08:48 2026] Launched synth_1...
Run output will be captured here: C:/Users/aneel/Downloads/CSE100 LABS/lab6INTIAL/lab6INTIAL.runs/synth_1/runme.log
[Wed Mar  4 21:08:48 2026] Launched impl_1...
Run output will be captured here: C:/Users/aneel/Downloads/CSE100 LABS/lab6INTIAL/lab6INTIAL.runs/impl_1/runme.log
set_property PROBES.FILE {} [get_hw_devices xc7a35t_0]
set_property FULL_PROBES.FILE {} [get_hw_devices xc7a35t_0]
set_property PROGRAM.FILE {C:/Users/aneel/Downloads/CSE100 LABS/lab6INTIAL/lab6INTIAL.runs/impl_1/top.bit} [get_hw_devices xc7a35t_0]
program_hw_devices [get_hw_devices xc7a35t_0]
INFO: [Labtools 27-3164] End of startup status: HIGH
refresh_hw_device [lindex [get_hw_devices xc7a35t_0] 0]
INFO: [Labtools 27-1434] Device xc7a35t (JTAG device index = 0) is programmed with a design that has no supported debug core(s) in it.
set_property PROBES.FILE {} [get_hw_devices xc7a35t_0]
set_property FULL_PROBES.FILE {} [get_hw_devices xc7a35t_0]
set_property PROGRAM.FILE {C:/Users/aneel/Downloads/CSE100 LABS/lab6INTIAL/lab6INTIAL.runs/impl_1/top.bit} [get_hw_devices xc7a35t_0]
program_hw_devices [get_hw_devices xc7a35t_0]
INFO: [Labtools 27-3164] End of startup status: HIGH
refresh_hw_device [lindex [get_hw_devices xc7a35t_0] 0]
INFO: [Labtools 27-1434] Device xc7a35t (JTAG device index = 0) is programmed with a design that has no supported debug core(s) in it.
reset_run synth_1
INFO: [Project 1-1161] Replacing file C:/Users/aneel/Downloads/CSE100 LABS/lab6INTIAL/lab6INTIAL.srcs/utils_1/imports/synth_1/top.dcp with file C:/Users/aneel/Downloads/CSE100 LABS/lab6INTIAL/lab6INTIAL.runs/synth_1/top.dcp
WARNING: [filemgmt 56-199] Attempt to get parsing info during refresh. "On-the-fly" syntax checking information may be incorrect. [C:\Users\aneel\Downloads\CSE100 LABS\lab6INTIAL\lab6INTIAL.srcs\sources_1\new\top.v:]
WARNING: [filemgmt 56-199] Attempt to get parsing info during refresh. "On-the-fly" syntax checking information may be incorrect. [C:\Users\aneel\Downloads\CSE100 LABS\lab6INTIAL\lab6INTIAL.srcs\sources_1\new\applefsm1.v:]
launch_runs synth_1 -jobs 8
WARNING: [filemgmt 56-199] Attempt to get parsing info during refresh. "On-the-fly" syntax checking information may be incorrect. [C:\Users\aneel\Downloads\CSE100 LABS\lab6INTIAL\lab6INTIAL.srcs\sources_1\new\top.v:]
WARNING: [filemgmt 56-199] Attempt to get parsing info during refresh. "On-the-fly" syntax checking information may be incorrect. [C:\Users\aneel\Downloads\CSE100 LABS\lab6INTIAL\lab6INTIAL.srcs\sources_1\new\applefsm1.v:]
ERROR: [Common 17-180] Spawn failed: No error
WARNING: [filemgmt 56-199] Attempt to get parsing info during refresh. "On-the-fly" syntax checking information may be incorrect. [C:\Users\aneel\Downloads\CSE100 LABS\lab6INTIAL\lab6INTIAL.srcs\sources_1\new\top.v:]
WARNING: [filemgmt 56-199] Attempt to get parsing info during refresh. "On-the-fly" syntax checking information may be incorrect. [C:\Users\aneel\Downloads\CSE100 LABS\lab6INTIAL\lab6INTIAL.srcs\sources_1\new\applefsm1.v:]
ERROR: [Vivado 12-4756] Launch of runs aborted due to earlier errors while preparing sub-designs for run execution.
ERROR: [Common 17-180] Spawn failed: No error
launch_runs impl_1 -to_step write_bitstream -jobs 8
[Wed Mar  4 21:18:49 2026] Launched synth_1...
Run output will be captured here: C:/Users/aneel/Downloads/CSE100 LABS/lab6INTIAL/lab6INTIAL.runs/synth_1/runme.log
[Wed Mar  4 21:18:49 2026] Launched impl_1...
Run output will be captured here: C:/Users/aneel/Downloads/CSE100 LABS/lab6INTIAL/lab6INTIAL.runs/impl_1/runme.log
reset_run synth_1
INFO: [Project 1-1161] Replacing file C:/Users/aneel/Downloads/CSE100 LABS/lab6INTIAL/lab6INTIAL.srcs/utils_1/imports/synth_1/top.dcp with file C:/Users/aneel/Downloads/CSE100 LABS/lab6INTIAL/lab6INTIAL.runs/synth_1/top.dcp
WARNING: [filemgmt 56-199] Attempt to get parsing info during refresh. "On-the-fly" syntax checking information may be incorrect. [C:\Users\aneel\Downloads\CSE100 LABS\lab6INTIAL\lab6INTIAL.srcs\sources_1\new\top.v:]
WARNING: [filemgmt 56-199] Attempt to get parsing info during refresh. "On-the-fly" syntax checking information may be incorrect. [C:\Users\aneel\Downloads\CSE100 LABS\lab6INTIAL\lab6INTIAL.srcs\sources_1\new\applefsm1.v:]
ERROR: [Common 17-180] Spawn failed: No error
launch_runs impl_1 -to_step write_bitstream -jobs 8
[Wed Mar  4 21:19:57 2026] Launched synth_1...
Run output will be captured here: C:/Users/aneel/Downloads/CSE100 LABS/lab6INTIAL/lab6INTIAL.runs/synth_1/runme.log
[Wed Mar  4 21:19:57 2026] Launched impl_1...
Run output will be captured here: C:/Users/aneel/Downloads/CSE100 LABS/lab6INTIAL/lab6INTIAL.runs/impl_1/runme.log
WARNING: [filemgmt 56-199] Attempt to get parsing info during refresh. "On-the-fly" syntax checking information may be incorrect. [C:\Users\aneel\Downloads\CSE100 LABS\lab6INTIAL\lab6INTIAL.srcs\sources_1\new\top.v:]
WARNING: [filemgmt 56-199] Attempt to get parsing info during refresh. "On-the-fly" syntax checking information may be incorrect. [C:\Users\aneel\Downloads\CSE100 LABS\lab6INTIAL\lab6INTIAL.srcs\sources_1\new\applefsm1.v:]
ERROR: [Common 17-180] Spawn failed: No error
set_property PROBES.FILE {} [get_hw_devices xc7a35t_0]
set_property FULL_PROBES.FILE {} [get_hw_devices xc7a35t_0]
set_property PROGRAM.FILE {C:/Users/aneel/Downloads/CSE100 LABS/lab6INTIAL/lab6INTIAL.runs/impl_1/top.bit} [get_hw_devices xc7a35t_0]
program_hw_devices [get_hw_devices xc7a35t_0]
INFO: [Labtools 27-3164] End of startup status: HIGH
refresh_hw_device [lindex [get_hw_devices xc7a35t_0] 0]
INFO: [Labtools 27-1434] Device xc7a35t (JTAG device index = 0) is programmed with a design that has no supported debug core(s) in it.
WARNING: [filemgmt 56-199] Attempt to get parsing info during refresh. "On-the-fly" syntax checking information may be incorrect. [C:\Users\aneel\Downloads\CSE100 LABS\lab6INTIAL\lab6INTIAL.srcs\sources_1\new\top.v:]
WARNING: [filemgmt 56-199] Attempt to get parsing info during refresh. "On-the-fly" syntax checking information may be incorrect. [C:\Users\aneel\Downloads\CSE100 LABS\lab6INTIAL\lab6INTIAL.srcs\sources_1\new\applefsm1.v:]
ERROR: [Common 17-180] Spawn failed: No error
reset_run synth_1
INFO: [Project 1-1161] Replacing file C:/Users/aneel/Downloads/CSE100 LABS/lab6INTIAL/lab6INTIAL.srcs/utils_1/imports/synth_1/top.dcp with file C:/Users/aneel/Downloads/CSE100 LABS/lab6INTIAL/lab6INTIAL.runs/synth_1/top.dcp
WARNING: [filemgmt 56-199] Attempt to get parsing info during refresh. "On-the-fly" syntax checking information may be incorrect. [C:\Users\aneel\Downloads\CSE100 LABS\lab6INTIAL\lab6INTIAL.srcs\sources_1\new\top.v:]
WARNING: [filemgmt 56-199] Attempt to get parsing info during refresh. "On-the-fly" syntax checking information may be incorrect. [C:\Users\aneel\Downloads\CSE100 LABS\lab6INTIAL\lab6INTIAL.srcs\sources_1\new\applefsm1.v:]
ERROR: [Common 17-180] Spawn failed: No error
launch_runs impl_1 -to_step write_bitstream -jobs 8
[Wed Mar  4 21:23:52 2026] Launched synth_1...
Run output will be captured here: C:/Users/aneel/Downloads/CSE100 LABS/lab6INTIAL/lab6INTIAL.runs/synth_1/runme.log
[Wed Mar  4 21:23:52 2026] Launched impl_1...
Run output will be captured here: C:/Users/aneel/Downloads/CSE100 LABS/lab6INTIAL/lab6INTIAL.runs/impl_1/runme.log
set_property PROBES.FILE {} [get_hw_devices xc7a35t_0]
set_property FULL_PROBES.FILE {} [get_hw_devices xc7a35t_0]
set_property PROGRAM.FILE {C:/Users/aneel/Downloads/CSE100 LABS/lab6INTIAL/lab6INTIAL.runs/impl_1/top.bit} [get_hw_devices xc7a35t_0]
program_hw_devices [get_hw_devices xc7a35t_0]
INFO: [Labtools 27-3164] End of startup status: HIGH
refresh_hw_device [lindex [get_hw_devices xc7a35t_0] 0]
INFO: [Labtools 27-1434] Device xc7a35t (JTAG device index = 0) is programmed with a design that has no supported debug core(s) in it.
WARNING: [filemgmt 56-199] Attempt to get parsing info during refresh. "On-the-fly" syntax checking information may be incorrect. [C:\Users\aneel\Downloads\CSE100 LABS\lab6INTIAL\lab6INTIAL.srcs\sources_1\new\top.v:]
WARNING: [filemgmt 56-199] Attempt to get parsing info during refresh. "On-the-fly" syntax checking information may be incorrect. [C:\Users\aneel\Downloads\CSE100 LABS\lab6INTIAL\lab6INTIAL.srcs\sources_1\new\applefsm1.v:]
WARNING: [filemgmt 56-199] Attempt to get parsing info during refresh. "On-the-fly" syntax checking information may be incorrect. [C:\Users\aneel\Downloads\Lab5FINALFINAL.xpr\Lab5\Lab5.srcs\sources_1\imports\Downloads\lfsr.v:]
WARNING: [filemgmt 56-199] Attempt to get parsing info during refresh. "On-the-fly" syntax checking information may be incorrect. [C:\Users\aneel\Downloads\CSE100 LABS\lab6INTIAL\lab6INTIAL.srcs\sources_1\new\top.v:]
WARNING: [filemgmt 56-199] Attempt to get parsing info during refresh. "On-the-fly" syntax checking information may be incorrect. [C:\Users\aneel\Downloads\CSE100 LABS\lab6INTIAL\lab6INTIAL.srcs\sources_1\new\applefsm1.v:]
WARNING: [filemgmt 56-199] Attempt to get parsing info during refresh. "On-the-fly" syntax checking information may be incorrect. [C:\Users\aneel\Downloads\Lab5FINALFINAL.xpr\Lab5\Lab5.srcs\sources_1\imports\Downloads\lfsr.v:]
reset_run synth_1
INFO: [Project 1-1161] Replacing file C:/Users/aneel/Downloads/CSE100 LABS/lab6INTIAL/lab6INTIAL.srcs/utils_1/imports/synth_1/top.dcp with file C:/Users/aneel/Downloads/CSE100 LABS/lab6INTIAL/lab6INTIAL.runs/synth_1/top.dcp
WARNING: [filemgmt 56-199] Attempt to get parsing info during refresh. "On-the-fly" syntax checking information may be incorrect. [C:\Users\aneel\Downloads\CSE100 LABS\lab6INTIAL\lab6INTIAL.srcs\sources_1\new\top.v:]
WARNING: [filemgmt 56-199] Attempt to get parsing info during refresh. "On-the-fly" syntax checking information may be incorrect. [C:\Users\aneel\Downloads\CSE100 LABS\lab6INTIAL\lab6INTIAL.srcs\sources_1\new\applefsm1.v:]
WARNING: [filemgmt 56-199] Attempt to get parsing info during refresh. "On-the-fly" syntax checking information may be incorrect. [C:\Users\aneel\Downloads\Lab5FINALFINAL.xpr\Lab5\Lab5.srcs\sources_1\imports\Downloads\lfsr.v:]
WARNING: [filemgmt 56-199] Attempt to get parsing info during refresh. "On-the-fly" syntax checking information may be incorrect. [C:\Users\aneel\Downloads\CSE100 LABS\lab6INTIAL\lab6INTIAL.srcs\sources_1\new\top.v:]
WARNING: [filemgmt 56-199] Attempt to get parsing info during refresh. "On-the-fly" syntax checking information may be incorrect. [C:\Users\aneel\Downloads\CSE100 LABS\lab6INTIAL\lab6INTIAL.srcs\sources_1\new\applefsm1.v:]
WARNING: [filemgmt 56-199] Attempt to get parsing info during refresh. "On-the-fly" syntax checking information may be incorrect. [C:\Users\aneel\Downloads\Lab5FINALFINAL.xpr\Lab5\Lab5.srcs\sources_1\imports\Downloads\lfsr.v:]
ERROR: [Common 17-180] Spawn failed: No error
launch_runs impl_1 -to_step write_bitstream -jobs 8
[Wed Mar  4 21:29:25 2026] Launched synth_1...
Run output will be captured here: C:/Users/aneel/Downloads/CSE100 LABS/lab6INTIAL/lab6INTIAL.runs/synth_1/runme.log
[Wed Mar  4 21:29:25 2026] Launched impl_1...
Run output will be captured here: C:/Users/aneel/Downloads/CSE100 LABS/lab6INTIAL/lab6INTIAL.runs/impl_1/runme.log
set_property PROBES.FILE {} [get_hw_devices xc7a35t_0]
set_property FULL_PROBES.FILE {} [get_hw_devices xc7a35t_0]
set_property PROGRAM.FILE {C:/Users/aneel/Downloads/CSE100 LABS/lab6INTIAL/lab6INTIAL.runs/impl_1/top.bit} [get_hw_devices xc7a35t_0]
program_hw_devices [get_hw_devices xc7a35t_0]
INFO: [Labtools 27-3164] End of startup status: HIGH
refresh_hw_device [lindex [get_hw_devices xc7a35t_0] 0]
INFO: [Labtools 27-1434] Device xc7a35t (JTAG device index = 0) is programmed with a design that has no supported debug core(s) in it.
WARNING: [filemgmt 56-199] Attempt to get parsing info during refresh. "On-the-fly" syntax checking information may be incorrect. [C:\Users\aneel\Downloads\CSE100 LABS\lab6INTIAL\lab6INTIAL.srcs\sources_1\new\top.v:]
WARNING: [filemgmt 56-199] Attempt to get parsing info during refresh. "On-the-fly" syntax checking information may be incorrect. [C:\Users\aneel\Downloads\CSE100 LABS\lab6INTIAL\lab6INTIAL.srcs\sources_1\new\applefsm1.v:]
WARNING: [filemgmt 56-199] Attempt to get parsing info during refresh. "On-the-fly" syntax checking information may be incorrect. [C:\Users\aneel\Downloads\Lab5FINALFINAL.xpr\Lab5\Lab5.srcs\sources_1\imports\Downloads\lfsr.v:]
WARNING: [filemgmt 56-199] Attempt to get parsing info during refresh. "On-the-fly" syntax checking information may be incorrect. [C:\Users\aneel\Downloads\CSE100 LABS\lab6INTIAL\lab6INTIAL.srcs\sources_1\new\top.v:]
WARNING: [filemgmt 56-199] Attempt to get parsing info during refresh. "On-the-fly" syntax checking information may be incorrect. [C:\Users\aneel\Downloads\CSE100 LABS\lab6INTIAL\lab6INTIAL.srcs\sources_1\new\applefsm1.v:]
WARNING: [filemgmt 56-199] Attempt to get parsing info during refresh. "On-the-fly" syntax checking information may be incorrect. [C:\Users\aneel\Downloads\Lab5FINALFINAL.xpr\Lab5\Lab5.srcs\sources_1\imports\Downloads\lfsr.v:]
ERROR: [Common 17-180] Spawn failed: No error
WARNING: [filemgmt 56-199] Attempt to get parsing info during refresh. "On-the-fly" syntax checking information may be incorrect. [C:\Users\aneel\Downloads\CSE100 LABS\lab6INTIAL\lab6INTIAL.srcs\sources_1\new\top.v:]
WARNING: [filemgmt 56-199] Attempt to get parsing info during refresh. "On-the-fly" syntax checking information may be incorrect. [C:\Users\aneel\Downloads\CSE100 LABS\lab6INTIAL\lab6INTIAL.srcs\sources_1\new\applefsm1.v:]
WARNING: [filemgmt 56-199] Attempt to get parsing info during refresh. "On-the-fly" syntax checking information may be incorrect. [C:\Users\aneel\Downloads\Lab5FINALFINAL.xpr\Lab5\Lab5.srcs\sources_1\imports\Downloads\lfsr.v:]
reset_run synth_1
INFO: [Project 1-1161] Replacing file C:/Users/aneel/Downloads/CSE100 LABS/lab6INTIAL/lab6INTIAL.srcs/utils_1/imports/synth_1/top.dcp with file C:/Users/aneel/Downloads/CSE100 LABS/lab6INTIAL/lab6INTIAL.runs/synth_1/top.dcp
WARNING: [filemgmt 56-199] Attempt to get parsing info during refresh. "On-the-fly" syntax checking information may be incorrect. [C:\Users\aneel\Downloads\CSE100 LABS\lab6INTIAL\lab6INTIAL.srcs\sources_1\new\top.v:]
WARNING: [filemgmt 56-199] Attempt to get parsing info during refresh. "On-the-fly" syntax checking information may be incorrect. [C:\Users\aneel\Downloads\CSE100 LABS\lab6INTIAL\lab6INTIAL.srcs\sources_1\new\applefsm1.v:]
WARNING: [filemgmt 56-199] Attempt to get parsing info during refresh. "On-the-fly" syntax checking information may be incorrect. [C:\Users\aneel\Downloads\Lab5FINALFINAL.xpr\Lab5\Lab5.srcs\sources_1\imports\Downloads\lfsr.v:]
WARNING: [filemgmt 56-199] Attempt to get parsing info during refresh. "On-the-fly" syntax checking information may be incorrect. [C:\Users\aneel\Downloads\CSE100 LABS\lab6INTIAL\lab6INTIAL.srcs\sources_1\new\top.v:]
WARNING: [filemgmt 56-199] Attempt to get parsing info during refresh. "On-the-fly" syntax checking information may be incorrect. [C:\Users\aneel\Downloads\CSE100 LABS\lab6INTIAL\lab6INTIAL.srcs\sources_1\new\applefsm1.v:]
WARNING: [filemgmt 56-199] Attempt to get parsing info during refresh. "On-the-fly" syntax checking information may be incorrect. [C:\Users\aneel\Downloads\Lab5FINALFINAL.xpr\Lab5\Lab5.srcs\sources_1\imports\Downloads\lfsr.v:]
ERROR: [Common 17-180] Spawn failed: No error
launch_runs impl_1 -to_step write_bitstream -jobs 8
[Wed Mar  4 21:36:15 2026] Launched synth_1...
Run output will be captured here: C:/Users/aneel/Downloads/CSE100 LABS/lab6INTIAL/lab6INTIAL.runs/synth_1/runme.log
[Wed Mar  4 21:36:15 2026] Launched impl_1...
Run output will be captured here: C:/Users/aneel/Downloads/CSE100 LABS/lab6INTIAL/lab6INTIAL.runs/impl_1/runme.log
set_property PROBES.FILE {} [get_hw_devices xc7a35t_0]
set_property FULL_PROBES.FILE {} [get_hw_devices xc7a35t_0]
set_property PROGRAM.FILE {C:/Users/aneel/Downloads/CSE100 LABS/lab6INTIAL/lab6INTIAL.runs/impl_1/top.bit} [get_hw_devices xc7a35t_0]
program_hw_devices [get_hw_devices xc7a35t_0]
INFO: [Labtools 27-3164] End of startup status: HIGH
refresh_hw_device [lindex [get_hw_devices xc7a35t_0] 0]
INFO: [Labtools 27-1434] Device xc7a35t (JTAG device index = 0) is programmed with a design that has no supported debug core(s) in it.
WARNING: [filemgmt 56-199] Attempt to get parsing info during refresh. "On-the-fly" syntax checking information may be incorrect. [C:\Users\aneel\Downloads\CSE100 LABS\lab6INTIAL\lab6INTIAL.srcs\sources_1\new\top.v:]
WARNING: [filemgmt 56-199] Attempt to get parsing info during refresh. "On-the-fly" syntax checking information may be incorrect. [C:\Users\aneel\Downloads\CSE100 LABS\lab6INTIAL\lab6INTIAL.srcs\sources_1\new\applefsm1.v:]
WARNING: [filemgmt 56-199] Attempt to get parsing info during refresh. "On-the-fly" syntax checking information may be incorrect. [C:\Users\aneel\Downloads\Lab5FINALFINAL.xpr\Lab5\Lab5.srcs\sources_1\imports\Downloads\lfsr.v:]
WARNING: [filemgmt 56-199] Attempt to get parsing info during refresh. "On-the-fly" syntax checking information may be incorrect. [C:\Users\aneel\Downloads\CSE100 LABS\lab6INTIAL\lab6INTIAL.srcs\sources_1\new\top.v:]
WARNING: [filemgmt 56-199] Attempt to get parsing info during refresh. "On-the-fly" syntax checking information may be incorrect. [C:\Users\aneel\Downloads\CSE100 LABS\lab6INTIAL\lab6INTIAL.srcs\sources_1\new\applefsm1.v:]
WARNING: [filemgmt 56-199] Attempt to get parsing info during refresh. "On-the-fly" syntax checking information may be incorrect. [C:\Users\aneel\Downloads\Lab5FINALFINAL.xpr\Lab5\Lab5.srcs\sources_1\imports\Downloads\lfsr.v:]
WARNING: [filemgmt 56-199] Attempt to get parsing info during refresh. "On-the-fly" syntax checking information may be incorrect. [C:\Users\aneel\Downloads\CSE100 LABS\lab6INTIAL\lab6INTIAL.srcs\sources_1\new\top.v:]
WARNING: [filemgmt 56-199] Attempt to get parsing info during refresh. "On-the-fly" syntax checking information may be incorrect. [C:\Users\aneel\Downloads\CSE100 LABS\lab6INTIAL\lab6INTIAL.srcs\sources_1\new\applefsm1.v:]
WARNING: [filemgmt 56-199] Attempt to get parsing info during refresh. "On-the-fly" syntax checking information may be incorrect. [C:\Users\aneel\Downloads\Lab5FINALFINAL.xpr\Lab5\Lab5.srcs\sources_1\imports\Downloads\lfsr.v:]
reset_run synth_1
INFO: [Project 1-1161] Replacing file C:/Users/aneel/Downloads/CSE100 LABS/lab6INTIAL/lab6INTIAL.srcs/utils_1/imports/synth_1/top.dcp with file C:/Users/aneel/Downloads/CSE100 LABS/lab6INTIAL/lab6INTIAL.runs/synth_1/top.dcp
WARNING: [filemgmt 56-199] Attempt to get parsing info during refresh. "On-the-fly" syntax checking information may be incorrect. [C:\Users\aneel\Downloads\CSE100 LABS\lab6INTIAL\lab6INTIAL.srcs\sources_1\new\top.v:]
WARNING: [filemgmt 56-199] Attempt to get parsing info during refresh. "On-the-fly" syntax checking information may be incorrect. [C:\Users\aneel\Downloads\CSE100 LABS\lab6INTIAL\lab6INTIAL.srcs\sources_1\new\applefsm1.v:]
WARNING: [filemgmt 56-199] Attempt to get parsing info during refresh. "On-the-fly" syntax checking information may be incorrect. [C:\Users\aneel\Downloads\Lab5FINALFINAL.xpr\Lab5\Lab5.srcs\sources_1\imports\Downloads\lfsr.v:]
launch_runs impl_1 -to_step write_bitstream -jobs 8
[Wed Mar  4 21:43:10 2026] Launched synth_1...
Run output will be captured here: C:/Users/aneel/Downloads/CSE100 LABS/lab6INTIAL/lab6INTIAL.runs/synth_1/runme.log
[Wed Mar  4 21:43:10 2026] Launched impl_1...
Run output will be captured here: C:/Users/aneel/Downloads/CSE100 LABS/lab6INTIAL/lab6INTIAL.runs/impl_1/runme.log
set_property PROBES.FILE {} [get_hw_devices xc7a35t_0]
set_property FULL_PROBES.FILE {} [get_hw_devices xc7a35t_0]
set_property PROGRAM.FILE {C:/Users/aneel/Downloads/CSE100 LABS/lab6INTIAL/lab6INTIAL.runs/impl_1/top.bit} [get_hw_devices xc7a35t_0]
program_hw_devices [get_hw_devices xc7a35t_0]
INFO: [Labtools 27-3164] End of startup status: HIGH
refresh_hw_device [lindex [get_hw_devices xc7a35t_0] 0]
INFO: [Labtools 27-1434] Device xc7a35t (JTAG device index = 0) is programmed with a design that has no supported debug core(s) in it.
WARNING: [filemgmt 56-199] Attempt to get parsing info during refresh. "On-the-fly" syntax checking information may be incorrect. [C:\Users\aneel\Downloads\CSE100 LABS\lab6INTIAL\lab6INTIAL.srcs\sources_1\new\top.v:]
WARNING: [filemgmt 56-199] Attempt to get parsing info during refresh. "On-the-fly" syntax checking information may be incorrect. [C:\Users\aneel\Downloads\CSE100 LABS\lab6INTIAL\lab6INTIAL.srcs\sources_1\new\applefsm1.v:]
WARNING: [filemgmt 56-199] Attempt to get parsing info during refresh. "On-the-fly" syntax checking information may be incorrect. [C:\Users\aneel\Downloads\Lab5FINALFINAL.xpr\Lab5\Lab5.srcs\sources_1\imports\Downloads\lfsr.v:]
reset_run synth_1
INFO: [Project 1-1161] Replacing file C:/Users/aneel/Downloads/CSE100 LABS/lab6INTIAL/lab6INTIAL.srcs/utils_1/imports/synth_1/top.dcp with file C:/Users/aneel/Downloads/CSE100 LABS/lab6INTIAL/lab6INTIAL.runs/synth_1/top.dcp
WARNING: [filemgmt 56-199] Attempt to get parsing info during refresh. "On-the-fly" syntax checking information may be incorrect. [C:\Users\aneel\Downloads\CSE100 LABS\lab6INTIAL\lab6INTIAL.srcs\sources_1\new\top.v:]
WARNING: [filemgmt 56-199] Attempt to get parsing info during refresh. "On-the-fly" syntax checking information may be incorrect. [C:\Users\aneel\Downloads\CSE100 LABS\lab6INTIAL\lab6INTIAL.srcs\sources_1\new\applefsm1.v:]
WARNING: [filemgmt 56-199] Attempt to get parsing info during refresh. "On-the-fly" syntax checking information may be incorrect. [C:\Users\aneel\Downloads\Lab5FINALFINAL.xpr\Lab5\Lab5.srcs\sources_1\imports\Downloads\lfsr.v:]
launch_runs impl_1 -to_step write_bitstream -jobs 8
[Wed Mar  4 21:52:12 2026] Launched synth_1...
Run output will be captured here: C:/Users/aneel/Downloads/CSE100 LABS/lab6INTIAL/lab6INTIAL.runs/synth_1/runme.log
[Wed Mar  4 21:52:12 2026] Launched impl_1...
Run output will be captured here: C:/Users/aneel/Downloads/CSE100 LABS/lab6INTIAL/lab6INTIAL.runs/impl_1/runme.log
set_property PROBES.FILE {} [get_hw_devices xc7a35t_0]
set_property FULL_PROBES.FILE {} [get_hw_devices xc7a35t_0]
set_property PROGRAM.FILE {C:/Users/aneel/Downloads/CSE100 LABS/lab6INTIAL/lab6INTIAL.runs/impl_1/top.bit} [get_hw_devices xc7a35t_0]
program_hw_devices [get_hw_devices xc7a35t_0]
INFO: [Labtools 27-3164] End of startup status: HIGH
refresh_hw_device [lindex [get_hw_devices xc7a35t_0] 0]
INFO: [Labtools 27-1434] Device xc7a35t (JTAG device index = 0) is programmed with a design that has no supported debug core(s) in it.
WARNING: [filemgmt 56-199] Attempt to get parsing info during refresh. "On-the-fly" syntax checking information may be incorrect. [C:\Users\aneel\Downloads\CSE100 LABS\lab6INTIAL\lab6INTIAL.srcs\sources_1\new\top.v:]
WARNING: [filemgmt 56-199] Attempt to get parsing info during refresh. "On-the-fly" syntax checking information may be incorrect. [C:\Users\aneel\Downloads\CSE100 LABS\lab6INTIAL\lab6INTIAL.srcs\sources_1\new\applefsm1.v:]
WARNING: [filemgmt 56-199] Attempt to get parsing info during refresh. "On-the-fly" syntax checking information may be incorrect. [C:\Users\aneel\Downloads\Lab5FINALFINAL.xpr\Lab5\Lab5.srcs\sources_1\imports\Downloads\lfsr.v:]
reset_run synth_1
INFO: [Project 1-1161] Replacing file C:/Users/aneel/Downloads/CSE100 LABS/lab6INTIAL/lab6INTIAL.srcs/utils_1/imports/synth_1/top.dcp with file C:/Users/aneel/Downloads/CSE100 LABS/lab6INTIAL/lab6INTIAL.runs/synth_1/top.dcp
WARNING: [filemgmt 56-199] Attempt to get parsing info during refresh. "On-the-fly" syntax checking information may be incorrect. [C:\Users\aneel\Downloads\CSE100 LABS\lab6INTIAL\lab6INTIAL.srcs\sources_1\new\top.v:]
WARNING: [filemgmt 56-199] Attempt to get parsing info during refresh. "On-the-fly" syntax checking information may be incorrect. [C:\Users\aneel\Downloads\CSE100 LABS\lab6INTIAL\lab6INTIAL.srcs\sources_1\new\applefsm1.v:]
WARNING: [filemgmt 56-199] Attempt to get parsing info during refresh. "On-the-fly" syntax checking information may be incorrect. [C:\Users\aneel\Downloads\Lab5FINALFINAL.xpr\Lab5\Lab5.srcs\sources_1\imports\Downloads\lfsr.v:]
launch_runs impl_1 -to_step write_bitstream -jobs 8
[Wed Mar  4 22:03:52 2026] Launched synth_1...
Run output will be captured here: C:/Users/aneel/Downloads/CSE100 LABS/lab6INTIAL/lab6INTIAL.runs/synth_1/runme.log
[Wed Mar  4 22:03:52 2026] Launched impl_1...
Run output will be captured here: C:/Users/aneel/Downloads/CSE100 LABS/lab6INTIAL/lab6INTIAL.runs/impl_1/runme.log
set_property PROBES.FILE {} [get_hw_devices xc7a35t_0]
set_property FULL_PROBES.FILE {} [get_hw_devices xc7a35t_0]
set_property PROGRAM.FILE {C:/Users/aneel/Downloads/CSE100 LABS/lab6INTIAL/lab6INTIAL.runs/impl_1/top.bit} [get_hw_devices xc7a35t_0]
program_hw_devices [get_hw_devices xc7a35t_0]
INFO: [Labtools 27-3164] End of startup status: HIGH
refresh_hw_device [lindex [get_hw_devices xc7a35t_0] 0]
INFO: [Labtools 27-1434] Device xc7a35t (JTAG device index = 0) is programmed with a design that has no supported debug core(s) in it.
WARNING: [filemgmt 56-199] Attempt to get parsing info during refresh. "On-the-fly" syntax checking information may be incorrect. [C:\Users\aneel\Downloads\CSE100 LABS\lab6INTIAL\lab6INTIAL.srcs\sources_1\new\top.v:]
WARNING: [filemgmt 56-199] Attempt to get parsing info during refresh. "On-the-fly" syntax checking information may be incorrect. [C:\Users\aneel\Downloads\CSE100 LABS\lab6INTIAL\lab6INTIAL.srcs\sources_1\new\applefsm1.v:]
WARNING: [filemgmt 56-199] Attempt to get parsing info during refresh. "On-the-fly" syntax checking information may be incorrect. [C:\Users\aneel\Downloads\Lab5FINALFINAL.xpr\Lab5\Lab5.srcs\sources_1\imports\Downloads\lfsr.v:]
WARNING: [filemgmt 56-199] Attempt to get parsing info during refresh. "On-the-fly" syntax checking information may be incorrect. [C:\Users\aneel\Downloads\CSE100 LABS\lab6INTIAL\lab6INTIAL.srcs\sources_1\new\top.v:]
WARNING: [filemgmt 56-199] Attempt to get parsing info during refresh. "On-the-fly" syntax checking information may be incorrect. [C:\Users\aneel\Downloads\CSE100 LABS\lab6INTIAL\lab6INTIAL.srcs\sources_1\new\applefsm1.v:]
WARNING: [filemgmt 56-199] Attempt to get parsing info during refresh. "On-the-fly" syntax checking information may be incorrect. [C:\Users\aneel\Downloads\Lab5FINALFINAL.xpr\Lab5\Lab5.srcs\sources_1\imports\Downloads\lfsr.v:]
reset_run synth_1
INFO: [Project 1-1161] Replacing file C:/Users/aneel/Downloads/CSE100 LABS/lab6INTIAL/lab6INTIAL.srcs/utils_1/imports/synth_1/top.dcp with file C:/Users/aneel/Downloads/CSE100 LABS/lab6INTIAL/lab6INTIAL.runs/synth_1/top.dcp
WARNING: [filemgmt 56-199] Attempt to get parsing info during refresh. "On-the-fly" syntax checking information may be incorrect. [C:\Users\aneel\Downloads\CSE100 LABS\lab6INTIAL\lab6INTIAL.srcs\sources_1\new\top.v:]
WARNING: [filemgmt 56-199] Attempt to get parsing info during refresh. "On-the-fly" syntax checking information may be incorrect. [C:\Users\aneel\Downloads\CSE100 LABS\lab6INTIAL\lab6INTIAL.srcs\sources_1\new\applefsm1.v:]
WARNING: [filemgmt 56-199] Attempt to get parsing info during refresh. "On-the-fly" syntax checking information may be incorrect. [C:\Users\aneel\Downloads\Lab5FINALFINAL.xpr\Lab5\Lab5.srcs\sources_1\imports\Downloads\lfsr.v:]
WARNING: [filemgmt 56-199] Attempt to get parsing info during refresh. "On-the-fly" syntax checking information may be incorrect. [C:\Users\aneel\Downloads\CSE100 LABS\lab6INTIAL\lab6INTIAL.srcs\sources_1\new\top.v:]
launch_runs impl_1 -to_step write_bitstream -jobs 8
[Wed Mar  4 22:11:09 2026] Launched synth_1...
Run output will be captured here: C:/Users/aneel/Downloads/CSE100 LABS/lab6INTIAL/lab6INTIAL.runs/synth_1/runme.log
[Wed Mar  4 22:11:09 2026] Launched impl_1...
Run output will be captured here: C:/Users/aneel/Downloads/CSE100 LABS/lab6INTIAL/lab6INTIAL.runs/impl_1/runme.log
WARNING: [filemgmt 56-199] Attempt to get parsing info during refresh. "On-the-fly" syntax checking information may be incorrect. [C:\Users\aneel\Downloads\CSE100 LABS\lab6INTIAL\lab6INTIAL.srcs\sources_1\new\top.v:]
WARNING: [filemgmt 56-199] Attempt to get parsing info during refresh. "On-the-fly" syntax checking information may be incorrect. [C:\Users\aneel\Downloads\CSE100 LABS\lab6INTIAL\lab6INTIAL.srcs\sources_1\new\applefsm1.v:]
WARNING: [filemgmt 56-199] Attempt to get parsing info during refresh. "On-the-fly" syntax checking information may be incorrect. [C:\Users\aneel\Downloads\Lab5FINALFINAL.xpr\Lab5\Lab5.srcs\sources_1\imports\Downloads\lfsr.v:]
WARNING: [filemgmt 56-199] Attempt to get parsing info during refresh. "On-the-fly" syntax checking information may be incorrect. [C:\Users\aneel\Downloads\CSE100 LABS\lab6INTIAL\lab6INTIAL.srcs\sources_1\new\top.v:]
reset_run synth_1
INFO: [Project 1-1161] Replacing file C:/Users/aneel/Downloads/CSE100 LABS/lab6INTIAL/lab6INTIAL.srcs/utils_1/imports/synth_1/top.dcp with file C:/Users/aneel/Downloads/CSE100 LABS/lab6INTIAL/lab6INTIAL.runs/synth_1/top.dcp
WARNING: [filemgmt 56-199] Attempt to get parsing info during refresh. "On-the-fly" syntax checking information may be incorrect. [C:\Users\aneel\Downloads\CSE100 LABS\lab6INTIAL\lab6INTIAL.srcs\sources_1\new\top.v:]
WARNING: [filemgmt 56-199] Attempt to get parsing info during refresh. "On-the-fly" syntax checking information may be incorrect. [C:\Users\aneel\Downloads\CSE100 LABS\lab6INTIAL\lab6INTIAL.srcs\sources_1\new\applefsm1.v:]
WARNING: [filemgmt 56-199] Attempt to get parsing info during refresh. "On-the-fly" syntax checking information may be incorrect. [C:\Users\aneel\Downloads\Lab5FINALFINAL.xpr\Lab5\Lab5.srcs\sources_1\imports\Downloads\lfsr.v:]
WARNING: [filemgmt 56-199] Attempt to get parsing info during refresh. "On-the-fly" syntax checking information may be incorrect. [C:\Users\aneel\Downloads\CSE100 LABS\lab6INTIAL\lab6INTIAL.srcs\sources_1\new\top.v:]
WARNING: [filemgmt 56-199] Attempt to get parsing info during refresh. "On-the-fly" syntax checking information may be incorrect. [C:\Users\aneel\Downloads\CSE100 LABS\lab6INTIAL\lab6INTIAL.srcs\sources_1\new\applefsm1.v:]
WARNING: [filemgmt 56-199] Attempt to get parsing info during refresh. "On-the-fly" syntax checking information may be incorrect. [C:\Users\aneel\Downloads\Lab5FINALFINAL.xpr\Lab5\Lab5.srcs\sources_1\imports\Downloads\lfsr.v:]
ERROR: [Common 17-180] Spawn failed: No error
launch_runs impl_1 -to_step write_bitstream -jobs 8
[Wed Mar  4 22:15:15 2026] Launched synth_1...
Run output will be captured here: C:/Users/aneel/Downloads/CSE100 LABS/lab6INTIAL/lab6INTIAL.runs/synth_1/runme.log
[Wed Mar  4 22:15:15 2026] Launched impl_1...
Run output will be captured here: C:/Users/aneel/Downloads/CSE100 LABS/lab6INTIAL/lab6INTIAL.runs/impl_1/runme.log
set_property PROBES.FILE {} [get_hw_devices xc7a35t_0]
set_property FULL_PROBES.FILE {} [get_hw_devices xc7a35t_0]
set_property PROGRAM.FILE {C:/Users/aneel/Downloads/CSE100 LABS/lab6INTIAL/lab6INTIAL.runs/impl_1/top.bit} [get_hw_devices xc7a35t_0]
program_hw_devices [get_hw_devices xc7a35t_0]
INFO: [Labtools 27-3164] End of startup status: HIGH
refresh_hw_device [lindex [get_hw_devices xc7a35t_0] 0]
INFO: [Labtools 27-1434] Device xc7a35t (JTAG device index = 0) is programmed with a design that has no supported debug core(s) in it.
WARNING: [filemgmt 56-199] Attempt to get parsing info during refresh. "On-the-fly" syntax checking information may be incorrect. [C:\Users\aneel\Downloads\CSE100 LABS\lab6INTIAL\lab6INTIAL.srcs\sources_1\new\top.v:]
WARNING: [filemgmt 56-199] Attempt to get parsing info during refresh. "On-the-fly" syntax checking information may be incorrect. [C:\Users\aneel\Downloads\CSE100 LABS\lab6INTIAL\lab6INTIAL.srcs\sources_1\new\applefsm1.v:]
WARNING: [filemgmt 56-199] Attempt to get parsing info during refresh. "On-the-fly" syntax checking information may be incorrect. [C:\Users\aneel\Downloads\Lab5FINALFINAL.xpr\Lab5\Lab5.srcs\sources_1\imports\Downloads\lfsr.v:]
WARNING: [filemgmt 56-199] Attempt to get parsing info during refresh. "On-the-fly" syntax checking information may be incorrect. [C:\Users\aneel\Downloads\CSE100 LABS\lab6INTIAL\lab6INTIAL.srcs\sources_1\new\top.v:]
WARNING: [filemgmt 56-199] Attempt to get parsing info during refresh. "On-the-fly" syntax checking information may be incorrect. [C:\Users\aneel\Downloads\CSE100 LABS\lab6INTIAL\lab6INTIAL.srcs\sources_1\new\applefsm1.v:]
WARNING: [filemgmt 56-199] Attempt to get parsing info during refresh. "On-the-fly" syntax checking information may be incorrect. [C:\Users\aneel\Downloads\Lab5FINALFINAL.xpr\Lab5\Lab5.srcs\sources_1\imports\Downloads\lfsr.v:]
reset_run synth_1
INFO: [Project 1-1161] Replacing file C:/Users/aneel/Downloads/CSE100 LABS/lab6INTIAL/lab6INTIAL.srcs/utils_1/imports/synth_1/top.dcp with file C:/Users/aneel/Downloads/CSE100 LABS/lab6INTIAL/lab6INTIAL.runs/synth_1/top.dcp
WARNING: [filemgmt 56-199] Attempt to get parsing info during refresh. "On-the-fly" syntax checking information may be incorrect. [C:\Users\aneel\Downloads\CSE100 LABS\lab6INTIAL\lab6INTIAL.srcs\sources_1\new\top.v:]
WARNING: [filemgmt 56-199] Attempt to get parsing info during refresh. "On-the-fly" syntax checking information may be incorrect. [C:\Users\aneel\Downloads\CSE100 LABS\lab6INTIAL\lab6INTIAL.srcs\sources_1\new\applefsm1.v:]
WARNING: [filemgmt 56-199] Attempt to get parsing info during refresh. "On-the-fly" syntax checking information may be incorrect. [C:\Users\aneel\Downloads\Lab5FINALFINAL.xpr\Lab5\Lab5.srcs\sources_1\imports\Downloads\lfsr.v:]
launch_runs impl_1 -to_step write_bitstream -jobs 8
[Wed Mar  4 22:21:22 2026] Launched synth_1...
Run output will be captured here: C:/Users/aneel/Downloads/CSE100 LABS/lab6INTIAL/lab6INTIAL.runs/synth_1/runme.log
[Wed Mar  4 22:21:22 2026] Launched impl_1...
Run output will be captured here: C:/Users/aneel/Downloads/CSE100 LABS/lab6INTIAL/lab6INTIAL.runs/impl_1/runme.log
WARNING: [filemgmt 56-199] Attempt to get parsing info during refresh. "On-the-fly" syntax checking information may be incorrect. [C:\Users\aneel\Downloads\CSE100 LABS\lab6INTIAL\lab6INTIAL.srcs\sources_1\new\top.v:]
WARNING: [filemgmt 56-199] Attempt to get parsing info during refresh. "On-the-fly" syntax checking information may be incorrect. [C:\Users\aneel\Downloads\CSE100 LABS\lab6INTIAL\lab6INTIAL.srcs\sources_1\new\applefsm1.v:]
WARNING: [filemgmt 56-199] Attempt to get parsing info during refresh. "On-the-fly" syntax checking information may be incorrect. [C:\Users\aneel\Downloads\Lab5FINALFINAL.xpr\Lab5\Lab5.srcs\sources_1\imports\Downloads\lfsr.v:]
ERROR: [Common 17-180] Spawn failed: No error
set_property PROBES.FILE {} [get_hw_devices xc7a35t_0]
set_property FULL_PROBES.FILE {} [get_hw_devices xc7a35t_0]
set_property PROGRAM.FILE {C:/Users/aneel/Downloads/CSE100 LABS/lab6INTIAL/lab6INTIAL.runs/impl_1/top.bit} [get_hw_devices xc7a35t_0]
program_hw_devices [get_hw_devices xc7a35t_0]
INFO: [Labtools 27-3164] End of startup status: HIGH
refresh_hw_device [lindex [get_hw_devices xc7a35t_0] 0]
INFO: [Labtools 27-1434] Device xc7a35t (JTAG device index = 0) is programmed with a design that has no supported debug core(s) in it.
set_property PROBES.FILE {} [get_hw_devices xc7a35t_0]
set_property FULL_PROBES.FILE {} [get_hw_devices xc7a35t_0]
set_property PROGRAM.FILE {C:/Users/aneel/Downloads/CSE100 LABS/lab6INTIAL/lab6INTIAL.runs/impl_1/top.bit} [get_hw_devices xc7a35t_0]
program_hw_devices [get_hw_devices xc7a35t_0]
INFO: [Labtools 27-3164] End of startup status: HIGH
refresh_hw_device [lindex [get_hw_devices xc7a35t_0] 0]
INFO: [Labtools 27-1434] Device xc7a35t (JTAG device index = 0) is programmed with a design that has no supported debug core(s) in it.
reset_run synth_1
INFO: [Project 1-1161] Replacing file C:/Users/aneel/Downloads/CSE100 LABS/lab6INTIAL/lab6INTIAL.srcs/utils_1/imports/synth_1/top.dcp with file C:/Users/aneel/Downloads/CSE100 LABS/lab6INTIAL/lab6INTIAL.runs/synth_1/top.dcp
WARNING: [filemgmt 56-199] Attempt to get parsing info during refresh. "On-the-fly" syntax checking information may be incorrect. [C:\Users\aneel\Downloads\CSE100 LABS\lab6INTIAL\lab6INTIAL.srcs\sources_1\new\top.v:]
WARNING: [filemgmt 56-199] Attempt to get parsing info during refresh. "On-the-fly" syntax checking information may be incorrect. [C:\Users\aneel\Downloads\CSE100 LABS\lab6INTIAL\lab6INTIAL.srcs\sources_1\new\applefsm1.v:]
WARNING: [filemgmt 56-199] Attempt to get parsing info during refresh. "On-the-fly" syntax checking information may be incorrect. [C:\Users\aneel\Downloads\Lab5FINALFINAL.xpr\Lab5\Lab5.srcs\sources_1\imports\Downloads\lfsr.v:]
WARNING: [filemgmt 56-199] Attempt to get parsing info during refresh. "On-the-fly" syntax checking information may be incorrect. [C:\Users\aneel\Downloads\CSE100 LABS\lab6INTIAL\lab6INTIAL.srcs\sources_1\new\top.v:]
WARNING: [filemgmt 56-199] Attempt to get parsing info during refresh. "On-the-fly" syntax checking information may be incorrect. [C:\Users\aneel\Downloads\CSE100 LABS\lab6INTIAL\lab6INTIAL.srcs\sources_1\new\applefsm1.v:]
WARNING: [filemgmt 56-199] Attempt to get parsing info during refresh. "On-the-fly" syntax checking information may be incorrect. [C:\Users\aneel\Downloads\Lab5FINALFINAL.xpr\Lab5\Lab5.srcs\sources_1\imports\Downloads\lfsr.v:]
WARNING: [filemgmt 56-199] Attempt to get parsing info during refresh. "On-the-fly" syntax checking information may be incorrect. [C:\Users\aneel\Downloads\CSE100 LABS\lab6INTIAL\lab6INTIAL.srcs\sources_1\new\top.v:]
WARNING: [filemgmt 56-199] Attempt to get parsing info during refresh. "On-the-fly" syntax checking information may be incorrect. [C:\Users\aneel\Downloads\CSE100 LABS\lab6INTIAL\lab6INTIAL.srcs\sources_1\new\applefsm1.v:]
WARNING: [filemgmt 56-199] Attempt to get parsing info during refresh. "On-the-fly" syntax checking information may be incorrect. [C:\Users\aneel\Downloads\Lab5FINALFINAL.xpr\Lab5\Lab5.srcs\sources_1\imports\Downloads\lfsr.v:]
WARNING: [filemgmt 56-199] Attempt to get parsing info during refresh. "On-the-fly" syntax checking information may be incorrect. [C:\Users\aneel\Downloads\CSE100 LABS\lab6INTIAL\lab6INTIAL.srcs\sources_1\new\top.v:]
WARNING: [filemgmt 56-199] Attempt to get parsing info during refresh. "On-the-fly" syntax checking information may be incorrect. [C:\Users\aneel\Downloads\CSE100 LABS\lab6INTIAL\lab6INTIAL.srcs\sources_1\new\applefsm1.v:]
WARNING: [filemgmt 56-199] Attempt to get parsing info during refresh. "On-the-fly" syntax checking information may be incorrect. [C:\Users\aneel\Downloads\Lab5FINALFINAL.xpr\Lab5\Lab5.srcs\sources_1\imports\Downloads\lfsr.v:]
WARNING: [filemgmt 56-199] Attempt to get parsing info during refresh. "On-the-fly" syntax checking information may be incorrect. [C:\Users\aneel\Downloads\CSE100 LABS\lab6INTIAL\lab6INTIAL.srcs\sources_1\new\top.v:]
WARNING: [filemgmt 56-199] Attempt to get parsing info during refresh. "On-the-fly" syntax checking information may be incorrect. [C:\Users\aneel\Downloads\CSE100 LABS\lab6INTIAL\lab6INTIAL.srcs\sources_1\new\applefsm1.v:]
WARNING: [filemgmt 56-199] Attempt to get parsing info during refresh. "On-the-fly" syntax checking information may be incorrect. [C:\Users\aneel\Downloads\Lab5FINALFINAL.xpr\Lab5\Lab5.srcs\sources_1\imports\Downloads\lfsr.v:]
ERROR: [Common 17-180] Spawn failed: No error
launch_runs impl_1 -to_step write_bitstream -jobs 8
[Wed Mar  4 22:33:58 2026] Launched synth_1...
Run output will be captured here: C:/Users/aneel/Downloads/CSE100 LABS/lab6INTIAL/lab6INTIAL.runs/synth_1/runme.log
[Wed Mar  4 22:33:58 2026] Launched impl_1...
Run output will be captured here: C:/Users/aneel/Downloads/CSE100 LABS/lab6INTIAL/lab6INTIAL.runs/impl_1/runme.log
set_property PROBES.FILE {} [get_hw_devices xc7a35t_0]
set_property FULL_PROBES.FILE {} [get_hw_devices xc7a35t_0]
set_property PROGRAM.FILE {C:/Users/aneel/Downloads/CSE100 LABS/lab6INTIAL/lab6INTIAL.runs/impl_1/top.bit} [get_hw_devices xc7a35t_0]
program_hw_devices [get_hw_devices xc7a35t_0]
INFO: [Labtools 27-3164] End of startup status: HIGH
refresh_hw_device [lindex [get_hw_devices xc7a35t_0] 0]
INFO: [Labtools 27-1434] Device xc7a35t (JTAG device index = 0) is programmed with a design that has no supported debug core(s) in it.
WARNING: [filemgmt 56-199] Attempt to get parsing info during refresh. "On-the-fly" syntax checking information may be incorrect. [C:\Users\aneel\Downloads\CSE100 LABS\lab6INTIAL\lab6INTIAL.srcs\sources_1\new\top.v:]
WARNING: [filemgmt 56-199] Attempt to get parsing info during refresh. "On-the-fly" syntax checking information may be incorrect. [C:\Users\aneel\Downloads\CSE100 LABS\lab6INTIAL\lab6INTIAL.srcs\sources_1\new\applefsm1.v:]
WARNING: [filemgmt 56-199] Attempt to get parsing info during refresh. "On-the-fly" syntax checking information may be incorrect. [C:\Users\aneel\Downloads\Lab5FINALFINAL.xpr\Lab5\Lab5.srcs\sources_1\imports\Downloads\lfsr.v:]
WARNING: [filemgmt 56-199] Attempt to get parsing info during refresh. "On-the-fly" syntax checking information may be incorrect. [C:\Users\aneel\Downloads\CSE100 LABS\lab6INTIAL\lab6INTIAL.srcs\sources_1\new\top.v:]
WARNING: [filemgmt 56-199] Attempt to get parsing info during refresh. "On-the-fly" syntax checking information may be incorrect. [C:\Users\aneel\Downloads\CSE100 LABS\lab6INTIAL\lab6INTIAL.srcs\sources_1\new\applefsm1.v:]
WARNING: [filemgmt 56-199] Attempt to get parsing info during refresh. "On-the-fly" syntax checking information may be incorrect. [C:\Users\aneel\Downloads\Lab5FINALFINAL.xpr\Lab5\Lab5.srcs\sources_1\imports\Downloads\lfsr.v:]
reset_run synth_1
INFO: [Project 1-1161] Replacing file C:/Users/aneel/Downloads/CSE100 LABS/lab6INTIAL/lab6INTIAL.srcs/utils_1/imports/synth_1/top.dcp with file C:/Users/aneel/Downloads/CSE100 LABS/lab6INTIAL/lab6INTIAL.runs/synth_1/top.dcp
WARNING: [filemgmt 56-199] Attempt to get parsing info during refresh. "On-the-fly" syntax checking information may be incorrect. [C:\Users\aneel\Downloads\CSE100 LABS\lab6INTIAL\lab6INTIAL.srcs\sources_1\new\top.v:]
WARNING: [filemgmt 56-199] Attempt to get parsing info during refresh. "On-the-fly" syntax checking information may be incorrect. [C:\Users\aneel\Downloads\CSE100 LABS\lab6INTIAL\lab6INTIAL.srcs\sources_1\new\applefsm1.v:]
WARNING: [filemgmt 56-199] Attempt to get parsing info during refresh. "On-the-fly" syntax checking information may be incorrect. [C:\Users\aneel\Downloads\Lab5FINALFINAL.xpr\Lab5\Lab5.srcs\sources_1\imports\Downloads\lfsr.v:]
WARNING: [filemgmt 56-199] Attempt to get parsing info during refresh. "On-the-fly" syntax checking information may be incorrect. [C:\Users\aneel\Downloads\CSE100 LABS\lab6INTIAL\lab6INTIAL.srcs\sources_1\new\top.v:]
WARNING: [filemgmt 56-199] Attempt to get parsing info during refresh. "On-the-fly" syntax checking information may be incorrect. [C:\Users\aneel\Downloads\CSE100 LABS\lab6INTIAL\lab6INTIAL.srcs\sources_1\new\applefsm1.v:]
launch_runs impl_1 -to_step write_bitstream -jobs 8
[Wed Mar  4 22:42:20 2026] Launched synth_1...
Run output will be captured here: C:/Users/aneel/Downloads/CSE100 LABS/lab6INTIAL/lab6INTIAL.runs/synth_1/runme.log
[Wed Mar  4 22:42:20 2026] Launched impl_1...
Run output will be captured here: C:/Users/aneel/Downloads/CSE100 LABS/lab6INTIAL/lab6INTIAL.runs/impl_1/runme.log
WARNING: [filemgmt 56-199] Attempt to get parsing info during refresh. "On-the-fly" syntax checking information may be incorrect. [C:\Users\aneel\Downloads\CSE100 LABS\lab6INTIAL\lab6INTIAL.srcs\sources_1\new\top.v:]
WARNING: [filemgmt 56-199] Attempt to get parsing info during refresh. "On-the-fly" syntax checking information may be incorrect. [C:\Users\aneel\Downloads\CSE100 LABS\lab6INTIAL\lab6INTIAL.srcs\sources_1\new\applefsm1.v:]
WARNING: [filemgmt 56-199] Attempt to get parsing info during refresh. "On-the-fly" syntax checking information may be incorrect. [C:\Users\aneel\Downloads\Lab5FINALFINAL.xpr\Lab5\Lab5.srcs\sources_1\imports\Downloads\lfsr.v:]
WARNING: [filemgmt 56-199] Attempt to get parsing info during refresh. "On-the-fly" syntax checking information may be incorrect. [C:\Users\aneel\Downloads\CSE100 LABS\lab6INTIAL\lab6INTIAL.srcs\sources_1\new\top.v:]
WARNING: [filemgmt 56-199] Attempt to get parsing info during refresh. "On-the-fly" syntax checking information may be incorrect. [C:\Users\aneel\Downloads\CSE100 LABS\lab6INTIAL\lab6INTIAL.srcs\sources_1\new\applefsm1.v:]
WARNING: [filemgmt 56-199] Attempt to get parsing info during refresh. "On-the-fly" syntax checking information may be incorrect. [C:\Users\aneel\Downloads\Lab5FINALFINAL.xpr\Lab5\Lab5.srcs\sources_1\imports\Downloads\lfsr.v:]
ERROR: [Common 17-180] Spawn failed: No error
set_property PROBES.FILE {} [get_hw_devices xc7a35t_0]
set_property FULL_PROBES.FILE {} [get_hw_devices xc7a35t_0]
set_property PROGRAM.FILE {C:/Users/aneel/Downloads/CSE100 LABS/lab6INTIAL/lab6INTIAL.runs/impl_1/top.bit} [get_hw_devices xc7a35t_0]
program_hw_devices [get_hw_devices xc7a35t_0]
INFO: [Labtools 27-3164] End of startup status: HIGH
refresh_hw_device [lindex [get_hw_devices xc7a35t_0] 0]
INFO: [Labtools 27-1434] Device xc7a35t (JTAG device index = 0) is programmed with a design that has no supported debug core(s) in it.
WARNING: [filemgmt 56-199] Attempt to get parsing info during refresh. "On-the-fly" syntax checking information may be incorrect. [C:\Users\aneel\Downloads\CSE100 LABS\lab6INTIAL\lab6INTIAL.srcs\sources_1\new\top.v:]
WARNING: [filemgmt 56-199] Attempt to get parsing info during refresh. "On-the-fly" syntax checking information may be incorrect. [C:\Users\aneel\Downloads\CSE100 LABS\lab6INTIAL\lab6INTIAL.srcs\sources_1\new\applefsm1.v:]
WARNING: [filemgmt 56-199] Attempt to get parsing info during refresh. "On-the-fly" syntax checking information may be incorrect. [C:\Users\aneel\Downloads\Lab5FINALFINAL.xpr\Lab5\Lab5.srcs\sources_1\imports\Downloads\lfsr.v:]
reset_run synth_1
INFO: [Project 1-1161] Replacing file C:/Users/aneel/Downloads/CSE100 LABS/lab6INTIAL/lab6INTIAL.srcs/utils_1/imports/synth_1/top.dcp with file C:/Users/aneel/Downloads/CSE100 LABS/lab6INTIAL/lab6INTIAL.runs/synth_1/top.dcp
WARNING: [filemgmt 56-199] Attempt to get parsing info during refresh. "On-the-fly" syntax checking information may be incorrect. [C:\Users\aneel\Downloads\CSE100 LABS\lab6INTIAL\lab6INTIAL.srcs\sources_1\new\top.v:]
WARNING: [filemgmt 56-199] Attempt to get parsing info during refresh. "On-the-fly" syntax checking information may be incorrect. [C:\Users\aneel\Downloads\CSE100 LABS\lab6INTIAL\lab6INTIAL.srcs\sources_1\new\applefsm1.v:]
WARNING: [filemgmt 56-199] Attempt to get parsing info during refresh. "On-the-fly" syntax checking information may be incorrect. [C:\Users\aneel\Downloads\Lab5FINALFINAL.xpr\Lab5\Lab5.srcs\sources_1\imports\Downloads\lfsr.v:]
launch_runs impl_1 -to_step write_bitstream -jobs 8
[Wed Mar  4 22:47:00 2026] Launched synth_1...
Run output will be captured here: C:/Users/aneel/Downloads/CSE100 LABS/lab6INTIAL/lab6INTIAL.runs/synth_1/runme.log
[Wed Mar  4 22:47:00 2026] Launched impl_1...
Run output will be captured here: C:/Users/aneel/Downloads/CSE100 LABS/lab6INTIAL/lab6INTIAL.runs/impl_1/runme.log
WARNING: [filemgmt 56-199] Attempt to get parsing info during refresh. "On-the-fly" syntax checking information may be incorrect. [C:\Users\aneel\Downloads\CSE100 LABS\lab6INTIAL\lab6INTIAL.srcs\sources_1\new\top.v:]
WARNING: [filemgmt 56-199] Attempt to get parsing info during refresh. "On-the-fly" syntax checking information may be incorrect. [C:\Users\aneel\Downloads\CSE100 LABS\lab6INTIAL\lab6INTIAL.srcs\sources_1\new\applefsm1.v:]
WARNING: [filemgmt 56-199] Attempt to get parsing info during refresh. "On-the-fly" syntax checking information may be incorrect. [C:\Users\aneel\Downloads\Lab5FINALFINAL.xpr\Lab5\Lab5.srcs\sources_1\imports\Downloads\lfsr.v:]
WARNING: [filemgmt 56-199] Attempt to get parsing info during refresh. "On-the-fly" syntax checking information may be incorrect. [C:\Users\aneel\Downloads\CSE100 LABS\lab6INTIAL\lab6INTIAL.srcs\sources_1\new\top.v:]
reset_run synth_1
INFO: [Project 1-1161] Replacing file C:/Users/aneel/Downloads/CSE100 LABS/lab6INTIAL/lab6INTIAL.srcs/utils_1/imports/synth_1/top.dcp with file C:/Users/aneel/Downloads/CSE100 LABS/lab6INTIAL/lab6INTIAL.runs/synth_1/top.dcp
WARNING: [filemgmt 56-199] Attempt to get parsing info during refresh. "On-the-fly" syntax checking information may be incorrect. [C:\Users\aneel\Downloads\CSE100 LABS\lab6INTIAL\lab6INTIAL.srcs\sources_1\new\top.v:]
WARNING: [filemgmt 56-199] Attempt to get parsing info during refresh. "On-the-fly" syntax checking information may be incorrect. [C:\Users\aneel\Downloads\CSE100 LABS\lab6INTIAL\lab6INTIAL.srcs\sources_1\new\applefsm1.v:]
WARNING: [filemgmt 56-199] Attempt to get parsing info during refresh. "On-the-fly" syntax checking information may be incorrect. [C:\Users\aneel\Downloads\Lab5FINALFINAL.xpr\Lab5\Lab5.srcs\sources_1\imports\Downloads\lfsr.v:]
WARNING: [filemgmt 56-199] Attempt to get parsing info during refresh. "On-the-fly" syntax checking information may be incorrect. [C:\Users\aneel\Downloads\CSE100 LABS\lab6INTIAL\lab6INTIAL.srcs\sources_1\new\top.v:]
WARNING: [filemgmt 56-199] Attempt to get parsing info during refresh. "On-the-fly" syntax checking information may be incorrect. [C:\Users\aneel\Downloads\CSE100 LABS\lab6INTIAL\lab6INTIAL.srcs\sources_1\new\applefsm1.v:]
WARNING: [filemgmt 56-199] Attempt to get parsing info during refresh. "On-the-fly" syntax checking information may be incorrect. [C:\Users\aneel\Downloads\Lab5FINALFINAL.xpr\Lab5\Lab5.srcs\sources_1\imports\Downloads\lfsr.v:]
launch_runs impl_1 -to_step write_bitstream -jobs 8
[Wed Mar  4 22:55:59 2026] Launched synth_1...
Run output will be captured here: C:/Users/aneel/Downloads/CSE100 LABS/lab6INTIAL/lab6INTIAL.runs/synth_1/runme.log
[Wed Mar  4 22:55:59 2026] Launched impl_1...
Run output will be captured here: C:/Users/aneel/Downloads/CSE100 LABS/lab6INTIAL/lab6INTIAL.runs/impl_1/runme.log
set_property PROBES.FILE {} [get_hw_devices xc7a35t_0]
set_property FULL_PROBES.FILE {} [get_hw_devices xc7a35t_0]
set_property PROGRAM.FILE {C:/Users/aneel/Downloads/CSE100 LABS/lab6INTIAL/lab6INTIAL.runs/impl_1/top.bit} [get_hw_devices xc7a35t_0]
program_hw_devices [get_hw_devices xc7a35t_0]
INFO: [Labtools 27-3164] End of startup status: HIGH
refresh_hw_device [lindex [get_hw_devices xc7a35t_0] 0]
INFO: [Labtools 27-1434] Device xc7a35t (JTAG device index = 0) is programmed with a design that has no supported debug core(s) in it.
reset_run synth_1
INFO: [Project 1-1161] Replacing file C:/Users/aneel/Downloads/CSE100 LABS/lab6INTIAL/lab6INTIAL.srcs/utils_1/imports/synth_1/top.dcp with file C:/Users/aneel/Downloads/CSE100 LABS/lab6INTIAL/lab6INTIAL.runs/synth_1/top.dcp
WARNING: [filemgmt 56-199] Attempt to get parsing info during refresh. "On-the-fly" syntax checking information may be incorrect. [C:\Users\aneel\Downloads\CSE100 LABS\lab6INTIAL\lab6INTIAL.srcs\sources_1\new\top.v:]
WARNING: [filemgmt 56-199] Attempt to get parsing info during refresh. "On-the-fly" syntax checking information may be incorrect. [C:\Users\aneel\Downloads\CSE100 LABS\lab6INTIAL\lab6INTIAL.srcs\sources_1\new\applefsm1.v:]
WARNING: [filemgmt 56-199] Attempt to get parsing info during refresh. "On-the-fly" syntax checking information may be incorrect. [C:\Users\aneel\Downloads\Lab5FINALFINAL.xpr\Lab5\Lab5.srcs\sources_1\imports\Downloads\lfsr.v:]
WARNING: [filemgmt 56-199] Attempt to get parsing info during refresh. "On-the-fly" syntax checking information may be incorrect. [C:\Users\aneel\Downloads\CSE100 LABS\lab6INTIAL\lab6INTIAL.srcs\sources_1\new\top.v:]
WARNING: [filemgmt 56-199] Attempt to get parsing info during refresh. "On-the-fly" syntax checking information may be incorrect. [C:\Users\aneel\Downloads\CSE100 LABS\lab6INTIAL\lab6INTIAL.srcs\sources_1\new\applefsm1.v:]
WARNING: [filemgmt 56-199] Attempt to get parsing info during refresh. "On-the-fly" syntax checking information may be incorrect. [C:\Users\aneel\Downloads\Lab5FINALFINAL.xpr\Lab5\Lab5.srcs\sources_1\imports\Downloads\lfsr.v:]
launch_runs impl_1 -to_step write_bitstream -jobs 8
[Wed Mar  4 23:02:34 2026] Launched synth_1...
Run output will be captured here: C:/Users/aneel/Downloads/CSE100 LABS/lab6INTIAL/lab6INTIAL.runs/synth_1/runme.log
[Wed Mar  4 23:02:34 2026] Launched impl_1...
Run output will be captured here: C:/Users/aneel/Downloads/CSE100 LABS/lab6INTIAL/lab6INTIAL.runs/impl_1/runme.log
WARNING: [filemgmt 56-199] Attempt to get parsing info during refresh. "On-the-fly" syntax checking information may be incorrect. [C:\Users\aneel\Downloads\CSE100 LABS\lab6INTIAL\lab6INTIAL.srcs\sources_1\new\top.v:]
WARNING: [filemgmt 56-199] Attempt to get parsing info during refresh. "On-the-fly" syntax checking information may be incorrect. [C:\Users\aneel\Downloads\CSE100 LABS\lab6INTIAL\lab6INTIAL.srcs\sources_1\new\applefsm1.v:]
WARNING: [filemgmt 56-199] Attempt to get parsing info during refresh. "On-the-fly" syntax checking information may be incorrect. [C:\Users\aneel\Downloads\Lab5FINALFINAL.xpr\Lab5\Lab5.srcs\sources_1\imports\Downloads\lfsr.v:]
WARNING: [filemgmt 56-199] Attempt to get parsing info during refresh. "On-the-fly" syntax checking information may be incorrect. [C:\Users\aneel\Downloads\CSE100 LABS\lab6INTIAL\lab6INTIAL.srcs\sources_1\new\top.v:]
WARNING: [filemgmt 56-199] Attempt to get parsing info during refresh. "On-the-fly" syntax checking information may be incorrect. [C:\Users\aneel\Downloads\CSE100 LABS\lab6INTIAL\lab6INTIAL.srcs\sources_1\new\applefsm1.v:]
WARNING: [filemgmt 56-199] Attempt to get parsing info during refresh. "On-the-fly" syntax checking information may be incorrect. [C:\Users\aneel\Downloads\Lab5FINALFINAL.xpr\Lab5\Lab5.srcs\sources_1\imports\Downloads\lfsr.v:]
ERROR: [Common 17-180] Spawn failed: No error
reset_run synth_1
INFO: [Project 1-1161] Replacing file C:/Users/aneel/Downloads/CSE100 LABS/lab6INTIAL/lab6INTIAL.srcs/utils_1/imports/synth_1/top.dcp with file C:/Users/aneel/Downloads/CSE100 LABS/lab6INTIAL/lab6INTIAL.runs/synth_1/top.dcp
WARNING: [filemgmt 56-199] Attempt to get parsing info during refresh. "On-the-fly" syntax checking information may be incorrect. [C:\Users\aneel\Downloads\CSE100 LABS\lab6INTIAL\lab6INTIAL.srcs\sources_1\new\top.v:]
WARNING: [filemgmt 56-199] Attempt to get parsing info during refresh. "On-the-fly" syntax checking information may be incorrect. [C:\Users\aneel\Downloads\CSE100 LABS\lab6INTIAL\lab6INTIAL.srcs\sources_1\new\applefsm1.v:]
WARNING: [filemgmt 56-199] Attempt to get parsing info during refresh. "On-the-fly" syntax checking information may be incorrect. [C:\Users\aneel\Downloads\Lab5FINALFINAL.xpr\Lab5\Lab5.srcs\sources_1\imports\Downloads\lfsr.v:]
WARNING: [filemgmt 56-199] Attempt to get parsing info during refresh. "On-the-fly" syntax checking information may be incorrect. [C:\Users\aneel\Downloads\CSE100 LABS\lab6INTIAL\lab6INTIAL.srcs\sources_1\new\top.v:]
WARNING: [filemgmt 56-199] Attempt to get parsing info during refresh. "On-the-fly" syntax checking information may be incorrect. [C:\Users\aneel\Downloads\CSE100 LABS\lab6INTIAL\lab6INTIAL.srcs\sources_1\new\applefsm1.v:]
WARNING: [filemgmt 56-199] Attempt to get parsing info during refresh. "On-the-fly" syntax checking information may be incorrect. [C:\Users\aneel\Downloads\Lab5FINALFINAL.xpr\Lab5\Lab5.srcs\sources_1\imports\Downloads\lfsr.v:]
launch_runs impl_1 -to_step write_bitstream -jobs 8
[Wed Mar  4 23:06:49 2026] Launched synth_1...
Run output will be captured here: C:/Users/aneel/Downloads/CSE100 LABS/lab6INTIAL/lab6INTIAL.runs/synth_1/runme.log
[Wed Mar  4 23:06:49 2026] Launched impl_1...
Run output will be captured here: C:/Users/aneel/Downloads/CSE100 LABS/lab6INTIAL/lab6INTIAL.runs/impl_1/runme.log
set_property PROBES.FILE {} [get_hw_devices xc7a35t_0]
set_property FULL_PROBES.FILE {} [get_hw_devices xc7a35t_0]
set_property PROGRAM.FILE {C:/Users/aneel/Downloads/CSE100 LABS/lab6INTIAL/lab6INTIAL.runs/impl_1/top.bit} [get_hw_devices xc7a35t_0]
program_hw_devices [get_hw_devices xc7a35t_0]
INFO: [Labtools 27-3164] End of startup status: HIGH
refresh_hw_device [lindex [get_hw_devices xc7a35t_0] 0]
INFO: [Labtools 27-1434] Device xc7a35t (JTAG device index = 0) is programmed with a design that has no supported debug core(s) in it.
WARNING: [filemgmt 56-199] Attempt to get parsing info during refresh. "On-the-fly" syntax checking information may be incorrect. [C:\Users\aneel\Downloads\CSE100 LABS\lab6INTIAL\lab6INTIAL.srcs\sources_1\new\top.v:]
WARNING: [filemgmt 56-199] Attempt to get parsing info during refresh. "On-the-fly" syntax checking information may be incorrect. [C:\Users\aneel\Downloads\CSE100 LABS\lab6INTIAL\lab6INTIAL.srcs\sources_1\new\applefsm1.v:]
WARNING: [filemgmt 56-199] Attempt to get parsing info during refresh. "On-the-fly" syntax checking information may be incorrect. [C:\Users\aneel\Downloads\Lab5FINALFINAL.xpr\Lab5\Lab5.srcs\sources_1\imports\Downloads\lfsr.v:]
WARNING: [filemgmt 56-199] Attempt to get parsing info during refresh. "On-the-fly" syntax checking information may be incorrect. [C:\Users\aneel\Downloads\CSE100 LABS\lab6INTIAL\lab6INTIAL.srcs\sources_1\new\top.v:]
WARNING: [filemgmt 56-199] Attempt to get parsing info during refresh. "On-the-fly" syntax checking information may be incorrect. [C:\Users\aneel\Downloads\CSE100 LABS\lab6INTIAL\lab6INTIAL.srcs\sources_1\new\applefsm1.v:]
WARNING: [filemgmt 56-199] Attempt to get parsing info during refresh. "On-the-fly" syntax checking information may be incorrect. [C:\Users\aneel\Downloads\Lab5FINALFINAL.xpr\Lab5\Lab5.srcs\sources_1\imports\Downloads\lfsr.v:]
reset_run synth_1
INFO: [Project 1-1161] Replacing file C:/Users/aneel/Downloads/CSE100 LABS/lab6INTIAL/lab6INTIAL.srcs/utils_1/imports/synth_1/top.dcp with file C:/Users/aneel/Downloads/CSE100 LABS/lab6INTIAL/lab6INTIAL.runs/synth_1/top.dcp
WARNING: [filemgmt 56-199] Attempt to get parsing info during refresh. "On-the-fly" syntax checking information may be incorrect. [C:\Users\aneel\Downloads\CSE100 LABS\lab6INTIAL\lab6INTIAL.srcs\sources_1\new\top.v:]
WARNING: [filemgmt 56-199] Attempt to get parsing info during refresh. "On-the-fly" syntax checking information may be incorrect. [C:\Users\aneel\Downloads\CSE100 LABS\lab6INTIAL\lab6INTIAL.srcs\sources_1\new\applefsm1.v:]
WARNING: [filemgmt 56-199] Attempt to get parsing info during refresh. "On-the-fly" syntax checking information may be incorrect. [C:\Users\aneel\Downloads\Lab5FINALFINAL.xpr\Lab5\Lab5.srcs\sources_1\imports\Downloads\lfsr.v:]
WARNING: [filemgmt 56-199] Attempt to get parsing info during refresh. "On-the-fly" syntax checking information may be incorrect. [C:\Users\aneel\Downloads\CSE100 LABS\lab6INTIAL\lab6INTIAL.srcs\sources_1\new\top.v:]
WARNING: [filemgmt 56-199] Attempt to get parsing info during refresh. "On-the-fly" syntax checking information may be incorrect. [C:\Users\aneel\Downloads\CSE100 LABS\lab6INTIAL\lab6INTIAL.srcs\sources_1\new\applefsm1.v:]
WARNING: [filemgmt 56-199] Attempt to get parsing info during refresh. "On-the-fly" syntax checking information may be incorrect. [C:\Users\aneel\Downloads\Lab5FINALFINAL.xpr\Lab5\Lab5.srcs\sources_1\imports\Downloads\lfsr.v:]
launch_runs impl_1 -to_step write_bitstream -jobs 8
[Wed Mar  4 23:11:57 2026] Launched synth_1...
Run output will be captured here: C:/Users/aneel/Downloads/CSE100 LABS/lab6INTIAL/lab6INTIAL.runs/synth_1/runme.log
[Wed Mar  4 23:11:57 2026] Launched impl_1...
Run output will be captured here: C:/Users/aneel/Downloads/CSE100 LABS/lab6INTIAL/lab6INTIAL.runs/impl_1/runme.log
WARNING: [filemgmt 56-199] Attempt to get parsing info during refresh. "On-the-fly" syntax checking information may be incorrect. [C:\Users\aneel\Downloads\CSE100 LABS\lab6INTIAL\lab6INTIAL.srcs\sources_1\new\top.v:]
WARNING: [filemgmt 56-199] Attempt to get parsing info during refresh. "On-the-fly" syntax checking information may be incorrect. [C:\Users\aneel\Downloads\CSE100 LABS\lab6INTIAL\lab6INTIAL.srcs\sources_1\new\applefsm1.v:]
WARNING: [filemgmt 56-199] Attempt to get parsing info during refresh. "On-the-fly" syntax checking information may be incorrect. [C:\Users\aneel\Downloads\Lab5FINALFINAL.xpr\Lab5\Lab5.srcs\sources_1\imports\Downloads\lfsr.v:]
WARNING: [filemgmt 56-199] Attempt to get parsing info during refresh. "On-the-fly" syntax checking information may be incorrect. [C:\Users\aneel\Downloads\CSE100 LABS\lab6INTIAL\lab6INTIAL.srcs\sources_1\new\top.v:]
WARNING: [filemgmt 56-199] Attempt to get parsing info during refresh. "On-the-fly" syntax checking information may be incorrect. [C:\Users\aneel\Downloads\CSE100 LABS\lab6INTIAL\lab6INTIAL.srcs\sources_1\new\applefsm1.v:]
WARNING: [filemgmt 56-199] Attempt to get parsing info during refresh. "On-the-fly" syntax checking information may be incorrect. [C:\Users\aneel\Downloads\Lab5FINALFINAL.xpr\Lab5\Lab5.srcs\sources_1\imports\Downloads\lfsr.v:]
ERROR: [Common 17-180] Spawn failed: No error
set_property PROBES.FILE {} [get_hw_devices xc7a35t_0]
set_property FULL_PROBES.FILE {} [get_hw_devices xc7a35t_0]
set_property PROGRAM.FILE {C:/Users/aneel/Downloads/CSE100 LABS/lab6INTIAL/lab6INTIAL.runs/impl_1/top.bit} [get_hw_devices xc7a35t_0]
program_hw_devices [get_hw_devices xc7a35t_0]
INFO: [Labtools 27-3164] End of startup status: HIGH
refresh_hw_device [lindex [get_hw_devices xc7a35t_0] 0]
INFO: [Labtools 27-1434] Device xc7a35t (JTAG device index = 0) is programmed with a design that has no supported debug core(s) in it.
reset_run synth_1
INFO: [Project 1-1161] Replacing file C:/Users/aneel/Downloads/CSE100 LABS/lab6INTIAL/lab6INTIAL.srcs/utils_1/imports/synth_1/top.dcp with file C:/Users/aneel/Downloads/CSE100 LABS/lab6INTIAL/lab6INTIAL.runs/synth_1/top.dcp
WARNING: [filemgmt 56-199] Attempt to get parsing info during refresh. "On-the-fly" syntax checking information may be incorrect. [C:\Users\aneel\Downloads\CSE100 LABS\lab6INTIAL\lab6INTIAL.srcs\sources_1\new\top.v:]
WARNING: [filemgmt 56-199] Attempt to get parsing info during refresh. "On-the-fly" syntax checking information may be incorrect. [C:\Users\aneel\Downloads\CSE100 LABS\lab6INTIAL\lab6INTIAL.srcs\sources_1\new\applefsm1.v:]
WARNING: [filemgmt 56-199] Attempt to get parsing info during refresh. "On-the-fly" syntax checking information may be incorrect. [C:\Users\aneel\Downloads\Lab5FINALFINAL.xpr\Lab5\Lab5.srcs\sources_1\imports\Downloads\lfsr.v:]
launch_runs impl_1 -to_step write_bitstream -jobs 8
[Wed Mar  4 23:14:35 2026] Launched synth_1...
Run output will be captured here: C:/Users/aneel/Downloads/CSE100 LABS/lab6INTIAL/lab6INTIAL.runs/synth_1/runme.log
[Wed Mar  4 23:14:35 2026] Launched impl_1...
Run output will be captured here: C:/Users/aneel/Downloads/CSE100 LABS/lab6INTIAL/lab6INTIAL.runs/impl_1/runme.log
WARNING: [filemgmt 56-199] Attempt to get parsing info during refresh. "On-the-fly" syntax checking information may be incorrect. [C:\Users\aneel\Downloads\CSE100 LABS\lab6INTIAL\lab6INTIAL.srcs\sources_1\new\top.v:]
WARNING: [filemgmt 56-199] Attempt to get parsing info during refresh. "On-the-fly" syntax checking information may be incorrect. [C:\Users\aneel\Downloads\CSE100 LABS\lab6INTIAL\lab6INTIAL.srcs\sources_1\new\top.v:]
WARNING: [filemgmt 56-199] Attempt to get parsing info during refresh. "On-the-fly" syntax checking information may be incorrect. [C:\Users\aneel\Downloads\CSE100 LABS\lab6INTIAL\lab6INTIAL.srcs\sources_1\new\applefsm1.v:]
WARNING: [filemgmt 56-199] Attempt to get parsing info during refresh. "On-the-fly" syntax checking information may be incorrect. [C:\Users\aneel\Downloads\Lab5FINALFINAL.xpr\Lab5\Lab5.srcs\sources_1\imports\Downloads\lfsr.v:]
WARNING: [filemgmt 56-199] Attempt to get parsing info during refresh. "On-the-fly" syntax checking information may be incorrect. [C:\Users\aneel\Downloads\CSE100 LABS\lab6INTIAL\lab6INTIAL.srcs\sources_1\new\top.v:]
WARNING: [filemgmt 56-199] Attempt to get parsing info during refresh. "On-the-fly" syntax checking information may be incorrect. [C:\Users\aneel\Downloads\CSE100 LABS\lab6INTIAL\lab6INTIAL.srcs\sources_1\new\top.v:]
WARNING: [filemgmt 56-199] Attempt to get parsing info during refresh. "On-the-fly" syntax checking information may be incorrect. [C:\Users\aneel\Downloads\CSE100 LABS\lab6INTIAL\lab6INTIAL.srcs\sources_1\new\applefsm1.v:]
WARNING: [filemgmt 56-199] Attempt to get parsing info during refresh. "On-the-fly" syntax checking information may be incorrect. [C:\Users\aneel\Downloads\Lab5FINALFINAL.xpr\Lab5\Lab5.srcs\sources_1\imports\Downloads\lfsr.v:]
WARNING: [filemgmt 56-199] Attempt to get parsing info during refresh. "On-the-fly" syntax checking information may be incorrect. [C:\Users\aneel\Downloads\CSE100 LABS\lab6INTIAL\lab6INTIAL.srcs\sources_1\new\top.v:]
reset_run synth_1
INFO: [Project 1-1161] Replacing file C:/Users/aneel/Downloads/CSE100 LABS/lab6INTIAL/lab6INTIAL.srcs/utils_1/imports/synth_1/top.dcp with file C:/Users/aneel/Downloads/CSE100 LABS/lab6INTIAL/lab6INTIAL.runs/synth_1/top.dcp
WARNING: [filemgmt 56-199] Attempt to get parsing info during refresh. "On-the-fly" syntax checking information may be incorrect. [C:\Users\aneel\Downloads\CSE100 LABS\lab6INTIAL\lab6INTIAL.srcs\sources_1\new\top.v:]
WARNING: [filemgmt 56-199] Attempt to get parsing info during refresh. "On-the-fly" syntax checking information may be incorrect. [C:\Users\aneel\Downloads\CSE100 LABS\lab6INTIAL\lab6INTIAL.srcs\sources_1\new\applefsm1.v:]
WARNING: [filemgmt 56-199] Attempt to get parsing info during refresh. "On-the-fly" syntax checking information may be incorrect. [C:\Users\aneel\Downloads\Lab5FINALFINAL.xpr\Lab5\Lab5.srcs\sources_1\imports\Downloads\lfsr.v:]
WARNING: [filemgmt 56-199] Attempt to get parsing info during refresh. "On-the-fly" syntax checking information may be incorrect. [C:\Users\aneel\Downloads\CSE100 LABS\lab6INTIAL\lab6INTIAL.srcs\sources_1\new\top.v:]
WARNING: [filemgmt 56-199] Attempt to get parsing info during refresh. "On-the-fly" syntax checking information may be incorrect. [C:\Users\aneel\Downloads\CSE100 LABS\lab6INTIAL\lab6INTIAL.srcs\sources_1\new\applefsm1.v:]
launch_runs impl_1 -to_step write_bitstream -jobs 8
[Wed Mar  4 23:18:59 2026] Launched synth_1...
Run output will be captured here: C:/Users/aneel/Downloads/CSE100 LABS/lab6INTIAL/lab6INTIAL.runs/synth_1/runme.log
[Wed Mar  4 23:18:59 2026] Launched impl_1...
Run output will be captured here: C:/Users/aneel/Downloads/CSE100 LABS/lab6INTIAL/lab6INTIAL.runs/impl_1/runme.log
set_property PROBES.FILE {} [get_hw_devices xc7a35t_0]
set_property FULL_PROBES.FILE {} [get_hw_devices xc7a35t_0]
set_property PROGRAM.FILE {C:/Users/aneel/Downloads/CSE100 LABS/lab6INTIAL/lab6INTIAL.runs/impl_1/top.bit} [get_hw_devices xc7a35t_0]
program_hw_devices [get_hw_devices xc7a35t_0]
INFO: [Labtools 27-3164] End of startup status: HIGH
refresh_hw_device [lindex [get_hw_devices xc7a35t_0] 0]
INFO: [Labtools 27-1434] Device xc7a35t (JTAG device index = 0) is programmed with a design that has no supported debug core(s) in it.
WARNING: [filemgmt 56-199] Attempt to get parsing info during refresh. "On-the-fly" syntax checking information may be incorrect. [C:\Users\aneel\Downloads\CSE100 LABS\lab6INTIAL\lab6INTIAL.srcs\sources_1\new\top.v:]
WARNING: [filemgmt 56-199] Attempt to get parsing info during refresh. "On-the-fly" syntax checking information may be incorrect. [C:\Users\aneel\Downloads\CSE100 LABS\lab6INTIAL\lab6INTIAL.srcs\sources_1\new\applefsm1.v:]
WARNING: [filemgmt 56-199] Attempt to get parsing info during refresh. "On-the-fly" syntax checking information may be incorrect. [C:\Users\aneel\Downloads\Lab5FINALFINAL.xpr\Lab5\Lab5.srcs\sources_1\imports\Downloads\lfsr.v:]
reset_run synth_1
INFO: [Project 1-1161] Replacing file C:/Users/aneel/Downloads/CSE100 LABS/lab6INTIAL/lab6INTIAL.srcs/utils_1/imports/synth_1/top.dcp with file C:/Users/aneel/Downloads/CSE100 LABS/lab6INTIAL/lab6INTIAL.runs/synth_1/top.dcp
WARNING: [filemgmt 56-199] Attempt to get parsing info during refresh. "On-the-fly" syntax checking information may be incorrect. [C:\Users\aneel\Downloads\CSE100 LABS\lab6INTIAL\lab6INTIAL.srcs\sources_1\new\top.v:]
WARNING: [filemgmt 56-199] Attempt to get parsing info during refresh. "On-the-fly" syntax checking information may be incorrect. [C:\Users\aneel\Downloads\CSE100 LABS\lab6INTIAL\lab6INTIAL.srcs\sources_1\new\applefsm1.v:]
WARNING: [filemgmt 56-199] Attempt to get parsing info during refresh. "On-the-fly" syntax checking information may be incorrect. [C:\Users\aneel\Downloads\Lab5FINALFINAL.xpr\Lab5\Lab5.srcs\sources_1\imports\Downloads\lfsr.v:]
launch_runs impl_1 -to_step write_bitstream -jobs 8
[Wed Mar  4 23:22:58 2026] Launched synth_1...
Run output will be captured here: C:/Users/aneel/Downloads/CSE100 LABS/lab6INTIAL/lab6INTIAL.runs/synth_1/runme.log
[Wed Mar  4 23:22:58 2026] Launched impl_1...
Run output will be captured here: C:/Users/aneel/Downloads/CSE100 LABS/lab6INTIAL/lab6INTIAL.runs/impl_1/runme.log
set_property PROBES.FILE {} [get_hw_devices xc7a35t_0]
set_property FULL_PROBES.FILE {} [get_hw_devices xc7a35t_0]
set_property PROGRAM.FILE {C:/Users/aneel/Downloads/CSE100 LABS/lab6INTIAL/lab6INTIAL.runs/impl_1/top.bit} [get_hw_devices xc7a35t_0]
program_hw_devices [get_hw_devices xc7a35t_0]
INFO: [Labtools 27-3164] End of startup status: HIGH
refresh_hw_device [lindex [get_hw_devices xc7a35t_0] 0]
INFO: [Labtools 27-1434] Device xc7a35t (JTAG device index = 0) is programmed with a design that has no supported debug core(s) in it.
WARNING: [filemgmt 56-199] Attempt to get parsing info during refresh. "On-the-fly" syntax checking information may be incorrect. [C:\Users\aneel\Downloads\CSE100 LABS\lab6INTIAL\lab6INTIAL.srcs\sources_1\new\top.v:]
WARNING: [filemgmt 56-199] Attempt to get parsing info during refresh. "On-the-fly" syntax checking information may be incorrect. [C:\Users\aneel\Downloads\CSE100 LABS\lab6INTIAL\lab6INTIAL.srcs\sources_1\new\applefsm1.v:]
WARNING: [filemgmt 56-199] Attempt to get parsing info during refresh. "On-the-fly" syntax checking information may be incorrect. [C:\Users\aneel\Downloads\Lab5FINALFINAL.xpr\Lab5\Lab5.srcs\sources_1\imports\Downloads\lfsr.v:]
reset_run synth_1
INFO: [Project 1-1161] Replacing file C:/Users/aneel/Downloads/CSE100 LABS/lab6INTIAL/lab6INTIAL.srcs/utils_1/imports/synth_1/top.dcp with file C:/Users/aneel/Downloads/CSE100 LABS/lab6INTIAL/lab6INTIAL.runs/synth_1/top.dcp
WARNING: [filemgmt 56-199] Attempt to get parsing info during refresh. "On-the-fly" syntax checking information may be incorrect. [C:\Users\aneel\Downloads\CSE100 LABS\lab6INTIAL\lab6INTIAL.srcs\sources_1\new\top.v:]
WARNING: [filemgmt 56-199] Attempt to get parsing info during refresh. "On-the-fly" syntax checking information may be incorrect. [C:\Users\aneel\Downloads\CSE100 LABS\lab6INTIAL\lab6INTIAL.srcs\sources_1\new\applefsm1.v:]
WARNING: [filemgmt 56-199] Attempt to get parsing info during refresh. "On-the-fly" syntax checking information may be incorrect. [C:\Users\aneel\Downloads\Lab5FINALFINAL.xpr\Lab5\Lab5.srcs\sources_1\imports\Downloads\lfsr.v:]
WARNING: [filemgmt 56-199] Attempt to get parsing info during refresh. "On-the-fly" syntax checking information may be incorrect. [C:\Users\aneel\Downloads\CSE100 LABS\lab6INTIAL\lab6INTIAL.srcs\sources_1\new\top.v:]
WARNING: [filemgmt 56-199] Attempt to get parsing info during refresh. "On-the-fly" syntax checking information may be incorrect. [C:\Users\aneel\Downloads\CSE100 LABS\lab6INTIAL\lab6INTIAL.srcs\sources_1\new\applefsm1.v:]
launch_runs impl_1 -to_step write_bitstream -jobs 8
[Wed Mar  4 23:31:52 2026] Launched synth_1...
Run output will be captured here: C:/Users/aneel/Downloads/CSE100 LABS/lab6INTIAL/lab6INTIAL.runs/synth_1/runme.log
[Wed Mar  4 23:31:52 2026] Launched impl_1...
Run output will be captured here: C:/Users/aneel/Downloads/CSE100 LABS/lab6INTIAL/lab6INTIAL.runs/impl_1/runme.log
WARNING: [filemgmt 56-199] Attempt to get parsing info during refresh. "On-the-fly" syntax checking information may be incorrect. [C:\Users\aneel\Downloads\CSE100 LABS\lab6INTIAL\lab6INTIAL.srcs\sources_1\new\top.v:]
WARNING: [filemgmt 56-199] Attempt to get parsing info during refresh. "On-the-fly" syntax checking information may be incorrect. [C:\Users\aneel\Downloads\CSE100 LABS\lab6INTIAL\lab6INTIAL.srcs\sources_1\new\applefsm1.v:]
WARNING: [filemgmt 56-199] Attempt to get parsing info during refresh. "On-the-fly" syntax checking information may be incorrect. [C:\Users\aneel\Downloads\Lab5FINALFINAL.xpr\Lab5\Lab5.srcs\sources_1\imports\Downloads\lfsr.v:]
WARNING: [filemgmt 56-199] Attempt to get parsing info during refresh. "On-the-fly" syntax checking information may be incorrect. [C:\Users\aneel\Downloads\CSE100 LABS\lab6INTIAL\lab6INTIAL.srcs\sources_1\new\top.v:]
WARNING: [filemgmt 56-199] Attempt to get parsing info during refresh. "On-the-fly" syntax checking information may be incorrect. [C:\Users\aneel\Downloads\CSE100 LABS\lab6INTIAL\lab6INTIAL.srcs\sources_1\new\applefsm1.v:]
WARNING: [filemgmt 56-199] Attempt to get parsing info during refresh. "On-the-fly" syntax checking information may be incorrect. [C:\Users\aneel\Downloads\Lab5FINALFINAL.xpr\Lab5\Lab5.srcs\sources_1\imports\Downloads\lfsr.v:]
set_property PROBES.FILE {} [get_hw_devices xc7a35t_0]
set_property FULL_PROBES.FILE {} [get_hw_devices xc7a35t_0]
set_property PROGRAM.FILE {C:/Users/aneel/Downloads/CSE100 LABS/lab6INTIAL/lab6INTIAL.runs/impl_1/top.bit} [get_hw_devices xc7a35t_0]
program_hw_devices [get_hw_devices xc7a35t_0]
INFO: [Labtools 27-3164] End of startup status: HIGH
refresh_hw_device [lindex [get_hw_devices xc7a35t_0] 0]
INFO: [Labtools 27-1434] Device xc7a35t (JTAG device index = 0) is programmed with a design that has no supported debug core(s) in it.
WARNING: [filemgmt 56-199] Attempt to get parsing info during refresh. "On-the-fly" syntax checking information may be incorrect. [C:\Users\aneel\Downloads\CSE100 LABS\lab6INTIAL\lab6INTIAL.srcs\sources_1\new\top.v:]
WARNING: [filemgmt 56-199] Attempt to get parsing info during refresh. "On-the-fly" syntax checking information may be incorrect. [C:\Users\aneel\Downloads\CSE100 LABS\lab6INTIAL\lab6INTIAL.srcs\sources_1\new\applefsm1.v:]
WARNING: [filemgmt 56-199] Attempt to get parsing info during refresh. "On-the-fly" syntax checking information may be incorrect. [C:\Users\aneel\Downloads\Lab5FINALFINAL.xpr\Lab5\Lab5.srcs\sources_1\imports\Downloads\lfsr.v:]
WARNING: [filemgmt 56-199] Attempt to get parsing info during refresh. "On-the-fly" syntax checking information may be incorrect. [C:\Users\aneel\Downloads\CSE100 LABS\lab6INTIAL\lab6INTIAL.srcs\sources_1\new\top.v:]
WARNING: [filemgmt 56-199] Attempt to get parsing info during refresh. "On-the-fly" syntax checking information may be incorrect. [C:\Users\aneel\Downloads\CSE100 LABS\lab6INTIAL\lab6INTIAL.srcs\sources_1\new\applefsm1.v:]
WARNING: [filemgmt 56-199] Attempt to get parsing info during refresh. "On-the-fly" syntax checking information may be incorrect. [C:\Users\aneel\Downloads\Lab5FINALFINAL.xpr\Lab5\Lab5.srcs\sources_1\imports\Downloads\lfsr.v:]
WARNING: [filemgmt 56-199] Attempt to get parsing info during refresh. "On-the-fly" syntax checking information may be incorrect. [C:\Users\aneel\Downloads\CSE100 LABS\lab6INTIAL\lab6INTIAL.srcs\sources_1\new\top.v:]
WARNING: [filemgmt 56-199] Attempt to get parsing info during refresh. "On-the-fly" syntax checking information may be incorrect. [C:\Users\aneel\Downloads\CSE100 LABS\lab6INTIAL\lab6INTIAL.srcs\sources_1\new\applefsm1.v:]
WARNING: [filemgmt 56-199] Attempt to get parsing info during refresh. "On-the-fly" syntax checking information may be incorrect. [C:\Users\aneel\Downloads\Lab5FINALFINAL.xpr\Lab5\Lab5.srcs\sources_1\imports\Downloads\lfsr.v:]
WARNING: [filemgmt 56-199] Attempt to get parsing info during refresh. "On-the-fly" syntax checking information may be incorrect. [C:\Users\aneel\Downloads\CSE100 LABS\lab6INTIAL\lab6INTIAL.srcs\sources_1\new\top.v:]
WARNING: [filemgmt 56-199] Attempt to get parsing info during refresh. "On-the-fly" syntax checking information may be incorrect. [C:\Users\aneel\Downloads\CSE100 LABS\lab6INTIAL\lab6INTIAL.srcs\sources_1\new\top.v:]
WARNING: [filemgmt 56-199] Attempt to get parsing info during refresh. "On-the-fly" syntax checking information may be incorrect. [C:\Users\aneel\Downloads\CSE100 LABS\lab6INTIAL\lab6INTIAL.srcs\sources_1\new\applefsm1.v:]
WARNING: [filemgmt 56-199] Attempt to get parsing info during refresh. "On-the-fly" syntax checking information may be incorrect. [C:\Users\aneel\Downloads\Lab5FINALFINAL.xpr\Lab5\Lab5.srcs\sources_1\imports\Downloads\lfsr.v:]
WARNING: [filemgmt 56-199] Attempt to get parsing info during refresh. "On-the-fly" syntax checking information may be incorrect. [C:\Users\aneel\Downloads\CSE100 LABS\lab6INTIAL\lab6INTIAL.srcs\sources_1\new\top.v:]
WARNING: [filemgmt 56-199] Attempt to get parsing info during refresh. "On-the-fly" syntax checking information may be incorrect. [C:\Users\aneel\Downloads\CSE100 LABS\lab6INTIAL\lab6INTIAL.srcs\sources_1\new\applefsm1.v:]
WARNING: [filemgmt 56-199] Attempt to get parsing info during refresh. "On-the-fly" syntax checking information may be incorrect. [C:\Users\aneel\Downloads\Lab5FINALFINAL.xpr\Lab5\Lab5.srcs\sources_1\imports\Downloads\lfsr.v:]
WARNING: [filemgmt 56-199] Attempt to get parsing info during refresh. "On-the-fly" syntax checking information may be incorrect. [C:\Users\aneel\Downloads\CSE100 LABS\lab6INTIAL\lab6INTIAL.srcs\sources_1\new\top.v:]
WARNING: [filemgmt 56-199] Attempt to get parsing info during refresh. "On-the-fly" syntax checking information may be incorrect. [C:\Users\aneel\Downloads\CSE100 LABS\lab6INTIAL\lab6INTIAL.srcs\sources_1\new\applefsm1.v:]
WARNING: [filemgmt 56-199] Attempt to get parsing info during refresh. "On-the-fly" syntax checking information may be incorrect. [C:\Users\aneel\Downloads\Lab5FINALFINAL.xpr\Lab5\Lab5.srcs\sources_1\imports\Downloads\lfsr.v:]
WARNING: [filemgmt 56-199] Attempt to get parsing info during refresh. "On-the-fly" syntax checking information may be incorrect. [C:\Users\aneel\Downloads\CSE100 LABS\lab6INTIAL\lab6INTIAL.srcs\sources_1\new\top.v:]
WARNING: [filemgmt 56-199] Attempt to get parsing info during refresh. "On-the-fly" syntax checking information may be incorrect. [C:\Users\aneel\Downloads\CSE100 LABS\lab6INTIAL\lab6INTIAL.srcs\sources_1\new\applefsm1.v:]
WARNING: [filemgmt 56-199] Attempt to get parsing info during refresh. "On-the-fly" syntax checking information may be incorrect. [C:\Users\aneel\Downloads\Lab5FINALFINAL.xpr\Lab5\Lab5.srcs\sources_1\imports\Downloads\lfsr.v:]
WARNING: [filemgmt 56-199] Attempt to get parsing info during refresh. "On-the-fly" syntax checking information may be incorrect. [C:\Users\aneel\Downloads\CSE100 LABS\lab6INTIAL\lab6INTIAL.srcs\sources_1\new\top.v:]
WARNING: [filemgmt 56-199] Attempt to get parsing info during refresh. "On-the-fly" syntax checking information may be incorrect. [C:\Users\aneel\Downloads\CSE100 LABS\lab6INTIAL\lab6INTIAL.srcs\sources_1\new\applefsm1.v:]
WARNING: [filemgmt 56-199] Attempt to get parsing info during refresh. "On-the-fly" syntax checking information may be incorrect. [C:\Users\aneel\Downloads\Lab5FINALFINAL.xpr\Lab5\Lab5.srcs\sources_1\imports\Downloads\lfsr.v:]
WARNING: [filemgmt 56-199] Attempt to get parsing info during refresh. "On-the-fly" syntax checking information may be incorrect. [C:\Users\aneel\Downloads\CSE100 LABS\lab6INTIAL\lab6INTIAL.srcs\sources_1\new\top.v:]
WARNING: [filemgmt 56-199] Attempt to get parsing info during refresh. "On-the-fly" syntax checking information may be incorrect. [C:\Users\aneel\Downloads\CSE100 LABS\lab6INTIAL\lab6INTIAL.srcs\sources_1\new\applefsm1.v:]
WARNING: [filemgmt 56-199] Attempt to get parsing info during refresh. "On-the-fly" syntax checking information may be incorrect. [C:\Users\aneel\Downloads\Lab5FINALFINAL.xpr\Lab5\Lab5.srcs\sources_1\imports\Downloads\lfsr.v:]
reset_run synth_1
INFO: [Project 1-1161] Replacing file C:/Users/aneel/Downloads/CSE100 LABS/lab6INTIAL/lab6INTIAL.srcs/utils_1/imports/synth_1/top.dcp with file C:/Users/aneel/Downloads/CSE100 LABS/lab6INTIAL/lab6INTIAL.runs/synth_1/top.dcp
launch_runs impl_1 -to_step write_bitstream -jobs 8
[Thu Mar  5 00:03:12 2026] Launched synth_1...
Run output will be captured here: C:/Users/aneel/Downloads/CSE100 LABS/lab6INTIAL/lab6INTIAL.runs/synth_1/runme.log
[Thu Mar  5 00:03:12 2026] Launched impl_1...
Run output will be captured here: C:/Users/aneel/Downloads/CSE100 LABS/lab6INTIAL/lab6INTIAL.runs/impl_1/runme.log
WARNING: [filemgmt 56-199] Attempt to get parsing info during refresh. "On-the-fly" syntax checking information may be incorrect. [C:\Users\aneel\Downloads\CSE100 LABS\lab6INTIAL\lab6INTIAL.srcs\sources_1\new\top.v:]
WARNING: [filemgmt 56-199] Attempt to get parsing info during refresh. "On-the-fly" syntax checking information may be incorrect. [C:\Users\aneel\Downloads\CSE100 LABS\lab6INTIAL\lab6INTIAL.srcs\sources_1\new\applefsm1.v:]
WARNING: [filemgmt 56-199] Attempt to get parsing info during refresh. "On-the-fly" syntax checking information may be incorrect. [C:\Users\aneel\Downloads\Lab5FINALFINAL.xpr\Lab5\Lab5.srcs\sources_1\imports\Downloads\lfsr.v:]
WARNING: [filemgmt 56-199] Attempt to get parsing info during refresh. "On-the-fly" syntax checking information may be incorrect. [C:\Users\aneel\Downloads\CSE100 LABS\lab6INTIAL\lab6INTIAL.srcs\sources_1\new\top.v:]
WARNING: [filemgmt 56-199] Attempt to get parsing info during refresh. "On-the-fly" syntax checking information may be incorrect. [C:\Users\aneel\Downloads\CSE100 LABS\lab6INTIAL\lab6INTIAL.srcs\sources_1\new\applefsm1.v:]
WARNING: [filemgmt 56-199] Attempt to get parsing info during refresh. "On-the-fly" syntax checking information may be incorrect. [C:\Users\aneel\Downloads\Lab5FINALFINAL.xpr\Lab5\Lab5.srcs\sources_1\imports\Downloads\lfsr.v:]
set_property PROBES.FILE {} [get_hw_devices xc7a35t_0]
set_property FULL_PROBES.FILE {} [get_hw_devices xc7a35t_0]
set_property PROGRAM.FILE {C:/Users/aneel/Downloads/CSE100 LABS/lab6INTIAL/lab6INTIAL.runs/impl_1/top.bit} [get_hw_devices xc7a35t_0]
program_hw_devices [get_hw_devices xc7a35t_0]
INFO: [Labtools 27-3164] End of startup status: HIGH
refresh_hw_device [lindex [get_hw_devices xc7a35t_0] 0]
INFO: [Labtools 27-1434] Device xc7a35t (JTAG device index = 0) is programmed with a design that has no supported debug core(s) in it.
WARNING: [filemgmt 56-199] Attempt to get parsing info during refresh. "On-the-fly" syntax checking information may be incorrect. [C:\Users\aneel\Downloads\CSE100 LABS\lab6INTIAL\lab6INTIAL.srcs\sources_1\new\top.v:]
WARNING: [filemgmt 56-199] Attempt to get parsing info during refresh. "On-the-fly" syntax checking information may be incorrect. [C:\Users\aneel\Downloads\CSE100 LABS\lab6INTIAL\lab6INTIAL.srcs\sources_1\new\applefsm1.v:]
WARNING: [filemgmt 56-199] Attempt to get parsing info during refresh. "On-the-fly" syntax checking information may be incorrect. [C:\Users\aneel\Downloads\Lab5FINALFINAL.xpr\Lab5\Lab5.srcs\sources_1\imports\Downloads\lfsr.v:]
WARNING: [filemgmt 56-199] Attempt to get parsing info during refresh. "On-the-fly" syntax checking information may be incorrect. [C:\Users\aneel\Downloads\CSE100 LABS\lab6INTIAL\lab6INTIAL.srcs\sources_1\new\top.v:]
WARNING: [filemgmt 56-199] Attempt to get parsing info during refresh. "On-the-fly" syntax checking information may be incorrect. [C:\Users\aneel\Downloads\CSE100 LABS\lab6INTIAL\lab6INTIAL.srcs\sources_1\new\applefsm1.v:]
WARNING: [filemgmt 56-199] Attempt to get parsing info during refresh. "On-the-fly" syntax checking information may be incorrect. [C:\Users\aneel\Downloads\Lab5FINALFINAL.xpr\Lab5\Lab5.srcs\sources_1\imports\Downloads\lfsr.v:]
WARNING: [filemgmt 56-199] Attempt to get parsing info during refresh. "On-the-fly" syntax checking information may be incorrect. [C:\Users\aneel\Downloads\CSE100 LABS\lab6INTIAL\lab6INTIAL.srcs\sources_1\new\top.v:]
WARNING: [filemgmt 56-199] Attempt to get parsing info during refresh. "On-the-fly" syntax checking information may be incorrect. [C:\Users\aneel\Downloads\CSE100 LABS\lab6INTIAL\lab6INTIAL.srcs\sources_1\new\applefsm1.v:]
WARNING: [filemgmt 56-199] Attempt to get parsing info during refresh. "On-the-fly" syntax checking information may be incorrect. [C:\Users\aneel\Downloads\Lab5FINALFINAL.xpr\Lab5\Lab5.srcs\sources_1\imports\Downloads\lfsr.v:]
WARNING: [filemgmt 56-199] Attempt to get parsing info during refresh. "On-the-fly" syntax checking information may be incorrect. [C:\Users\aneel\Downloads\CSE100 LABS\lab6INTIAL\lab6INTIAL.srcs\sources_1\new\top.v:]
WARNING: [filemgmt 56-199] Attempt to get parsing info during refresh. "On-the-fly" syntax checking information may be incorrect. [C:\Users\aneel\Downloads\CSE100 LABS\lab6INTIAL\lab6INTIAL.srcs\sources_1\new\applefsm1.v:]
WARNING: [filemgmt 56-199] Attempt to get parsing info during refresh. "On-the-fly" syntax checking information may be incorrect. [C:\Users\aneel\Downloads\Lab5FINALFINAL.xpr\Lab5\Lab5.srcs\sources_1\imports\Downloads\lfsr.v:]
WARNING: [filemgmt 56-199] Attempt to get parsing info during refresh. "On-the-fly" syntax checking information may be incorrect. [C:\Users\aneel\Downloads\CSE100 LABS\lab6INTIAL\lab6INTIAL.srcs\sources_1\new\top.v:]
WARNING: [filemgmt 56-199] Attempt to get parsing info during refresh. "On-the-fly" syntax checking information may be incorrect. [C:\Users\aneel\Downloads\CSE100 LABS\lab6INTIAL\lab6INTIAL.srcs\sources_1\new\applefsm1.v:]
WARNING: [filemgmt 56-199] Attempt to get parsing info during refresh. "On-the-fly" syntax checking information may be incorrect. [C:\Users\aneel\Downloads\Lab5FINALFINAL.xpr\Lab5\Lab5.srcs\sources_1\imports\Downloads\lfsr.v:]
WARNING: [filemgmt 56-199] Attempt to get parsing info during refresh. "On-the-fly" syntax checking information may be incorrect. [C:\Users\aneel\Downloads\CSE100 LABS\lab6INTIAL\lab6INTIAL.srcs\sources_1\new\top.v:]
WARNING: [filemgmt 56-199] Attempt to get parsing info during refresh. "On-the-fly" syntax checking information may be incorrect. [C:\Users\aneel\Downloads\CSE100 LABS\lab6INTIAL\lab6INTIAL.srcs\sources_1\new\applefsm1.v:]
WARNING: [filemgmt 56-199] Attempt to get parsing info during refresh. "On-the-fly" syntax checking information may be incorrect. [C:\Users\aneel\Downloads\Lab5FINALFINAL.xpr\Lab5\Lab5.srcs\sources_1\imports\Downloads\lfsr.v:]
reset_run synth_1
INFO: [Project 1-1161] Replacing file C:/Users/aneel/Downloads/CSE100 LABS/lab6INTIAL/lab6INTIAL.srcs/utils_1/imports/synth_1/top.dcp with file C:/Users/aneel/Downloads/CSE100 LABS/lab6INTIAL/lab6INTIAL.runs/synth_1/top.dcp
WARNING: [filemgmt 56-199] Attempt to get parsing info during refresh. "On-the-fly" syntax checking information may be incorrect. [C:\Users\aneel\Downloads\CSE100 LABS\lab6INTIAL\lab6INTIAL.srcs\sources_1\new\top.v:]
WARNING: [filemgmt 56-199] Attempt to get parsing info during refresh. "On-the-fly" syntax checking information may be incorrect. [C:\Users\aneel\Downloads\CSE100 LABS\lab6INTIAL\lab6INTIAL.srcs\sources_1\new\applefsm1.v:]
WARNING: [filemgmt 56-199] Attempt to get parsing info during refresh. "On-the-fly" syntax checking information may be incorrect. [C:\Users\aneel\Downloads\Lab5FINALFINAL.xpr\Lab5\Lab5.srcs\sources_1\imports\Downloads\lfsr.v:]
launch_runs impl_1 -to_step write_bitstream -jobs 8
[Thu Mar  5 00:18:12 2026] Launched synth_1...
Run output will be captured here: C:/Users/aneel/Downloads/CSE100 LABS/lab6INTIAL/lab6INTIAL.runs/synth_1/runme.log
[Thu Mar  5 00:18:12 2026] Launched impl_1...
Run output will be captured here: C:/Users/aneel/Downloads/CSE100 LABS/lab6INTIAL/lab6INTIAL.runs/impl_1/runme.log
set_property PROBES.FILE {} [get_hw_devices xc7a35t_0]
set_property FULL_PROBES.FILE {} [get_hw_devices xc7a35t_0]
set_property PROGRAM.FILE {C:/Users/aneel/Downloads/CSE100 LABS/lab6INTIAL/lab6INTIAL.runs/impl_1/top.bit} [get_hw_devices xc7a35t_0]
program_hw_devices [get_hw_devices xc7a35t_0]
INFO: [Labtools 27-3164] End of startup status: HIGH
refresh_hw_device [lindex [get_hw_devices xc7a35t_0] 0]
INFO: [Labtools 27-1434] Device xc7a35t (JTAG device index = 0) is programmed with a design that has no supported debug core(s) in it.
WARNING: [filemgmt 56-199] Attempt to get parsing info during refresh. "On-the-fly" syntax checking information may be incorrect. [C:\Users\aneel\Downloads\CSE100 LABS\lab6INTIAL\lab6INTIAL.srcs\sources_1\new\top.v:]
WARNING: [filemgmt 56-199] Attempt to get parsing info during refresh. "On-the-fly" syntax checking information may be incorrect. [C:\Users\aneel\Downloads\CSE100 LABS\lab6INTIAL\lab6INTIAL.srcs\sources_1\new\applefsm1.v:]
WARNING: [filemgmt 56-199] Attempt to get parsing info during refresh. "On-the-fly" syntax checking information may be incorrect. [C:\Users\aneel\Downloads\Lab5FINALFINAL.xpr\Lab5\Lab5.srcs\sources_1\imports\Downloads\lfsr.v:]
WARNING: [filemgmt 56-199] Attempt to get parsing info during refresh. "On-the-fly" syntax checking information may be incorrect. [C:\Users\aneel\Downloads\CSE100 LABS\lab6INTIAL\lab6INTIAL.srcs\sources_1\new\top.v:]
WARNING: [filemgmt 56-199] Attempt to get parsing info during refresh. "On-the-fly" syntax checking information may be incorrect. [C:\Users\aneel\Downloads\CSE100 LABS\lab6INTIAL\lab6INTIAL.srcs\sources_1\new\applefsm1.v:]
reset_run synth_1
INFO: [Project 1-1161] Replacing file C:/Users/aneel/Downloads/CSE100 LABS/lab6INTIAL/lab6INTIAL.srcs/utils_1/imports/synth_1/top.dcp with file C:/Users/aneel/Downloads/CSE100 LABS/lab6INTIAL/lab6INTIAL.runs/synth_1/top.dcp
WARNING: [filemgmt 56-199] Attempt to get parsing info during refresh. "On-the-fly" syntax checking information may be incorrect. [C:\Users\aneel\Downloads\CSE100 LABS\lab6INTIAL\lab6INTIAL.srcs\sources_1\new\top.v:]
WARNING: [filemgmt 56-199] Attempt to get parsing info during refresh. "On-the-fly" syntax checking information may be incorrect. [C:\Users\aneel\Downloads\CSE100 LABS\lab6INTIAL\lab6INTIAL.srcs\sources_1\new\applefsm1.v:]
WARNING: [filemgmt 56-199] Attempt to get parsing info during refresh. "On-the-fly" syntax checking information may be incorrect. [C:\Users\aneel\Downloads\Lab5FINALFINAL.xpr\Lab5\Lab5.srcs\sources_1\imports\Downloads\lfsr.v:]
launch_runs impl_1 -to_step write_bitstream -jobs 8
[Thu Mar  5 00:27:36 2026] Launched synth_1...
Run output will be captured here: C:/Users/aneel/Downloads/CSE100 LABS/lab6INTIAL/lab6INTIAL.runs/synth_1/runme.log
[Thu Mar  5 00:27:36 2026] Launched impl_1...
Run output will be captured here: C:/Users/aneel/Downloads/CSE100 LABS/lab6INTIAL/lab6INTIAL.runs/impl_1/runme.log
set_property PROBES.FILE {} [get_hw_devices xc7a35t_0]
set_property FULL_PROBES.FILE {} [get_hw_devices xc7a35t_0]
set_property PROGRAM.FILE {C:/Users/aneel/Downloads/CSE100 LABS/lab6INTIAL/lab6INTIAL.runs/impl_1/top.bit} [get_hw_devices xc7a35t_0]
program_hw_devices [get_hw_devices xc7a35t_0]
INFO: [Labtools 27-3164] End of startup status: HIGH
refresh_hw_device [lindex [get_hw_devices xc7a35t_0] 0]
INFO: [Labtools 27-1434] Device xc7a35t (JTAG device index = 0) is programmed with a design that has no supported debug core(s) in it.
WARNING: [filemgmt 56-199] Attempt to get parsing info during refresh. "On-the-fly" syntax checking information may be incorrect. [C:\Users\aneel\Downloads\CSE100 LABS\lab6INTIAL\lab6INTIAL.srcs\sources_1\new\top.v:]
WARNING: [filemgmt 56-199] Attempt to get parsing info during refresh. "On-the-fly" syntax checking information may be incorrect. [C:\Users\aneel\Downloads\CSE100 LABS\lab6INTIAL\lab6INTIAL.srcs\sources_1\new\applefsm1.v:]
WARNING: [filemgmt 56-199] Attempt to get parsing info during refresh. "On-the-fly" syntax checking information may be incorrect. [C:\Users\aneel\Downloads\Lab5FINALFINAL.xpr\Lab5\Lab5.srcs\sources_1\imports\Downloads\lfsr.v:]
WARNING: [filemgmt 56-199] Attempt to get parsing info during refresh. "On-the-fly" syntax checking information may be incorrect. [C:\Users\aneel\Downloads\CSE100 LABS\lab6INTIAL\lab6INTIAL.srcs\sources_1\new\top.v:]
WARNING: [filemgmt 56-199] Attempt to get parsing info during refresh. "On-the-fly" syntax checking information may be incorrect. [C:\Users\aneel\Downloads\CSE100 LABS\lab6INTIAL\lab6INTIAL.srcs\sources_1\new\applefsm1.v:]
WARNING: [filemgmt 56-199] Attempt to get parsing info during refresh. "On-the-fly" syntax checking information may be incorrect. [C:\Users\aneel\Downloads\Lab5FINALFINAL.xpr\Lab5\Lab5.srcs\sources_1\imports\Downloads\lfsr.v:]
reset_run synth_1
INFO: [Project 1-1161] Replacing file C:/Users/aneel/Downloads/CSE100 LABS/lab6INTIAL/lab6INTIAL.srcs/utils_1/imports/synth_1/top.dcp with file C:/Users/aneel/Downloads/CSE100 LABS/lab6INTIAL/lab6INTIAL.runs/synth_1/top.dcp
WARNING: [filemgmt 56-199] Attempt to get parsing info during refresh. "On-the-fly" syntax checking information may be incorrect. [C:\Users\aneel\Downloads\CSE100 LABS\lab6INTIAL\lab6INTIAL.srcs\sources_1\new\top.v:]
WARNING: [filemgmt 56-199] Attempt to get parsing info during refresh. "On-the-fly" syntax checking information may be incorrect. [C:\Users\aneel\Downloads\CSE100 LABS\lab6INTIAL\lab6INTIAL.srcs\sources_1\new\applefsm1.v:]
WARNING: [filemgmt 56-199] Attempt to get parsing info during refresh. "On-the-fly" syntax checking information may be incorrect. [C:\Users\aneel\Downloads\Lab5FINALFINAL.xpr\Lab5\Lab5.srcs\sources_1\imports\Downloads\lfsr.v:]
WARNING: [filemgmt 56-199] Attempt to get parsing info during refresh. "On-the-fly" syntax checking information may be incorrect. [C:\Users\aneel\Downloads\CSE100 LABS\lab6INTIAL\lab6INTIAL.srcs\sources_1\new\top.v:]
launch_runs impl_1 -to_step write_bitstream -jobs 8
[Thu Mar  5 00:33:17 2026] Launched synth_1...
Run output will be captured here: C:/Users/aneel/Downloads/CSE100 LABS/lab6INTIAL/lab6INTIAL.runs/synth_1/runme.log
[Thu Mar  5 00:33:17 2026] Launched impl_1...
Run output will be captured here: C:/Users/aneel/Downloads/CSE100 LABS/lab6INTIAL/lab6INTIAL.runs/impl_1/runme.log
set_property PROBES.FILE {} [get_hw_devices xc7a35t_0]
set_property FULL_PROBES.FILE {} [get_hw_devices xc7a35t_0]
set_property PROGRAM.FILE {C:/Users/aneel/Downloads/CSE100 LABS/lab6INTIAL/lab6INTIAL.runs/impl_1/top.bit} [get_hw_devices xc7a35t_0]
program_hw_devices [get_hw_devices xc7a35t_0]
INFO: [Labtools 27-3164] End of startup status: HIGH
refresh_hw_device [lindex [get_hw_devices xc7a35t_0] 0]
INFO: [Labtools 27-1434] Device xc7a35t (JTAG device index = 0) is programmed with a design that has no supported debug core(s) in it.
WARNING: [filemgmt 56-199] Attempt to get parsing info during refresh. "On-the-fly" syntax checking information may be incorrect. [C:\Users\aneel\Downloads\CSE100 LABS\lab6INTIAL\lab6INTIAL.srcs\sources_1\new\top.v:]
WARNING: [filemgmt 56-199] Attempt to get parsing info during refresh. "On-the-fly" syntax checking information may be incorrect. [C:\Users\aneel\Downloads\CSE100 LABS\lab6INTIAL\lab6INTIAL.srcs\sources_1\new\applefsm1.v:]
WARNING: [filemgmt 56-199] Attempt to get parsing info during refresh. "On-the-fly" syntax checking information may be incorrect. [C:\Users\aneel\Downloads\Lab5FINALFINAL.xpr\Lab5\Lab5.srcs\sources_1\imports\Downloads\lfsr.v:]
WARNING: [filemgmt 56-199] Attempt to get parsing info during refresh. "On-the-fly" syntax checking information may be incorrect. [C:\Users\aneel\Downloads\CSE100 LABS\lab6INTIAL\lab6INTIAL.srcs\sources_1\new\top.v:]
WARNING: [filemgmt 56-199] Attempt to get parsing info during refresh. "On-the-fly" syntax checking information may be incorrect. [C:\Users\aneel\Downloads\CSE100 LABS\lab6INTIAL\lab6INTIAL.srcs\sources_1\new\applefsm1.v:]
WARNING: [filemgmt 56-199] Attempt to get parsing info during refresh. "On-the-fly" syntax checking information may be incorrect. [C:\Users\aneel\Downloads\Lab5FINALFINAL.xpr\Lab5\Lab5.srcs\sources_1\imports\Downloads\lfsr.v:]
reset_run synth_1
INFO: [Project 1-1161] Replacing file C:/Users/aneel/Downloads/CSE100 LABS/lab6INTIAL/lab6INTIAL.srcs/utils_1/imports/synth_1/top.dcp with file C:/Users/aneel/Downloads/CSE100 LABS/lab6INTIAL/lab6INTIAL.runs/synth_1/top.dcp
WARNING: [filemgmt 56-199] Attempt to get parsing info during refresh. "On-the-fly" syntax checking information may be incorrect. [C:\Users\aneel\Downloads\CSE100 LABS\lab6INTIAL\lab6INTIAL.srcs\sources_1\new\top.v:]
WARNING: [filemgmt 56-199] Attempt to get parsing info during refresh. "On-the-fly" syntax checking information may be incorrect. [C:\Users\aneel\Downloads\CSE100 LABS\lab6INTIAL\lab6INTIAL.srcs\sources_1\new\applefsm1.v:]
WARNING: [filemgmt 56-199] Attempt to get parsing info during refresh. "On-the-fly" syntax checking information may be incorrect. [C:\Users\aneel\Downloads\Lab5FINALFINAL.xpr\Lab5\Lab5.srcs\sources_1\imports\Downloads\lfsr.v:]
WARNING: [filemgmt 56-199] Attempt to get parsing info during refresh. "On-the-fly" syntax checking information may be incorrect. [C:\Users\aneel\Downloads\CSE100 LABS\lab6INTIAL\lab6INTIAL.srcs\sources_1\new\top.v:]
WARNING: [filemgmt 56-199] Attempt to get parsing info during refresh. "On-the-fly" syntax checking information may be incorrect. [C:\Users\aneel\Downloads\CSE100 LABS\lab6INTIAL\lab6INTIAL.srcs\sources_1\new\applefsm1.v:]
WARNING: [filemgmt 56-199] Attempt to get parsing info during refresh. "On-the-fly" syntax checking information may be incorrect. [C:\Users\aneel\Downloads\Lab5FINALFINAL.xpr\Lab5\Lab5.srcs\sources_1\imports\Downloads\lfsr.v:]
launch_runs impl_1 -to_step write_bitstream -jobs 8
[Thu Mar  5 00:39:49 2026] Launched synth_1...
Run output will be captured here: C:/Users/aneel/Downloads/CSE100 LABS/lab6INTIAL/lab6INTIAL.runs/synth_1/runme.log
[Thu Mar  5 00:39:49 2026] Launched impl_1...
Run output will be captured here: C:/Users/aneel/Downloads/CSE100 LABS/lab6INTIAL/lab6INTIAL.runs/impl_1/runme.log
set_property PROBES.FILE {} [get_hw_devices xc7a35t_0]
set_property FULL_PROBES.FILE {} [get_hw_devices xc7a35t_0]
set_property PROGRAM.FILE {C:/Users/aneel/Downloads/CSE100 LABS/lab6INTIAL/lab6INTIAL.runs/impl_1/top.bit} [get_hw_devices xc7a35t_0]
program_hw_devices [get_hw_devices xc7a35t_0]
INFO: [Labtools 27-3164] End of startup status: HIGH
refresh_hw_device [lindex [get_hw_devices xc7a35t_0] 0]
INFO: [Labtools 27-1434] Device xc7a35t (JTAG device index = 0) is programmed with a design that has no supported debug core(s) in it.
WARNING: [filemgmt 56-199] Attempt to get parsing info during refresh. "On-the-fly" syntax checking information may be incorrect. [C:\Users\aneel\Downloads\CSE100 LABS\lab6INTIAL\lab6INTIAL.srcs\sources_1\new\top.v:]
WARNING: [filemgmt 56-199] Attempt to get parsing info during refresh. "On-the-fly" syntax checking information may be incorrect. [C:\Users\aneel\Downloads\CSE100 LABS\lab6INTIAL\lab6INTIAL.srcs\sources_1\new\applefsm1.v:]
WARNING: [filemgmt 56-199] Attempt to get parsing info during refresh. "On-the-fly" syntax checking information may be incorrect. [C:\Users\aneel\Downloads\Lab5FINALFINAL.xpr\Lab5\Lab5.srcs\sources_1\imports\Downloads\lfsr.v:]
WARNING: [filemgmt 56-199] Attempt to get parsing info during refresh. "On-the-fly" syntax checking information may be incorrect. [C:\Users\aneel\Downloads\CSE100 LABS\lab6INTIAL\lab6INTIAL.srcs\sources_1\new\top.v:]
WARNING: [filemgmt 56-199] Attempt to get parsing info during refresh. "On-the-fly" syntax checking information may be incorrect. [C:\Users\aneel\Downloads\CSE100 LABS\lab6INTIAL\lab6INTIAL.srcs\sources_1\new\applefsm1.v:]
WARNING: [filemgmt 56-199] Attempt to get parsing info during refresh. "On-the-fly" syntax checking information may be incorrect. [C:\Users\aneel\Downloads\Lab5FINALFINAL.xpr\Lab5\Lab5.srcs\sources_1\imports\Downloads\lfsr.v:]
ERROR: [Common 17-180] Spawn failed: No error
WARNING: [filemgmt 56-199] Attempt to get parsing info during refresh. "On-the-fly" syntax checking information may be incorrect. [C:\Users\aneel\Downloads\CSE100 LABS\lab6INTIAL\lab6INTIAL.srcs\sources_1\new\top.v:]
WARNING: [filemgmt 56-199] Attempt to get parsing info during refresh. "On-the-fly" syntax checking information may be incorrect. [C:\Users\aneel\Downloads\CSE100 LABS\lab6INTIAL\lab6INTIAL.srcs\sources_1\new\applefsm1.v:]
WARNING: [filemgmt 56-199] Attempt to get parsing info during refresh. "On-the-fly" syntax checking information may be incorrect. [C:\Users\aneel\Downloads\Lab5FINALFINAL.xpr\Lab5\Lab5.srcs\sources_1\imports\Downloads\lfsr.v:]
ERROR: [Common 17-180] Spawn failed: No error
reset_run synth_1
INFO: [Project 1-1161] Replacing file C:/Users/aneel/Downloads/CSE100 LABS/lab6INTIAL/lab6INTIAL.srcs/utils_1/imports/synth_1/top.dcp with file C:/Users/aneel/Downloads/CSE100 LABS/lab6INTIAL/lab6INTIAL.runs/synth_1/top.dcp
WARNING: [filemgmt 56-199] Attempt to get parsing info during refresh. "On-the-fly" syntax checking information may be incorrect. [C:\Users\aneel\Downloads\CSE100 LABS\lab6INTIAL\lab6INTIAL.srcs\sources_1\new\top.v:]
WARNING: [filemgmt 56-199] Attempt to get parsing info during refresh. "On-the-fly" syntax checking information may be incorrect. [C:\Users\aneel\Downloads\CSE100 LABS\lab6INTIAL\lab6INTIAL.srcs\sources_1\new\applefsm1.v:]
WARNING: [filemgmt 56-199] Attempt to get parsing info during refresh. "On-the-fly" syntax checking information may be incorrect. [C:\Users\aneel\Downloads\Lab5FINALFINAL.xpr\Lab5\Lab5.srcs\sources_1\imports\Downloads\lfsr.v:]
WARNING: [filemgmt 56-199] Attempt to get parsing info during refresh. "On-the-fly" syntax checking information may be incorrect. [C:\Users\aneel\Downloads\CSE100 LABS\lab6INTIAL\lab6INTIAL.srcs\sources_1\new\top.v:]
WARNING: [filemgmt 56-199] Attempt to get parsing info during refresh. "On-the-fly" syntax checking information may be incorrect. [C:\Users\aneel\Downloads\CSE100 LABS\lab6INTIAL\lab6INTIAL.srcs\sources_1\new\applefsm1.v:]
WARNING: [filemgmt 56-199] Attempt to get parsing info during refresh. "On-the-fly" syntax checking information may be incorrect. [C:\Users\aneel\Downloads\Lab5FINALFINAL.xpr\Lab5\Lab5.srcs\sources_1\imports\Downloads\lfsr.v:]
ERROR: [Common 17-180] Spawn failed: No error
launch_runs impl_1 -to_step write_bitstream -jobs 8
[Thu Mar  5 00:56:53 2026] Launched synth_1...
Run output will be captured here: C:/Users/aneel/Downloads/CSE100 LABS/lab6INTIAL/lab6INTIAL.runs/synth_1/runme.log
[Thu Mar  5 00:56:53 2026] Launched impl_1...
Run output will be captured here: C:/Users/aneel/Downloads/CSE100 LABS/lab6INTIAL/lab6INTIAL.runs/impl_1/runme.log
WARNING: [filemgmt 56-199] Attempt to get parsing info during refresh. "On-the-fly" syntax checking information may be incorrect. [C:\Users\aneel\Downloads\CSE100 LABS\lab6INTIAL\lab6INTIAL.srcs\sources_1\new\top.v:]
WARNING: [filemgmt 56-199] Attempt to get parsing info during refresh. "On-the-fly" syntax checking information may be incorrect. [C:\Users\aneel\Downloads\CSE100 LABS\lab6INTIAL\lab6INTIAL.srcs\sources_1\new\applefsm1.v:]
WARNING: [filemgmt 56-199] Attempt to get parsing info during refresh. "On-the-fly" syntax checking information may be incorrect. [C:\Users\aneel\Downloads\Lab5FINALFINAL.xpr\Lab5\Lab5.srcs\sources_1\imports\Downloads\lfsr.v:]
WARNING: [filemgmt 56-199] Attempt to get parsing info during refresh. "On-the-fly" syntax checking information may be incorrect. [C:\Users\aneel\Downloads\CSE100 LABS\lab6INTIAL\lab6INTIAL.srcs\sources_1\new\top.v:]
WARNING: [filemgmt 56-199] Attempt to get parsing info during refresh. "On-the-fly" syntax checking information may be incorrect. [C:\Users\aneel\Downloads\CSE100 LABS\lab6INTIAL\lab6INTIAL.srcs\sources_1\new\applefsm1.v:]
WARNING: [filemgmt 56-199] Attempt to get parsing info during refresh. "On-the-fly" syntax checking information may be incorrect. [C:\Users\aneel\Downloads\Lab5FINALFINAL.xpr\Lab5\Lab5.srcs\sources_1\imports\Downloads\lfsr.v:]
reset_run synth_1
launch_runs impl_1 -to_step write_bitstream -jobs 8
[Thu Mar  5 00:58:48 2026] Launched synth_1...
Run output will be captured here: C:/Users/aneel/Downloads/CSE100 LABS/lab6INTIAL/lab6INTIAL.runs/synth_1/runme.log
[Thu Mar  5 00:58:48 2026] Launched impl_1...
Run output will be captured here: C:/Users/aneel/Downloads/CSE100 LABS/lab6INTIAL/lab6INTIAL.runs/impl_1/runme.log
WARNING: [filemgmt 56-199] Attempt to get parsing info during refresh. "On-the-fly" syntax checking information may be incorrect. [C:\Users\aneel\Downloads\CSE100 LABS\lab6INTIAL\lab6INTIAL.srcs\sources_1\new\top.v:]
WARNING: [filemgmt 56-199] Attempt to get parsing info during refresh. "On-the-fly" syntax checking information may be incorrect. [C:\Users\aneel\Downloads\CSE100 LABS\lab6INTIAL\lab6INTIAL.srcs\sources_1\new\applefsm1.v:]
WARNING: [filemgmt 56-199] Attempt to get parsing info during refresh. "On-the-fly" syntax checking information may be incorrect. [C:\Users\aneel\Downloads\Lab5FINALFINAL.xpr\Lab5\Lab5.srcs\sources_1\imports\Downloads\lfsr.v:]
WARNING: [filemgmt 56-199] Attempt to get parsing info during refresh. "On-the-fly" syntax checking information may be incorrect. [C:\Users\aneel\Downloads\CSE100 LABS\lab6INTIAL\lab6INTIAL.srcs\sources_1\new\top.v:]
WARNING: [filemgmt 56-199] Attempt to get parsing info during refresh. "On-the-fly" syntax checking information may be incorrect. [C:\Users\aneel\Downloads\CSE100 LABS\lab6INTIAL\lab6INTIAL.srcs\sources_1\new\applefsm1.v:]
reset_run synth_1
launch_runs impl_1 -to_step write_bitstream -jobs 8
[Thu Mar  5 00:59:28 2026] Launched synth_1...
Run output will be captured here: C:/Users/aneel/Downloads/CSE100 LABS/lab6INTIAL/lab6INTIAL.runs/synth_1/runme.log
[Thu Mar  5 00:59:28 2026] Launched impl_1...
Run output will be captured here: C:/Users/aneel/Downloads/CSE100 LABS/lab6INTIAL/lab6INTIAL.runs/impl_1/runme.log
set_property PROBES.FILE {} [get_hw_devices xc7a35t_0]
set_property FULL_PROBES.FILE {} [get_hw_devices xc7a35t_0]
set_property PROGRAM.FILE {C:/Users/aneel/Downloads/CSE100 LABS/lab6INTIAL/lab6INTIAL.runs/impl_1/top.bit} [get_hw_devices xc7a35t_0]
program_hw_devices [get_hw_devices xc7a35t_0]
INFO: [Labtools 27-3164] End of startup status: HIGH
refresh_hw_device [lindex [get_hw_devices xc7a35t_0] 0]
INFO: [Labtools 27-1434] Device xc7a35t (JTAG device index = 0) is programmed with a design that has no supported debug core(s) in it.
WARNING: [filemgmt 56-199] Attempt to get parsing info during refresh. "On-the-fly" syntax checking information may be incorrect. [C:\Users\aneel\Downloads\CSE100 LABS\lab6INTIAL\lab6INTIAL.srcs\sources_1\new\top.v:]
WARNING: [filemgmt 56-199] Attempt to get parsing info during refresh. "On-the-fly" syntax checking information may be incorrect. [C:\Users\aneel\Downloads\CSE100 LABS\lab6INTIAL\lab6INTIAL.srcs\sources_1\new\applefsm1.v:]
WARNING: [filemgmt 56-199] Attempt to get parsing info during refresh. "On-the-fly" syntax checking information may be incorrect. [C:\Users\aneel\Downloads\Lab5FINALFINAL.xpr\Lab5\Lab5.srcs\sources_1\imports\Downloads\lfsr.v:]
WARNING: [filemgmt 56-199] Attempt to get parsing info during refresh. "On-the-fly" syntax checking information may be incorrect. [C:\Users\aneel\Downloads\CSE100 LABS\lab6INTIAL\lab6INTIAL.srcs\sources_1\new\top.v:]
WARNING: [filemgmt 56-199] Attempt to get parsing info during refresh. "On-the-fly" syntax checking information may be incorrect. [C:\Users\aneel\Downloads\CSE100 LABS\lab6INTIAL\lab6INTIAL.srcs\sources_1\new\applefsm1.v:]
WARNING: [filemgmt 56-199] Attempt to get parsing info during refresh. "On-the-fly" syntax checking information may be incorrect. [C:\Users\aneel\Downloads\Lab5FINALFINAL.xpr\Lab5\Lab5.srcs\sources_1\imports\Downloads\lfsr.v:]
WARNING: [filemgmt 56-199] Attempt to get parsing info during refresh. "On-the-fly" syntax checking information may be incorrect. [C:\Users\aneel\Downloads\CSE100 LABS\lab6INTIAL\lab6INTIAL.srcs\sources_1\new\top.v:]
WARNING: [filemgmt 56-199] Attempt to get parsing info during refresh. "On-the-fly" syntax checking information may be incorrect. [C:\Users\aneel\Downloads\CSE100 LABS\lab6INTIAL\lab6INTIAL.srcs\sources_1\new\applefsm1.v:]
WARNING: [filemgmt 56-199] Attempt to get parsing info during refresh. "On-the-fly" syntax checking information may be incorrect. [C:\Users\aneel\Downloads\Lab5FINALFINAL.xpr\Lab5\Lab5.srcs\sources_1\imports\Downloads\lfsr.v:]
WARNING: [filemgmt 56-199] Attempt to get parsing info during refresh. "On-the-fly" syntax checking information may be incorrect. [C:\Users\aneel\Downloads\CSE100 LABS\lab6INTIAL\lab6INTIAL.srcs\sources_1\new\top.v:]
WARNING: [filemgmt 56-199] Attempt to get parsing info during refresh. "On-the-fly" syntax checking information may be incorrect. [C:\Users\aneel\Downloads\CSE100 LABS\lab6INTIAL\lab6INTIAL.srcs\sources_1\new\applefsm1.v:]
reset_run synth_1
INFO: [Project 1-1161] Replacing file C:/Users/aneel/Downloads/CSE100 LABS/lab6INTIAL/lab6INTIAL.srcs/utils_1/imports/synth_1/top.dcp with file C:/Users/aneel/Downloads/CSE100 LABS/lab6INTIAL/lab6INTIAL.runs/synth_1/top.dcp
WARNING: [filemgmt 56-199] Attempt to get parsing info during refresh. "On-the-fly" syntax checking information may be incorrect. [C:\Users\aneel\Downloads\CSE100 LABS\lab6INTIAL\lab6INTIAL.srcs\sources_1\new\top.v:]
WARNING: [filemgmt 56-199] Attempt to get parsing info during refresh. "On-the-fly" syntax checking information may be incorrect. [C:\Users\aneel\Downloads\CSE100 LABS\lab6INTIAL\lab6INTIAL.srcs\sources_1\new\applefsm1.v:]
WARNING: [filemgmt 56-199] Attempt to get parsing info during refresh. "On-the-fly" syntax checking information may be incorrect. [C:\Users\aneel\Downloads\Lab5FINALFINAL.xpr\Lab5\Lab5.srcs\sources_1\imports\Downloads\lfsr.v:]
WARNING: [filemgmt 56-199] Attempt to get parsing info during refresh. "On-the-fly" syntax checking information may be incorrect. [C:\Users\aneel\Downloads\CSE100 LABS\lab6INTIAL\lab6INTIAL.srcs\sources_1\new\top.v:]
WARNING: [filemgmt 56-199] Attempt to get parsing info during refresh. "On-the-fly" syntax checking information may be incorrect. [C:\Users\aneel\Downloads\CSE100 LABS\lab6INTIAL\lab6INTIAL.srcs\sources_1\new\applefsm1.v:]
WARNING: [filemgmt 56-199] Attempt to get parsing info during refresh. "On-the-fly" syntax checking information may be incorrect. [C:\Users\aneel\Downloads\Lab5FINALFINAL.xpr\Lab5\Lab5.srcs\sources_1\imports\Downloads\lfsr.v:]
launch_runs impl_1 -to_step write_bitstream -jobs 8
[Thu Mar  5 02:07:07 2026] Launched synth_1...
Run output will be captured here: C:/Users/aneel/Downloads/CSE100 LABS/lab6INTIAL/lab6INTIAL.runs/synth_1/runme.log
[Thu Mar  5 02:07:07 2026] Launched impl_1...
Run output will be captured here: C:/Users/aneel/Downloads/CSE100 LABS/lab6INTIAL/lab6INTIAL.runs/impl_1/runme.log
set_property PROBES.FILE {} [get_hw_devices xc7a35t_0]
set_property FULL_PROBES.FILE {} [get_hw_devices xc7a35t_0]
set_property PROGRAM.FILE {C:/Users/aneel/Downloads/CSE100 LABS/lab6INTIAL/lab6INTIAL.runs/impl_1/top.bit} [get_hw_devices xc7a35t_0]
program_hw_devices [get_hw_devices xc7a35t_0]
INFO: [Labtools 27-3164] End of startup status: HIGH
refresh_hw_device [lindex [get_hw_devices xc7a35t_0] 0]
INFO: [Labtools 27-1434] Device xc7a35t (JTAG device index = 0) is programmed with a design that has no supported debug core(s) in it.
WARNING: [filemgmt 56-199] Attempt to get parsing info during refresh. "On-the-fly" syntax checking information may be incorrect. [C:\Users\aneel\Downloads\CSE100 LABS\lab6INTIAL\lab6INTIAL.srcs\sources_1\new\top.v:]
WARNING: [filemgmt 56-199] Attempt to get parsing info during refresh. "On-the-fly" syntax checking information may be incorrect. [C:\Users\aneel\Downloads\CSE100 LABS\lab6INTIAL\lab6INTIAL.srcs\sources_1\new\applefsm1.v:]
WARNING: [filemgmt 56-199] Attempt to get parsing info during refresh. "On-the-fly" syntax checking information may be incorrect. [C:\Users\aneel\Downloads\Lab5FINALFINAL.xpr\Lab5\Lab5.srcs\sources_1\imports\Downloads\lfsr.v:]
reset_run synth_1
INFO: [Project 1-1161] Replacing file C:/Users/aneel/Downloads/CSE100 LABS/lab6INTIAL/lab6INTIAL.srcs/utils_1/imports/synth_1/top.dcp with file C:/Users/aneel/Downloads/CSE100 LABS/lab6INTIAL/lab6INTIAL.runs/synth_1/top.dcp
WARNING: [filemgmt 56-199] Attempt to get parsing info during refresh. "On-the-fly" syntax checking information may be incorrect. [C:\Users\aneel\Downloads\CSE100 LABS\lab6INTIAL\lab6INTIAL.srcs\sources_1\new\top.v:]
WARNING: [filemgmt 56-199] Attempt to get parsing info during refresh. "On-the-fly" syntax checking information may be incorrect. [C:\Users\aneel\Downloads\CSE100 LABS\lab6INTIAL\lab6INTIAL.srcs\sources_1\new\applefsm1.v:]
WARNING: [filemgmt 56-199] Attempt to get parsing info during refresh. "On-the-fly" syntax checking information may be incorrect. [C:\Users\aneel\Downloads\Lab5FINALFINAL.xpr\Lab5\Lab5.srcs\sources_1\imports\Downloads\lfsr.v:]
launch_runs impl_1 -to_step write_bitstream -jobs 8
[Thu Mar  5 02:20:19 2026] Launched synth_1...
Run output will be captured here: C:/Users/aneel/Downloads/CSE100 LABS/lab6INTIAL/lab6INTIAL.runs/synth_1/runme.log
[Thu Mar  5 02:20:19 2026] Launched impl_1...
Run output will be captured here: C:/Users/aneel/Downloads/CSE100 LABS/lab6INTIAL/lab6INTIAL.runs/impl_1/runme.log
WARNING: [filemgmt 56-199] Attempt to get parsing info during refresh. "On-the-fly" syntax checking information may be incorrect. [C:\Users\aneel\Downloads\CSE100 LABS\lab6INTIAL\lab6INTIAL.srcs\sources_1\new\top.v:]
WARNING: [filemgmt 56-199] Attempt to get parsing info during refresh. "On-the-fly" syntax checking information may be incorrect. [C:\Users\aneel\Downloads\CSE100 LABS\lab6INTIAL\lab6INTIAL.srcs\sources_1\new\applefsm1.v:]
WARNING: [filemgmt 56-199] Attempt to get parsing info during refresh. "On-the-fly" syntax checking information may be incorrect. [C:\Users\aneel\Downloads\Lab5FINALFINAL.xpr\Lab5\Lab5.srcs\sources_1\imports\Downloads\lfsr.v:]
reset_run synth_1
INFO: [Project 1-1161] Replacing file C:/Users/aneel/Downloads/CSE100 LABS/lab6INTIAL/lab6INTIAL.srcs/utils_1/imports/synth_1/top.dcp with file C:/Users/aneel/Downloads/CSE100 LABS/lab6INTIAL/lab6INTIAL.runs/synth_1/top.dcp
WARNING: [filemgmt 56-199] Attempt to get parsing info during refresh. "On-the-fly" syntax checking information may be incorrect. [C:\Users\aneel\Downloads\CSE100 LABS\lab6INTIAL\lab6INTIAL.srcs\sources_1\new\top.v:]
WARNING: [filemgmt 56-199] Attempt to get parsing info during refresh. "On-the-fly" syntax checking information may be incorrect. [C:\Users\aneel\Downloads\CSE100 LABS\lab6INTIAL\lab6INTIAL.srcs\sources_1\new\applefsm1.v:]
WARNING: [filemgmt 56-199] Attempt to get parsing info during refresh. "On-the-fly" syntax checking information may be incorrect. [C:\Users\aneel\Downloads\Lab5FINALFINAL.xpr\Lab5\Lab5.srcs\sources_1\imports\Downloads\lfsr.v:]
WARNING: [filemgmt 56-199] Attempt to get parsing info during refresh. "On-the-fly" syntax checking information may be incorrect. [C:\Users\aneel\Downloads\CSE100 LABS\lab6INTIAL\lab6INTIAL.srcs\sources_1\new\top.v:]
launch_runs impl_1 -to_step write_bitstream -jobs 8
[Thu Mar  5 02:25:05 2026] Launched synth_1...
Run output will be captured here: C:/Users/aneel/Downloads/CSE100 LABS/lab6INTIAL/lab6INTIAL.runs/synth_1/runme.log
[Thu Mar  5 02:25:05 2026] Launched impl_1...
Run output will be captured here: C:/Users/aneel/Downloads/CSE100 LABS/lab6INTIAL/lab6INTIAL.runs/impl_1/runme.log
reset_run synth_1
INFO: [Project 1-1161] Replacing file C:/Users/aneel/Downloads/CSE100 LABS/lab6INTIAL/lab6INTIAL.srcs/utils_1/imports/synth_1/top.dcp with file C:/Users/aneel/Downloads/CSE100 LABS/lab6INTIAL/lab6INTIAL.runs/synth_1/top.dcp
WARNING: [filemgmt 56-199] Attempt to get parsing info during refresh. "On-the-fly" syntax checking information may be incorrect. [C:\Users\aneel\Downloads\CSE100 LABS\lab6INTIAL\lab6INTIAL.srcs\sources_1\new\top.v:]
WARNING: [filemgmt 56-199] Attempt to get parsing info during refresh. "On-the-fly" syntax checking information may be incorrect. [C:\Users\aneel\Downloads\CSE100 LABS\lab6INTIAL\lab6INTIAL.srcs\sources_1\new\applefsm1.v:]
WARNING: [filemgmt 56-199] Attempt to get parsing info during refresh. "On-the-fly" syntax checking information may be incorrect. [C:\Users\aneel\Downloads\Lab5FINALFINAL.xpr\Lab5\Lab5.srcs\sources_1\imports\Downloads\lfsr.v:]
WARNING: [filemgmt 56-199] Attempt to get parsing info during refresh. "On-the-fly" syntax checking information may be incorrect. [C:\Users\aneel\Downloads\CSE100 LABS\lab6INTIAL\lab6INTIAL.srcs\sources_1\new\top.v:]
WARNING: [filemgmt 56-199] Attempt to get parsing info during refresh. "On-the-fly" syntax checking information may be incorrect. [C:\Users\aneel\Downloads\CSE100 LABS\lab6INTIAL\lab6INTIAL.srcs\sources_1\new\applefsm1.v:]
WARNING: [filemgmt 56-199] Attempt to get parsing info during refresh. "On-the-fly" syntax checking information may be incorrect. [C:\Users\aneel\Downloads\Lab5FINALFINAL.xpr\Lab5\Lab5.srcs\sources_1\imports\Downloads\lfsr.v:]
ERROR: [Common 17-180] Spawn failed: No error
launch_runs impl_1 -to_step write_bitstream -jobs 8
[Thu Mar  5 02:27:56 2026] Launched synth_1...
Run output will be captured here: C:/Users/aneel/Downloads/CSE100 LABS/lab6INTIAL/lab6INTIAL.runs/synth_1/runme.log
[Thu Mar  5 02:27:56 2026] Launched impl_1...
Run output will be captured here: C:/Users/aneel/Downloads/CSE100 LABS/lab6INTIAL/lab6INTIAL.runs/impl_1/runme.log
set_property PROBES.FILE {} [get_hw_devices xc7a35t_0]
set_property FULL_PROBES.FILE {} [get_hw_devices xc7a35t_0]
set_property PROGRAM.FILE {C:/Users/aneel/Downloads/CSE100 LABS/lab6INTIAL/lab6INTIAL.runs/impl_1/top.bit} [get_hw_devices xc7a35t_0]
program_hw_devices [get_hw_devices xc7a35t_0]
INFO: [Labtools 27-3164] End of startup status: HIGH
refresh_hw_device [lindex [get_hw_devices xc7a35t_0] 0]
INFO: [Labtools 27-1434] Device xc7a35t (JTAG device index = 0) is programmed with a design that has no supported debug core(s) in it.
ERROR: [Labtoolstcl 44-513] HW Target shutdown. Closing target: localhost:3121/xilinx_tcf/Digilent/210183ACA9DFA
INFO: [Labtoolstcl 44-466] Opening hw_target localhost:3121/xilinx_tcf/Digilent/210183ACA9DFA
INFO: [Labtools 27-1434] Device xc7a35t (JTAG device index = 0) is programmed with a design that has no supported debug core(s) in it.
WARNING: [Labtoolstcl 44-129] No matching hw_ila_data was found.
set_property PROBES.FILE {} [get_hw_devices xc7a35t_0]
set_property FULL_PROBES.FILE {} [get_hw_devices xc7a35t_0]
set_property PROGRAM.FILE {C:/Users/aneel/Downloads/CSE100 LABS/lab6INTIAL/lab6INTIAL.runs/impl_1/top.bit} [get_hw_devices xc7a35t_0]
program_hw_devices [get_hw_devices xc7a35t_0]
INFO: [Labtools 27-3164] End of startup status: HIGH
refresh_hw_device [lindex [get_hw_devices xc7a35t_0] 0]
INFO: [Labtools 27-1434] Device xc7a35t (JTAG device index = 0) is programmed with a design that has no supported debug core(s) in it.
reset_run synth_1
INFO: [Project 1-1161] Replacing file C:/Users/aneel/Downloads/CSE100 LABS/lab6INTIAL/lab6INTIAL.srcs/utils_1/imports/synth_1/top.dcp with file C:/Users/aneel/Downloads/CSE100 LABS/lab6INTIAL/lab6INTIAL.runs/synth_1/top.dcp
WARNING: [filemgmt 56-199] Attempt to get parsing info during refresh. "On-the-fly" syntax checking information may be incorrect. [C:\Users\aneel\Downloads\CSE100 LABS\lab6INTIAL\lab6INTIAL.srcs\sources_1\new\top.v:]
WARNING: [filemgmt 56-199] Attempt to get parsing info during refresh. "On-the-fly" syntax checking information may be incorrect. [C:\Users\aneel\Downloads\CSE100 LABS\lab6INTIAL\lab6INTIAL.srcs\sources_1\new\applefsm1.v:]
WARNING: [filemgmt 56-199] Attempt to get parsing info during refresh. "On-the-fly" syntax checking information may be incorrect. [C:\Users\aneel\Downloads\Lab5FINALFINAL.xpr\Lab5\Lab5.srcs\sources_1\imports\Downloads\lfsr.v:]
WARNING: [filemgmt 56-199] Attempt to get parsing info during refresh. "On-the-fly" syntax checking information may be incorrect. [C:\Users\aneel\Downloads\Lab5FINALFINAL.xpr\Lab5\Lab5.srcs\sources_1\imports\Downloads\hex7seg.v:]
WARNING: [filemgmt 56-199] Attempt to get parsing info during refresh. "On-the-fly" syntax checking information may be incorrect. [C:\Users\aneel\Downloads\CSE100 LABS\lab6INTIAL\lab6INTIAL.srcs\sources_1\new\top.v:]
WARNING: [filemgmt 56-199] Attempt to get parsing info during refresh. "On-the-fly" syntax checking information may be incorrect. [C:\Users\aneel\Downloads\CSE100 LABS\lab6INTIAL\lab6INTIAL.srcs\sources_1\new\applefsm1.v:]
WARNING: [filemgmt 56-199] Attempt to get parsing info during refresh. "On-the-fly" syntax checking information may be incorrect. [C:\Users\aneel\Downloads\Lab5FINALFINAL.xpr\Lab5\Lab5.srcs\sources_1\imports\Downloads\lfsr.v:]
WARNING: [filemgmt 56-199] Attempt to get parsing info during refresh. "On-the-fly" syntax checking information may be incorrect. [C:\Users\aneel\Downloads\Lab5FINALFINAL.xpr\Lab5\Lab5.srcs\sources_1\imports\Downloads\hex7seg.v:]
WARNING: [filemgmt 56-199] Attempt to get parsing info during refresh. "On-the-fly" syntax checking information may be incorrect. [C:\Users\aneel\Downloads\CSE100 LABS\lab6INTIAL\lab6INTIAL.srcs\sources_1\new\top.v:]
WARNING: [filemgmt 56-199] Attempt to get parsing info during refresh. "On-the-fly" syntax checking information may be incorrect. [C:\Users\aneel\Downloads\CSE100 LABS\lab6INTIAL\lab6INTIAL.srcs\sources_1\new\applefsm1.v:]
WARNING: [filemgmt 56-199] Attempt to get parsing info during refresh. "On-the-fly" syntax checking information may be incorrect. [C:\Users\aneel\Downloads\Lab5FINALFINAL.xpr\Lab5\Lab5.srcs\sources_1\imports\Downloads\lfsr.v:]
WARNING: [filemgmt 56-199] Attempt to get parsing info during refresh. "On-the-fly" syntax checking information may be incorrect. [C:\Users\aneel\Downloads\Lab5FINALFINAL.xpr\Lab5\Lab5.srcs\sources_1\imports\Downloads\hex7seg.v:]
WARNING: [filemgmt 56-199] Attempt to get parsing info during refresh. "On-the-fly" syntax checking information may be incorrect. [C:\Users\aneel\Downloads\CSE100 LABS\lab6INTIAL\lab6INTIAL.srcs\sources_1\new\top.v:]
WARNING: [filemgmt 56-199] Attempt to get parsing info during refresh. "On-the-fly" syntax checking information may be incorrect. [C:\Users\aneel\Downloads\CSE100 LABS\lab6INTIAL\lab6INTIAL.srcs\sources_1\new\applefsm1.v:]
WARNING: [filemgmt 56-199] Attempt to get parsing info during refresh. "On-the-fly" syntax checking information may be incorrect. [C:\Users\aneel\Downloads\Lab5FINALFINAL.xpr\Lab5\Lab5.srcs\sources_1\imports\Downloads\lfsr.v:]
WARNING: [filemgmt 56-199] Attempt to get parsing info during refresh. "On-the-fly" syntax checking information may be incorrect. [C:\Users\aneel\Downloads\Lab5FINALFINAL.xpr\Lab5\Lab5.srcs\sources_1\imports\Downloads\hex7seg.v:]
WARNING: [filemgmt 56-199] Attempt to get parsing info during refresh. "On-the-fly" syntax checking information may be incorrect. [C:\Users\aneel\Downloads\CSE100 LABS\lab6INTIAL\lab6INTIAL.srcs\sources_1\new\top.v:]
WARNING: [filemgmt 56-199] Attempt to get parsing info during refresh. "On-the-fly" syntax checking information may be incorrect. [C:\Users\aneel\Downloads\CSE100 LABS\lab6INTIAL\lab6INTIAL.srcs\sources_1\new\applefsm1.v:]
WARNING: [filemgmt 56-199] Attempt to get parsing info during refresh. "On-the-fly" syntax checking information may be incorrect. [C:\Users\aneel\Downloads\Lab5FINALFINAL.xpr\Lab5\Lab5.srcs\sources_1\imports\Downloads\lfsr.v:]
WARNING: [filemgmt 56-199] Attempt to get parsing info during refresh. "On-the-fly" syntax checking information may be incorrect. [C:\Users\aneel\Downloads\Lab5FINALFINAL.xpr\Lab5\Lab5.srcs\sources_1\imports\Downloads\hex7seg.v:]
launch_runs impl_1 -to_step write_bitstream -jobs 8
[Thu Mar  5 02:37:53 2026] Launched synth_1...
Run output will be captured here: C:/Users/aneel/Downloads/CSE100 LABS/lab6INTIAL/lab6INTIAL.runs/synth_1/runme.log
[Thu Mar  5 02:37:53 2026] Launched impl_1...
Run output will be captured here: C:/Users/aneel/Downloads/CSE100 LABS/lab6INTIAL/lab6INTIAL.runs/impl_1/runme.log
set_property PROBES.FILE {} [get_hw_devices xc7a35t_0]
set_property FULL_PROBES.FILE {} [get_hw_devices xc7a35t_0]
set_property PROGRAM.FILE {C:/Users/aneel/Downloads/CSE100 LABS/lab6INTIAL/lab6INTIAL.runs/impl_1/top.bit} [get_hw_devices xc7a35t_0]
program_hw_devices [get_hw_devices xc7a35t_0]
INFO: [Labtools 27-3164] End of startup status: HIGH
refresh_hw_device [lindex [get_hw_devices xc7a35t_0] 0]
INFO: [Labtools 27-1434] Device xc7a35t (JTAG device index = 0) is programmed with a design that has no supported debug core(s) in it.
ERROR: [Labtoolstcl 44-513] HW Target shutdown. Closing target: localhost:3121/xilinx_tcf/Digilent/210183ACA9DFA
INFO: [Labtoolstcl 44-466] Opening hw_target localhost:3121/xilinx_tcf/Digilent/210183ACA9DFA
INFO: [Labtools 27-1434] Device xc7a35t (JTAG device index = 0) is programmed with a design that has no supported debug core(s) in it.
WARNING: [Labtoolstcl 44-129] No matching hw_ila_data was found.
WARNING: [filemgmt 56-199] Attempt to get parsing info during refresh. "On-the-fly" syntax checking information may be incorrect. [C:\Users\aneel\Downloads\CSE100 LABS\lab6INTIAL\lab6INTIAL.srcs\sources_1\new\top.v:]
WARNING: [filemgmt 56-199] Attempt to get parsing info during refresh. "On-the-fly" syntax checking information may be incorrect. [C:\Users\aneel\Downloads\CSE100 LABS\lab6INTIAL\lab6INTIAL.srcs\sources_1\new\applefsm1.v:]
WARNING: [filemgmt 56-199] Attempt to get parsing info during refresh. "On-the-fly" syntax checking information may be incorrect. [C:\Users\aneel\Downloads\Lab5FINALFINAL.xpr\Lab5\Lab5.srcs\sources_1\imports\Downloads\lfsr.v:]
WARNING: [filemgmt 56-199] Attempt to get parsing info during refresh. "On-the-fly" syntax checking information may be incorrect. [C:\Users\aneel\Downloads\Lab5FINALFINAL.xpr\Lab5\Lab5.srcs\sources_1\imports\Downloads\hex7seg.v:]
WARNING: [filemgmt 56-199] Attempt to get parsing info during refresh. "On-the-fly" syntax checking information may be incorrect. [C:\Users\aneel\Downloads\CSE100 LABS\lab6INTIAL\lab6INTIAL.srcs\sources_1\new\top.v:]
WARNING: [filemgmt 56-199] Attempt to get parsing info during refresh. "On-the-fly" syntax checking information may be incorrect. [C:\Users\aneel\Downloads\CSE100 LABS\lab6INTIAL\lab6INTIAL.srcs\sources_1\new\applefsm1.v:]
WARNING: [filemgmt 56-199] Attempt to get parsing info during refresh. "On-the-fly" syntax checking information may be incorrect. [C:\Users\aneel\Downloads\Lab5FINALFINAL.xpr\Lab5\Lab5.srcs\sources_1\imports\Downloads\lfsr.v:]
WARNING: [filemgmt 56-199] Attempt to get parsing info during refresh. "On-the-fly" syntax checking information may be incorrect. [C:\Users\aneel\Downloads\Lab5FINALFINAL.xpr\Lab5\Lab5.srcs\sources_1\imports\Downloads\hex7seg.v:]
ERROR: [Common 17-180] Spawn failed: No error
ERROR: [Common 17-180] Spawn failed: No error
reset_run synth_1
INFO: [Project 1-1161] Replacing file C:/Users/aneel/Downloads/CSE100 LABS/lab6INTIAL/lab6INTIAL.srcs/utils_1/imports/synth_1/top.dcp with file C:/Users/aneel/Downloads/CSE100 LABS/lab6INTIAL/lab6INTIAL.runs/synth_1/top.dcp
WARNING: [filemgmt 56-199] Attempt to get parsing info during refresh. "On-the-fly" syntax checking information may be incorrect. [C:\Users\aneel\Downloads\CSE100 LABS\lab6INTIAL\lab6INTIAL.srcs\sources_1\new\top.v:]
WARNING: [filemgmt 56-199] Attempt to get parsing info during refresh. "On-the-fly" syntax checking information may be incorrect. [C:\Users\aneel\Downloads\CSE100 LABS\lab6INTIAL\lab6INTIAL.srcs\sources_1\new\applefsm1.v:]
WARNING: [filemgmt 56-199] Attempt to get parsing info during refresh. "On-the-fly" syntax checking information may be incorrect. [C:\Users\aneel\Downloads\Lab5FINALFINAL.xpr\Lab5\Lab5.srcs\sources_1\imports\Downloads\lfsr.v:]
WARNING: [filemgmt 56-199] Attempt to get parsing info during refresh. "On-the-fly" syntax checking information may be incorrect. [C:\Users\aneel\Downloads\Lab5FINALFINAL.xpr\Lab5\Lab5.srcs\sources_1\imports\Downloads\hex7seg.v:]
WARNING: [filemgmt 56-199] Attempt to get parsing info during refresh. "On-the-fly" syntax checking information may be incorrect. [C:\Users\aneel\Downloads\CSE100 LABS\lab6INTIAL\lab6INTIAL.srcs\sources_1\new\top.v:]
WARNING: [filemgmt 56-199] Attempt to get parsing info during refresh. "On-the-fly" syntax checking information may be incorrect. [C:\Users\aneel\Downloads\CSE100 LABS\lab6INTIAL\lab6INTIAL.srcs\sources_1\new\applefsm1.v:]
WARNING: [filemgmt 56-199] Attempt to get parsing info during refresh. "On-the-fly" syntax checking information may be incorrect. [C:\Users\aneel\Downloads\Lab5FINALFINAL.xpr\Lab5\Lab5.srcs\sources_1\imports\Downloads\lfsr.v:]
WARNING: [filemgmt 56-199] Attempt to get parsing info during refresh. "On-the-fly" syntax checking information may be incorrect. [C:\Users\aneel\Downloads\Lab5FINALFINAL.xpr\Lab5\Lab5.srcs\sources_1\imports\Downloads\hex7seg.v:]
ERROR: [Common 17-180] Spawn failed: No error
WARNING: [filemgmt 56-199] Attempt to get parsing info during refresh. "On-the-fly" syntax checking information may be incorrect. [C:\Users\aneel\Downloads\CSE100 LABS\lab6INTIAL\lab6INTIAL.srcs\sources_1\new\top.v:]
WARNING: [filemgmt 56-199] Attempt to get parsing info during refresh. "On-the-fly" syntax checking information may be incorrect. [C:\Users\aneel\Downloads\CSE100 LABS\lab6INTIAL\lab6INTIAL.srcs\sources_1\new\applefsm1.v:]
WARNING: [filemgmt 56-199] Attempt to get parsing info during refresh. "On-the-fly" syntax checking information may be incorrect. [C:\Users\aneel\Downloads\Lab5FINALFINAL.xpr\Lab5\Lab5.srcs\sources_1\imports\Downloads\lfsr.v:]
WARNING: [filemgmt 56-199] Attempt to get parsing info during refresh. "On-the-fly" syntax checking information may be incorrect. [C:\Users\aneel\Downloads\Lab5FINALFINAL.xpr\Lab5\Lab5.srcs\sources_1\imports\Downloads\hex7seg.v:]
ERROR: [Common 17-180] Spawn failed: No error
launch_runs impl_1 -to_step write_bitstream -jobs 8
[Thu Mar  5 02:46:15 2026] Launched synth_1...
Run output will be captured here: C:/Users/aneel/Downloads/CSE100 LABS/lab6INTIAL/lab6INTIAL.runs/synth_1/runme.log
[Thu Mar  5 02:46:15 2026] Launched impl_1...
Run output will be captured here: C:/Users/aneel/Downloads/CSE100 LABS/lab6INTIAL/lab6INTIAL.runs/impl_1/runme.log
WARNING: [filemgmt 56-199] Attempt to get parsing info during refresh. "On-the-fly" syntax checking information may be incorrect. [C:\Users\aneel\Downloads\CSE100 LABS\lab6INTIAL\lab6INTIAL.srcs\sources_1\new\top.v:]
WARNING: [filemgmt 56-199] Attempt to get parsing info during refresh. "On-the-fly" syntax checking information may be incorrect. [C:\Users\aneel\Downloads\CSE100 LABS\lab6INTIAL\lab6INTIAL.srcs\sources_1\new\applefsm1.v:]
WARNING: [filemgmt 56-199] Attempt to get parsing info during refresh. "On-the-fly" syntax checking information may be incorrect. [C:\Users\aneel\Downloads\Lab5FINALFINAL.xpr\Lab5\Lab5.srcs\sources_1\imports\Downloads\lfsr.v:]
WARNING: [filemgmt 56-199] Attempt to get parsing info during refresh. "On-the-fly" syntax checking information may be incorrect. [C:\Users\aneel\Downloads\Lab5FINALFINAL.xpr\Lab5\Lab5.srcs\sources_1\imports\Downloads\hex7seg.v:]
WARNING: [filemgmt 56-199] Attempt to get parsing info during refresh. "On-the-fly" syntax checking information may be incorrect. [C:\Users\aneel\Downloads\CSE100 LABS\lab6INTIAL\lab6INTIAL.srcs\sources_1\new\top.v:]
WARNING: [filemgmt 56-199] Attempt to get parsing info during refresh. "On-the-fly" syntax checking information may be incorrect. [C:\Users\aneel\Downloads\CSE100 LABS\lab6INTIAL\lab6INTIAL.srcs\sources_1\new\applefsm1.v:]
WARNING: [filemgmt 56-199] Attempt to get parsing info during refresh. "On-the-fly" syntax checking information may be incorrect. [C:\Users\aneel\Downloads\Lab5FINALFINAL.xpr\Lab5\Lab5.srcs\sources_1\imports\Downloads\lfsr.v:]
WARNING: [filemgmt 56-199] Attempt to get parsing info during refresh. "On-the-fly" syntax checking information may be incorrect. [C:\Users\aneel\Downloads\Lab5FINALFINAL.xpr\Lab5\Lab5.srcs\sources_1\imports\Downloads\hex7seg.v:]
ERROR: [Common 17-180] Spawn failed: No error
WARNING: [filemgmt 56-199] Attempt to get parsing info during refresh. "On-the-fly" syntax checking information may be incorrect. [C:\Users\aneel\Downloads\CSE100 LABS\lab6INTIAL\lab6INTIAL.srcs\sources_1\new\top.v:]
WARNING: [filemgmt 56-199] Attempt to get parsing info during refresh. "On-the-fly" syntax checking information may be incorrect. [C:\Users\aneel\Downloads\CSE100 LABS\lab6INTIAL\lab6INTIAL.srcs\sources_1\new\applefsm1.v:]
WARNING: [filemgmt 56-199] Attempt to get parsing info during refresh. "On-the-fly" syntax checking information may be incorrect. [C:\Users\aneel\Downloads\Lab5FINALFINAL.xpr\Lab5\Lab5.srcs\sources_1\imports\Downloads\lfsr.v:]
WARNING: [filemgmt 56-199] Attempt to get parsing info during refresh. "On-the-fly" syntax checking information may be incorrect. [C:\Users\aneel\Downloads\Lab5FINALFINAL.xpr\Lab5\Lab5.srcs\sources_1\imports\Downloads\hex7seg.v:]
ERROR: [Common 17-180] Spawn failed: No error
reset_run synth_1
launch_runs impl_1 -to_step write_bitstream -jobs 8
[Thu Mar  5 02:46:57 2026] Launched synth_1...
Run output will be captured here: C:/Users/aneel/Downloads/CSE100 LABS/lab6INTIAL/lab6INTIAL.runs/synth_1/runme.log
[Thu Mar  5 02:46:57 2026] Launched impl_1...
Run output will be captured here: C:/Users/aneel/Downloads/CSE100 LABS/lab6INTIAL/lab6INTIAL.runs/impl_1/runme.log
set_property PROBES.FILE {} [get_hw_devices xc7a35t_0]
set_property FULL_PROBES.FILE {} [get_hw_devices xc7a35t_0]
set_property PROGRAM.FILE {C:/Users/aneel/Downloads/CSE100 LABS/lab6INTIAL/lab6INTIAL.runs/impl_1/top.bit} [get_hw_devices xc7a35t_0]
program_hw_devices [get_hw_devices xc7a35t_0]
INFO: [Labtools 27-3164] End of startup status: HIGH
refresh_hw_device [lindex [get_hw_devices xc7a35t_0] 0]
INFO: [Labtools 27-1434] Device xc7a35t (JTAG device index = 0) is programmed with a design that has no supported debug core(s) in it.
ERROR: [Labtoolstcl 44-513] HW Target shutdown. Closing target: localhost:3121/xilinx_tcf/Digilent/210183ACA9DFA
WARNING: [filemgmt 56-199] Attempt to get parsing info during refresh. "On-the-fly" syntax checking information may be incorrect. [C:\Users\aneel\Downloads\CSE100 LABS\lab6INTIAL\lab6INTIAL.srcs\sources_1\new\top.v:]
WARNING: [filemgmt 56-199] Attempt to get parsing info during refresh. "On-the-fly" syntax checking information may be incorrect. [C:\Users\aneel\Downloads\CSE100 LABS\lab6INTIAL\lab6INTIAL.srcs\sources_1\new\applefsm1.v:]
WARNING: [filemgmt 56-199] Attempt to get parsing info during refresh. "On-the-fly" syntax checking information may be incorrect. [C:\Users\aneel\Downloads\Lab5FINALFINAL.xpr\Lab5\Lab5.srcs\sources_1\imports\Downloads\lfsr.v:]
WARNING: [filemgmt 56-199] Attempt to get parsing info during refresh. "On-the-fly" syntax checking information may be incorrect. [C:\Users\aneel\Downloads\Lab5FINALFINAL.xpr\Lab5\Lab5.srcs\sources_1\imports\Downloads\hex7seg.v:]
WARNING: [filemgmt 56-199] Attempt to get parsing info during refresh. "On-the-fly" syntax checking information may be incorrect. [C:\Users\aneel\Downloads\CSE100 LABS\lab6INTIAL\lab6INTIAL.srcs\sources_1\new\top.v:]
WARNING: [filemgmt 56-199] Attempt to get parsing info during refresh. "On-the-fly" syntax checking information may be incorrect. [C:\Users\aneel\Downloads\CSE100 LABS\lab6INTIAL\lab6INTIAL.srcs\sources_1\new\applefsm1.v:]
WARNING: [filemgmt 56-199] Attempt to get parsing info during refresh. "On-the-fly" syntax checking information may be incorrect. [C:\Users\aneel\Downloads\Lab5FINALFINAL.xpr\Lab5\Lab5.srcs\sources_1\imports\Downloads\lfsr.v:]
WARNING: [filemgmt 56-199] Attempt to get parsing info during refresh. "On-the-fly" syntax checking information may be incorrect. [C:\Users\aneel\Downloads\Lab5FINALFINAL.xpr\Lab5\Lab5.srcs\sources_1\imports\Downloads\hex7seg.v:]
ERROR: [Common 17-180] Spawn failed: No error
WARNING: [filemgmt 56-199] Attempt to get parsing info during refresh. "On-the-fly" syntax checking information may be incorrect. [C:\Users\aneel\Downloads\CSE100 LABS\lab6INTIAL\lab6INTIAL.srcs\sources_1\new\top.v:]
WARNING: [filemgmt 56-199] Attempt to get parsing info during refresh. "On-the-fly" syntax checking information may be incorrect. [C:\Users\aneel\Downloads\CSE100 LABS\lab6INTIAL\lab6INTIAL.srcs\sources_1\new\applefsm1.v:]
WARNING: [filemgmt 56-199] Attempt to get parsing info during refresh. "On-the-fly" syntax checking information may be incorrect. [C:\Users\aneel\Downloads\Lab5FINALFINAL.xpr\Lab5\Lab5.srcs\sources_1\imports\Downloads\lfsr.v:]
WARNING: [filemgmt 56-199] Attempt to get parsing info during refresh. "On-the-fly" syntax checking information may be incorrect. [C:\Users\aneel\Downloads\Lab5FINALFINAL.xpr\Lab5\Lab5.srcs\sources_1\imports\Downloads\hex7seg.v:]
ERROR: [Common 17-180] Spawn failed: No error
INFO: [Labtoolstcl 44-466] Opening hw_target localhost:3121/xilinx_tcf/Digilent/210183ACA9DFA
INFO: [Labtools 27-1434] Device xc7a35t (JTAG device index = 0) is programmed with a design that has no supported debug core(s) in it.
WARNING: [Labtoolstcl 44-129] No matching hw_ila_data was found.
reset_run synth_1
INFO: [Project 1-1161] Replacing file C:/Users/aneel/Downloads/CSE100 LABS/lab6INTIAL/lab6INTIAL.srcs/utils_1/imports/synth_1/top.dcp with file C:/Users/aneel/Downloads/CSE100 LABS/lab6INTIAL/lab6INTIAL.runs/synth_1/top.dcp
WARNING: [filemgmt 56-199] Attempt to get parsing info during refresh. "On-the-fly" syntax checking information may be incorrect. [C:\Users\aneel\Downloads\CSE100 LABS\lab6INTIAL\lab6INTIAL.srcs\sources_1\new\top.v:]
WARNING: [filemgmt 56-199] Attempt to get parsing info during refresh. "On-the-fly" syntax checking information may be incorrect. [C:\Users\aneel\Downloads\CSE100 LABS\lab6INTIAL\lab6INTIAL.srcs\sources_1\new\applefsm1.v:]
WARNING: [filemgmt 56-199] Attempt to get parsing info during refresh. "On-the-fly" syntax checking information may be incorrect. [C:\Users\aneel\Downloads\Lab5FINALFINAL.xpr\Lab5\Lab5.srcs\sources_1\imports\Downloads\lfsr.v:]
WARNING: [filemgmt 56-199] Attempt to get parsing info during refresh. "On-the-fly" syntax checking information may be incorrect. [C:\Users\aneel\Downloads\Lab5FINALFINAL.xpr\Lab5\Lab5.srcs\sources_1\imports\Downloads\hex7seg.v:]
WARNING: [filemgmt 56-199] Attempt to get parsing info during refresh. "On-the-fly" syntax checking information may be incorrect. [C:\Users\aneel\Downloads\CSE100 LABS\lab6INTIAL\lab6INTIAL.srcs\sources_1\new\top.v:]
WARNING: [filemgmt 56-199] Attempt to get parsing info during refresh. "On-the-fly" syntax checking information may be incorrect. [C:\Users\aneel\Downloads\CSE100 LABS\lab6INTIAL\lab6INTIAL.srcs\sources_1\new\applefsm1.v:]
WARNING: [filemgmt 56-199] Attempt to get parsing info during refresh. "On-the-fly" syntax checking information may be incorrect. [C:\Users\aneel\Downloads\Lab5FINALFINAL.xpr\Lab5\Lab5.srcs\sources_1\imports\Downloads\lfsr.v:]
WARNING: [filemgmt 56-199] Attempt to get parsing info during refresh. "On-the-fly" syntax checking information may be incorrect. [C:\Users\aneel\Downloads\Lab5FINALFINAL.xpr\Lab5\Lab5.srcs\sources_1\imports\Downloads\hex7seg.v:]
launch_runs impl_1 -to_step write_bitstream -jobs 8
[Thu Mar  5 11:10:43 2026] Launched synth_1...
Run output will be captured here: C:/Users/aneel/Downloads/CSE100 LABS/lab6INTIAL/lab6INTIAL.runs/synth_1/runme.log
[Thu Mar  5 11:10:43 2026] Launched impl_1...
Run output will be captured here: C:/Users/aneel/Downloads/CSE100 LABS/lab6INTIAL/lab6INTIAL.runs/impl_1/runme.log
set_property PROBES.FILE {} [get_hw_devices xc7a35t_0]
set_property FULL_PROBES.FILE {} [get_hw_devices xc7a35t_0]
set_property PROGRAM.FILE {C:/Users/aneel/Downloads/CSE100 LABS/lab6INTIAL/lab6INTIAL.runs/impl_1/top.bit} [get_hw_devices xc7a35t_0]
program_hw_devices [get_hw_devices xc7a35t_0]
INFO: [Labtools 27-3164] End of startup status: HIGH
refresh_hw_device [lindex [get_hw_devices xc7a35t_0] 0]
INFO: [Labtools 27-1434] Device xc7a35t (JTAG device index = 0) is programmed with a design that has no supported debug core(s) in it.
WARNING: [filemgmt 56-199] Attempt to get parsing info during refresh. "On-the-fly" syntax checking information may be incorrect. [C:\Users\aneel\Downloads\CSE100 LABS\lab6INTIAL\lab6INTIAL.srcs\sources_1\new\top.v:]
WARNING: [filemgmt 56-199] Attempt to get parsing info during refresh. "On-the-fly" syntax checking information may be incorrect. [C:\Users\aneel\Downloads\CSE100 LABS\lab6INTIAL\lab6INTIAL.srcs\sources_1\new\applefsm1.v:]
WARNING: [filemgmt 56-199] Attempt to get parsing info during refresh. "On-the-fly" syntax checking information may be incorrect. [C:\Users\aneel\Downloads\Lab5FINALFINAL.xpr\Lab5\Lab5.srcs\sources_1\imports\Downloads\lfsr.v:]
WARNING: [filemgmt 56-199] Attempt to get parsing info during refresh. "On-the-fly" syntax checking information may be incorrect. [C:\Users\aneel\Downloads\Lab5FINALFINAL.xpr\Lab5\Lab5.srcs\sources_1\imports\Downloads\hex7seg.v:]
WARNING: [filemgmt 56-199] Attempt to get parsing info during refresh. "On-the-fly" syntax checking information may be incorrect. [C:\Users\aneel\Downloads\CSE100 LABS\lab6INTIAL\lab6INTIAL.srcs\sources_1\new\top.v:]
WARNING: [filemgmt 56-199] Attempt to get parsing info during refresh. "On-the-fly" syntax checking information may be incorrect. [C:\Users\aneel\Downloads\CSE100 LABS\lab6INTIAL\lab6INTIAL.srcs\sources_1\new\applefsm1.v:]
WARNING: [filemgmt 56-199] Attempt to get parsing info during refresh. "On-the-fly" syntax checking information may be incorrect. [C:\Users\aneel\Downloads\Lab5FINALFINAL.xpr\Lab5\Lab5.srcs\sources_1\imports\Downloads\lfsr.v:]
WARNING: [filemgmt 56-199] Attempt to get parsing info during refresh. "On-the-fly" syntax checking information may be incorrect. [C:\Users\aneel\Downloads\Lab5FINALFINAL.xpr\Lab5\Lab5.srcs\sources_1\imports\Downloads\hex7seg.v:]
ERROR: [Common 17-180] Spawn failed: No error
WARNING: [filemgmt 56-199] Attempt to get parsing info during refresh. "On-the-fly" syntax checking information may be incorrect. [C:\Users\aneel\Downloads\CSE100 LABS\lab6INTIAL\lab6INTIAL.srcs\sources_1\new\top.v:]
WARNING: [filemgmt 56-199] Attempt to get parsing info during refresh. "On-the-fly" syntax checking information may be incorrect. [C:\Users\aneel\Downloads\CSE100 LABS\lab6INTIAL\lab6INTIAL.srcs\sources_1\new\applefsm1.v:]
WARNING: [filemgmt 56-199] Attempt to get parsing info during refresh. "On-the-fly" syntax checking information may be incorrect. [C:\Users\aneel\Downloads\Lab5FINALFINAL.xpr\Lab5\Lab5.srcs\sources_1\imports\Downloads\lfsr.v:]
WARNING: [filemgmt 56-199] Attempt to get parsing info during refresh. "On-the-fly" syntax checking information may be incorrect. [C:\Users\aneel\Downloads\Lab5FINALFINAL.xpr\Lab5\Lab5.srcs\sources_1\imports\Downloads\hex7seg.v:]
ERROR: [Common 17-180] Spawn failed: No error
WARNING: [filemgmt 56-199] Attempt to get parsing info during refresh. "On-the-fly" syntax checking information may be incorrect. [C:\Users\aneel\Downloads\CSE100 LABS\lab6INTIAL\lab6INTIAL.srcs\sources_1\new\top.v:]
WARNING: [filemgmt 56-199] Attempt to get parsing info during refresh. "On-the-fly" syntax checking information may be incorrect. [C:\Users\aneel\Downloads\CSE100 LABS\lab6INTIAL\lab6INTIAL.srcs\sources_1\new\applefsm1.v:]
WARNING: [filemgmt 56-199] Attempt to get parsing info during refresh. "On-the-fly" syntax checking information may be incorrect. [C:\Users\aneel\Downloads\Lab5FINALFINAL.xpr\Lab5\Lab5.srcs\sources_1\imports\Downloads\lfsr.v:]
WARNING: [filemgmt 56-199] Attempt to get parsing info during refresh. "On-the-fly" syntax checking information may be incorrect. [C:\Users\aneel\Downloads\Lab5FINALFINAL.xpr\Lab5\Lab5.srcs\sources_1\imports\Downloads\hex7seg.v:]
WARNING: [filemgmt 56-199] Attempt to get parsing info during refresh. "On-the-fly" syntax checking information may be incorrect. [C:\Users\aneel\Downloads\CSE100 LABS\lab6INTIAL\lab6INTIAL.srcs\sources_1\new\top.v:]
WARNING: [filemgmt 56-199] Attempt to get parsing info during refresh. "On-the-fly" syntax checking information may be incorrect. [C:\Users\aneel\Downloads\CSE100 LABS\lab6INTIAL\lab6INTIAL.srcs\sources_1\new\applefsm1.v:]
WARNING: [filemgmt 56-199] Attempt to get parsing info during refresh. "On-the-fly" syntax checking information may be incorrect. [C:\Users\aneel\Downloads\Lab5FINALFINAL.xpr\Lab5\Lab5.srcs\sources_1\imports\Downloads\lfsr.v:]
WARNING: [filemgmt 56-199] Attempt to get parsing info during refresh. "On-the-fly" syntax checking information may be incorrect. [C:\Users\aneel\Downloads\Lab5FINALFINAL.xpr\Lab5\Lab5.srcs\sources_1\imports\Downloads\hex7seg.v:]
ERROR: [Common 17-180] Spawn failed: No error
WARNING: [filemgmt 56-199] Attempt to get parsing info during refresh. "On-the-fly" syntax checking information may be incorrect. [C:\Users\aneel\Downloads\CSE100 LABS\lab6INTIAL\lab6INTIAL.srcs\sources_1\new\top.v:]
WARNING: [filemgmt 56-199] Attempt to get parsing info during refresh. "On-the-fly" syntax checking information may be incorrect. [C:\Users\aneel\Downloads\CSE100 LABS\lab6INTIAL\lab6INTIAL.srcs\sources_1\new\applefsm1.v:]
WARNING: [filemgmt 56-199] Attempt to get parsing info during refresh. "On-the-fly" syntax checking information may be incorrect. [C:\Users\aneel\Downloads\Lab5FINALFINAL.xpr\Lab5\Lab5.srcs\sources_1\imports\Downloads\lfsr.v:]
WARNING: [filemgmt 56-199] Attempt to get parsing info during refresh. "On-the-fly" syntax checking information may be incorrect. [C:\Users\aneel\Downloads\Lab5FINALFINAL.xpr\Lab5\Lab5.srcs\sources_1\imports\Downloads\hex7seg.v:]
ERROR: [Common 17-180] Spawn failed: No error
reset_run synth_1
INFO: [Project 1-1161] Replacing file C:/Users/aneel/Downloads/CSE100 LABS/lab6INTIAL/lab6INTIAL.srcs/utils_1/imports/synth_1/top.dcp with file C:/Users/aneel/Downloads/CSE100 LABS/lab6INTIAL/lab6INTIAL.runs/synth_1/top.dcp
WARNING: [filemgmt 56-199] Attempt to get parsing info during refresh. "On-the-fly" syntax checking information may be incorrect. [C:\Users\aneel\Downloads\CSE100 LABS\lab6INTIAL\lab6INTIAL.srcs\sources_1\new\top.v:]
WARNING: [filemgmt 56-199] Attempt to get parsing info during refresh. "On-the-fly" syntax checking information may be incorrect. [C:\Users\aneel\Downloads\CSE100 LABS\lab6INTIAL\lab6INTIAL.srcs\sources_1\new\applefsm1.v:]
WARNING: [filemgmt 56-199] Attempt to get parsing info during refresh. "On-the-fly" syntax checking information may be incorrect. [C:\Users\aneel\Downloads\Lab5FINALFINAL.xpr\Lab5\Lab5.srcs\sources_1\imports\Downloads\lfsr.v:]
WARNING: [filemgmt 56-199] Attempt to get parsing info during refresh. "On-the-fly" syntax checking information may be incorrect. [C:\Users\aneel\Downloads\Lab5FINALFINAL.xpr\Lab5\Lab5.srcs\sources_1\imports\Downloads\hex7seg.v:]
WARNING: [filemgmt 56-199] Attempt to get parsing info during refresh. "On-the-fly" syntax checking information may be incorrect. [C:\Users\aneel\Downloads\CSE100 LABS\lab6INTIAL\lab6INTIAL.srcs\sources_1\new\top.v:]
WARNING: [filemgmt 56-199] Attempt to get parsing info during refresh. "On-the-fly" syntax checking information may be incorrect. [C:\Users\aneel\Downloads\CSE100 LABS\lab6INTIAL\lab6INTIAL.srcs\sources_1\new\applefsm1.v:]
WARNING: [filemgmt 56-199] Attempt to get parsing info during refresh. "On-the-fly" syntax checking information may be incorrect. [C:\Users\aneel\Downloads\Lab5FINALFINAL.xpr\Lab5\Lab5.srcs\sources_1\imports\Downloads\lfsr.v:]
WARNING: [filemgmt 56-199] Attempt to get parsing info during refresh. "On-the-fly" syntax checking information may be incorrect. [C:\Users\aneel\Downloads\Lab5FINALFINAL.xpr\Lab5\Lab5.srcs\sources_1\imports\Downloads\hex7seg.v:]
ERROR: [Common 17-180] Spawn failed: No error
ERROR: [Common 17-180] Spawn failed: No error
WARNING: [filemgmt 56-199] Attempt to get parsing info during refresh. "On-the-fly" syntax checking information may be incorrect. [C:\Users\aneel\Downloads\CSE100 LABS\lab6INTIAL\lab6INTIAL.srcs\sources_1\new\top.v:]
WARNING: [filemgmt 56-199] Attempt to get parsing info during refresh. "On-the-fly" syntax checking information may be incorrect. [C:\Users\aneel\Downloads\CSE100 LABS\lab6INTIAL\lab6INTIAL.srcs\sources_1\new\applefsm1.v:]
WARNING: [filemgmt 56-199] Attempt to get parsing info during refresh. "On-the-fly" syntax checking information may be incorrect. [C:\Users\aneel\Downloads\CSE100 LABS\lab6INTIAL\lab6INTIAL.srcs\sources_1\new\top.v:]
WARNING: [filemgmt 56-199] Attempt to get parsing info during refresh. "On-the-fly" syntax checking information may be incorrect. [C:\Users\aneel\Downloads\CSE100 LABS\lab6INTIAL\lab6INTIAL.srcs\sources_1\new\applefsm1.v:]
WARNING: [filemgmt 56-199] Attempt to get parsing info during refresh. "On-the-fly" syntax checking information may be incorrect. [C:\Users\aneel\Downloads\Lab5FINALFINAL.xpr\Lab5\Lab5.srcs\sources_1\imports\Downloads\lfsr.v:]
WARNING: [filemgmt 56-199] Attempt to get parsing info during refresh. "On-the-fly" syntax checking information may be incorrect. [C:\Users\aneel\Downloads\Lab5FINALFINAL.xpr\Lab5\Lab5.srcs\sources_1\imports\Downloads\hex7seg.v:]
WARNING: [filemgmt 56-199] Attempt to get parsing info during refresh. "On-the-fly" syntax checking information may be incorrect. [C:\Users\aneel\Downloads\CSE100 LABS\lab6INTIAL\lab6INTIAL.srcs\sources_1\new\top.v:]
WARNING: [filemgmt 56-199] Attempt to get parsing info during refresh. "On-the-fly" syntax checking information may be incorrect. [C:\Users\aneel\Downloads\CSE100 LABS\lab6INTIAL\lab6INTIAL.srcs\sources_1\new\applefsm1.v:]
WARNING: [filemgmt 56-199] Attempt to get parsing info during refresh. "On-the-fly" syntax checking information may be incorrect. [C:\Users\aneel\Downloads\Lab5FINALFINAL.xpr\Lab5\Lab5.srcs\sources_1\imports\Downloads\lfsr.v:]
WARNING: [filemgmt 56-199] Attempt to get parsing info during refresh. "On-the-fly" syntax checking information may be incorrect. [C:\Users\aneel\Downloads\Lab5FINALFINAL.xpr\Lab5\Lab5.srcs\sources_1\imports\Downloads\hex7seg.v:]
ERROR: [Common 17-180] Spawn failed: No error
WARNING: [filemgmt 56-199] Attempt to get parsing info during refresh. "On-the-fly" syntax checking information may be incorrect. [C:\Users\aneel\Downloads\CSE100 LABS\lab6INTIAL\lab6INTIAL.srcs\sources_1\new\top.v:]
WARNING: [filemgmt 56-199] Attempt to get parsing info during refresh. "On-the-fly" syntax checking information may be incorrect. [C:\Users\aneel\Downloads\CSE100 LABS\lab6INTIAL\lab6INTIAL.srcs\sources_1\new\applefsm1.v:]
WARNING: [filemgmt 56-199] Attempt to get parsing info during refresh. "On-the-fly" syntax checking information may be incorrect. [C:\Users\aneel\Downloads\Lab5FINALFINAL.xpr\Lab5\Lab5.srcs\sources_1\imports\Downloads\lfsr.v:]
WARNING: [filemgmt 56-199] Attempt to get parsing info during refresh. "On-the-fly" syntax checking information may be incorrect. [C:\Users\aneel\Downloads\Lab5FINALFINAL.xpr\Lab5\Lab5.srcs\sources_1\imports\Downloads\hex7seg.v:]
ERROR: [Common 17-180] Spawn failed: No error
launch_runs impl_1 -to_step write_bitstream -jobs 8
[Thu Mar  5 11:55:59 2026] Launched synth_1...
Run output will be captured here: C:/Users/aneel/Downloads/CSE100 LABS/lab6INTIAL/lab6INTIAL.runs/synth_1/runme.log
[Thu Mar  5 11:55:59 2026] Launched impl_1...
Run output will be captured here: C:/Users/aneel/Downloads/CSE100 LABS/lab6INTIAL/lab6INTIAL.runs/impl_1/runme.log
WARNING: [filemgmt 56-199] Attempt to get parsing info during refresh. "On-the-fly" syntax checking information may be incorrect. [C:\Users\aneel\Downloads\CSE100 LABS\lab6INTIAL\lab6INTIAL.srcs\sources_1\new\top.v:]
WARNING: [filemgmt 56-199] Attempt to get parsing info during refresh. "On-the-fly" syntax checking information may be incorrect. [C:\Users\aneel\Downloads\CSE100 LABS\lab6INTIAL\lab6INTIAL.srcs\sources_1\new\applefsm1.v:]
WARNING: [filemgmt 56-199] Attempt to get parsing info during refresh. "On-the-fly" syntax checking information may be incorrect. [C:\Users\aneel\Downloads\Lab5FINALFINAL.xpr\Lab5\Lab5.srcs\sources_1\imports\Downloads\lfsr.v:]
WARNING: [filemgmt 56-199] Attempt to get parsing info during refresh. "On-the-fly" syntax checking information may be incorrect. [C:\Users\aneel\Downloads\Lab5FINALFINAL.xpr\Lab5\Lab5.srcs\sources_1\imports\Downloads\hex7seg.v:]
WARNING: [filemgmt 56-199] Attempt to get parsing info during refresh. "On-the-fly" syntax checking information may be incorrect. [C:\Users\aneel\Downloads\CSE100 LABS\lab6INTIAL\lab6INTIAL.srcs\sources_1\new\top.v:]
WARNING: [filemgmt 56-199] Attempt to get parsing info during refresh. "On-the-fly" syntax checking information may be incorrect. [C:\Users\aneel\Downloads\CSE100 LABS\lab6INTIAL\lab6INTIAL.srcs\sources_1\new\applefsm1.v:]
WARNING: [filemgmt 56-199] Attempt to get parsing info during refresh. "On-the-fly" syntax checking information may be incorrect. [C:\Users\aneel\Downloads\Lab5FINALFINAL.xpr\Lab5\Lab5.srcs\sources_1\imports\Downloads\lfsr.v:]
WARNING: [filemgmt 56-199] Attempt to get parsing info during refresh. "On-the-fly" syntax checking information may be incorrect. [C:\Users\aneel\Downloads\Lab5FINALFINAL.xpr\Lab5\Lab5.srcs\sources_1\imports\Downloads\hex7seg.v:]
ERROR: [Common 17-180] Spawn failed: No error
WARNING: [filemgmt 56-199] Attempt to get parsing info during refresh. "On-the-fly" syntax checking information may be incorrect. [C:\Users\aneel\Downloads\CSE100 LABS\lab6INTIAL\lab6INTIAL.srcs\sources_1\new\top.v:]
WARNING: [filemgmt 56-199] Attempt to get parsing info during refresh. "On-the-fly" syntax checking information may be incorrect. [C:\Users\aneel\Downloads\CSE100 LABS\lab6INTIAL\lab6INTIAL.srcs\sources_1\new\applefsm1.v:]
WARNING: [filemgmt 56-199] Attempt to get parsing info during refresh. "On-the-fly" syntax checking information may be incorrect. [C:\Users\aneel\Downloads\Lab5FINALFINAL.xpr\Lab5\Lab5.srcs\sources_1\imports\Downloads\lfsr.v:]
WARNING: [filemgmt 56-199] Attempt to get parsing info during refresh. "On-the-fly" syntax checking information may be incorrect. [C:\Users\aneel\Downloads\Lab5FINALFINAL.xpr\Lab5\Lab5.srcs\sources_1\imports\Downloads\hex7seg.v:]
ERROR: [Common 17-180] Spawn failed: No error
reset_run synth_1
INFO: [Project 1-1161] Replacing file C:/Users/aneel/Downloads/CSE100 LABS/lab6INTIAL/lab6INTIAL.srcs/utils_1/imports/synth_1/top.dcp with file C:/Users/aneel/Downloads/CSE100 LABS/lab6INTIAL/lab6INTIAL.runs/synth_1/top.dcp
launch_runs impl_1 -to_step write_bitstream -jobs 8
[Thu Mar  5 11:58:16 2026] Launched synth_1...
Run output will be captured here: C:/Users/aneel/Downloads/CSE100 LABS/lab6INTIAL/lab6INTIAL.runs/synth_1/runme.log
[Thu Mar  5 11:58:16 2026] Launched impl_1...
Run output will be captured here: C:/Users/aneel/Downloads/CSE100 LABS/lab6INTIAL/lab6INTIAL.runs/impl_1/runme.log
WARNING: [filemgmt 56-199] Attempt to get parsing info during refresh. "On-the-fly" syntax checking information may be incorrect. [C:\Users\aneel\Downloads\CSE100 LABS\lab6INTIAL\lab6INTIAL.srcs\sources_1\new\top.v:]
WARNING: [filemgmt 56-199] Attempt to get parsing info during refresh. "On-the-fly" syntax checking information may be incorrect. [C:\Users\aneel\Downloads\CSE100 LABS\lab6INTIAL\lab6INTIAL.srcs\sources_1\new\applefsm1.v:]
WARNING: [filemgmt 56-199] Attempt to get parsing info during refresh. "On-the-fly" syntax checking information may be incorrect. [C:\Users\aneel\Downloads\Lab5FINALFINAL.xpr\Lab5\Lab5.srcs\sources_1\imports\Downloads\lfsr.v:]
WARNING: [filemgmt 56-199] Attempt to get parsing info during refresh. "On-the-fly" syntax checking information may be incorrect. [C:\Users\aneel\Downloads\Lab5FINALFINAL.xpr\Lab5\Lab5.srcs\sources_1\imports\Downloads\hex7seg.v:]
WARNING: [filemgmt 56-199] Attempt to get parsing info during refresh. "On-the-fly" syntax checking information may be incorrect. [C:\Users\aneel\Downloads\CSE100 LABS\lab6INTIAL\lab6INTIAL.srcs\sources_1\new\top.v:]
WARNING: [filemgmt 56-199] Attempt to get parsing info during refresh. "On-the-fly" syntax checking information may be incorrect. [C:\Users\aneel\Downloads\CSE100 LABS\lab6INTIAL\lab6INTIAL.srcs\sources_1\new\applefsm1.v:]
WARNING: [filemgmt 56-199] Attempt to get parsing info during refresh. "On-the-fly" syntax checking information may be incorrect. [C:\Users\aneel\Downloads\Lab5FINALFINAL.xpr\Lab5\Lab5.srcs\sources_1\imports\Downloads\lfsr.v:]
WARNING: [filemgmt 56-199] Attempt to get parsing info during refresh. "On-the-fly" syntax checking information may be incorrect. [C:\Users\aneel\Downloads\Lab5FINALFINAL.xpr\Lab5\Lab5.srcs\sources_1\imports\Downloads\hex7seg.v:]
ERROR: [Common 17-180] Spawn failed: No error
WARNING: [filemgmt 56-199] Attempt to get parsing info during refresh. "On-the-fly" syntax checking information may be incorrect. [C:\Users\aneel\Downloads\CSE100 LABS\lab6INTIAL\lab6INTIAL.srcs\sources_1\new\top.v:]
WARNING: [filemgmt 56-199] Attempt to get parsing info during refresh. "On-the-fly" syntax checking information may be incorrect. [C:\Users\aneel\Downloads\CSE100 LABS\lab6INTIAL\lab6INTIAL.srcs\sources_1\new\applefsm1.v:]
WARNING: [filemgmt 56-199] Attempt to get parsing info during refresh. "On-the-fly" syntax checking information may be incorrect. [C:\Users\aneel\Downloads\Lab5FINALFINAL.xpr\Lab5\Lab5.srcs\sources_1\imports\Downloads\lfsr.v:]
WARNING: [filemgmt 56-199] Attempt to get parsing info during refresh. "On-the-fly" syntax checking information may be incorrect. [C:\Users\aneel\Downloads\Lab5FINALFINAL.xpr\Lab5\Lab5.srcs\sources_1\imports\Downloads\hex7seg.v:]
ERROR: [Common 17-180] Spawn failed: No error
set_property PROBES.FILE {} [get_hw_devices xc7a35t_0]
set_property FULL_PROBES.FILE {} [get_hw_devices xc7a35t_0]
set_property PROGRAM.FILE {C:/Users/aneel/Downloads/CSE100 LABS/lab6INTIAL/lab6INTIAL.runs/impl_1/top.bit} [get_hw_devices xc7a35t_0]
program_hw_devices [get_hw_devices xc7a35t_0]
INFO: [Labtools 27-3164] End of startup status: HIGH
refresh_hw_device [lindex [get_hw_devices xc7a35t_0] 0]
INFO: [Labtools 27-1434] Device xc7a35t (JTAG device index = 0) is programmed with a design that has no supported debug core(s) in it.
ERROR: [Labtoolstcl 44-513] HW Target shutdown. Closing target: localhost:3121/xilinx_tcf/Digilent/210183ACA9DFA
INFO: [Labtoolstcl 44-466] Opening hw_target localhost:3121/xilinx_tcf/Digilent/210183ACA9DFA
INFO: [Labtools 27-1434] Device xc7a35t (JTAG device index = 0) is programmed with a design that has no supported debug core(s) in it.
WARNING: [Labtoolstcl 44-129] No matching hw_ila_data was found.
launch_simulation
Command: launch_simulation 
INFO: [Vivado 12-12493] Simulation top is 'applefsmtb'
WARNING: [Vivado 12-13340] Unable to auto find GCC executables from simulator install path! (path not set)
INFO: [Vivado 12-5682] Launching behavioral simulation in 'C:/Users/aneel/Downloads/CSE100 LABS/lab6INTIAL/lab6INTIAL.sim/sim_1/behav/xsim'
INFO: [SIM-utils-51] Simulation object is 'sim_1'
INFO: [SIM-utils-72] Using boost library from 'C:/Users/aneel/Downloads/vivado/Vivado/2023.2/tps/boost_1_72_0'
INFO: [SIM-utils-54] Inspecting design source files for 'applefsmtb' in fileset 'sim_1'...
INFO: [USF-XSim-97] Finding global include files...
INFO: [USF-XSim-98] Fetching design files from 'sim_1'...
INFO: [USF-XSim-2] XSim::Compile design
INFO: [USF-XSim-61] Executing 'COMPILE and ANALYZE' step in 'C:/Users/aneel/Downloads/CSE100 LABS/lab6INTIAL/lab6INTIAL.sim/sim_1/behav/xsim'
"xvlog --incr --relax -prj applefsmtb_vlog.prj"
ECHO is off.
ECHO is off.
INFO: [USF-XSim-69] 'compile' step finished in '2' seconds
INFO: [USF-XSim-3] XSim::Elaborate design
INFO: [USF-XSim-61] Executing 'ELABORATE' step in 'C:/Users/aneel/Downloads/CSE100 LABS/lab6INTIAL/lab6INTIAL.sim/sim_1/behav/xsim'
"xelab --incr --debug typical --relax --mt 2 -L xil_defaultlib -L unisims_ver -L unimacro_ver -L secureip --snapshot applefsmtb_behav xil_defaultlib.applefsmtb xil_defaultlib.glbl -log elaborate.log"
ECHO is off.
ECHO is off.
Vivado Simulator v2023.2
Copyright 1986-2022 Xilinx, Inc. All Rights Reserved.
Copyright 2022-2023 Advanced Micro Devices, Inc. All Rights Reserved.
Running: C:/Users/aneel/Downloads/vivado/Vivado/2023.2/bin/unwrapped/win64.o/xelab.exe --incr --debug typical --relax --mt 2 -L xil_defaultlib -L unisims_ver -L unimacro_ver -L secureip --snapshot applefsmtb_behav xil_defaultlib.applefsmtb xil_defaultlib.glbl -log elaborate.log 
Using 2 slave threads.
Starting static elaboration
Pass Through NonSizing Optimizer
Completed static elaboration
INFO: [XSIM 43-4323] No Change in HDL. Linking previously generated obj files to create kernel
INFO: [USF-XSim-69] 'elaborate' step finished in '2' seconds
INFO: [USF-XSim-4] XSim::Simulate design
INFO: [USF-XSim-61] Executing 'SIMULATE' step in 'C:/Users/aneel/Downloads/CSE100 LABS/lab6INTIAL/lab6INTIAL.sim/sim_1/behav/xsim'
INFO: [USF-XSim-98] *** Running xsim
   with args "applefsmtb_behav -key {Behavioral:sim_1:Functional:applefsmtb} -tclbatch {applefsmtb.tcl} -log {simulate.log}"
INFO: [USF-XSim-8] Loading simulator feature
Time resolution is 1 ps
source applefsmtb.tcl
# set curr_wave [current_wave_config]
# if { [string length $curr_wave] == 0 } {
#   if { [llength [get_objects]] > 0} {
#     add_wave /
#     set_property needs_save false [current_wave_config]
#   } else {
#      send_msg_id Add_Wave-1 WARNING "No top level signals found. Simulator will start without a wave window. If you want to open a wave window go to 'File->New Waveform Configuration' or type 'create_wave_config' in the TCL console."
#   }
# }
# run 1000ns
$finish called at time : 695 ns : File "C:/Users/aneel/Downloads/CSE100 LABS/lab6INTIAL/lab6INTIAL.srcs/sim_1/new/applefsmtb.v" Line 169
INFO: [USF-XSim-96] XSim completed. Design snapshot 'applefsmtb_behav' loaded.
INFO: [USF-XSim-97] XSim simulation ran for 1000ns
launch_simulation: Time (s): cpu = 00:00:02 ; elapsed = 00:00:08 . Memory (MB): peak = 2180.082 ; gain = 0.000
WARNING: [filemgmt 56-199] Attempt to get parsing info during refresh. "On-the-fly" syntax checking information may be incorrect. [C:\Users\aneel\Downloads\CSE100 LABS\lab6INTIAL\lab6INTIAL.srcs\sources_1\new\top.v:]
WARNING: [filemgmt 56-199] Attempt to get parsing info during refresh. "On-the-fly" syntax checking information may be incorrect. [C:\Users\aneel\Downloads\CSE100 LABS\lab6INTIAL\lab6INTIAL.srcs\sources_1\new\applefsm1.v:]
WARNING: [filemgmt 56-199] Attempt to get parsing info during refresh. "On-the-fly" syntax checking information may be incorrect. [C:\Users\aneel\Downloads\Lab5FINALFINAL.xpr\Lab5\Lab5.srcs\sources_1\imports\Downloads\lfsr.v:]
WARNING: [filemgmt 56-199] Attempt to get parsing info during refresh. "On-the-fly" syntax checking information may be incorrect. [C:\Users\aneel\Downloads\CSE100 LABS\lab6INTIAL\lab6INTIAL.srcs\sources_1\new\top.v:]
WARNING: [filemgmt 56-199] Attempt to get parsing info during refresh. "On-the-fly" syntax checking information may be incorrect. [C:\Users\aneel\Downloads\CSE100 LABS\lab6INTIAL\lab6INTIAL.srcs\sources_1\new\applefsm1.v:]
WARNING: [filemgmt 56-199] Attempt to get parsing info during refresh. "On-the-fly" syntax checking information may be incorrect. [C:\Users\aneel\Downloads\Lab5FINALFINAL.xpr\Lab5\Lab5.srcs\sources_1\imports\Downloads\lfsr.v:]
ERROR: [Common 17-180] Spawn failed: No error
reset_run synth_1
INFO: [Project 1-1161] Replacing file C:/Users/aneel/Downloads/CSE100 LABS/lab6INTIAL/lab6INTIAL.srcs/utils_1/imports/synth_1/top.dcp with file C:/Users/aneel/Downloads/CSE100 LABS/lab6INTIAL/lab6INTIAL.runs/synth_1/top.dcp
WARNING: [Vivado 12-1017] Problems encountered:
1. Failed to delete one or more files in run directory C:/Users/aneel/Downloads/CSE100 LABS/lab6INTIAL/lab6INTIAL.runs/synth_1

WARNING: [filemgmt 56-199] Attempt to get parsing info during refresh. "On-the-fly" syntax checking information may be incorrect. [C:\Users\aneel\Downloads\CSE100 LABS\lab6INTIAL\lab6INTIAL.srcs\sources_1\new\top.v:]
WARNING: [filemgmt 56-199] Attempt to get parsing info during refresh. "On-the-fly" syntax checking information may be incorrect. [C:\Users\aneel\Downloads\CSE100 LABS\lab6INTIAL\lab6INTIAL.srcs\sources_1\new\applefsm1.v:]
WARNING: [filemgmt 56-199] Attempt to get parsing info during refresh. "On-the-fly" syntax checking information may be incorrect. [C:\Users\aneel\Downloads\Lab5FINALFINAL.xpr\Lab5\Lab5.srcs\sources_1\imports\Downloads\lfsr.v:]
WARNING: [filemgmt 56-199] Attempt to get parsing info during refresh. "On-the-fly" syntax checking information may be incorrect. [C:\Users\aneel\Downloads\CSE100 LABS\lab6INTIAL\lab6INTIAL.srcs\sources_1\new\top.v:]
WARNING: [filemgmt 56-199] Attempt to get parsing info during refresh. "On-the-fly" syntax checking information may be incorrect. [C:\Users\aneel\Downloads\CSE100 LABS\lab6INTIAL\lab6INTIAL.srcs\sources_1\new\applefsm1.v:]
WARNING: [filemgmt 56-199] Attempt to get parsing info during refresh. "On-the-fly" syntax checking information may be incorrect. [C:\Users\aneel\Downloads\Lab5FINALFINAL.xpr\Lab5\Lab5.srcs\sources_1\imports\Downloads\lfsr.v:]
launch_runs impl_1 -to_step write_bitstream -jobs 8
[Thu Mar  5 12:14:21 2026] Launched synth_1...
Run output will be captured here: C:/Users/aneel/Downloads/CSE100 LABS/lab6INTIAL/lab6INTIAL.runs/synth_1/runme.log
[Thu Mar  5 12:14:21 2026] Launched impl_1...
Run output will be captured here: C:/Users/aneel/Downloads/CSE100 LABS/lab6INTIAL/lab6INTIAL.runs/impl_1/runme.log
set_property PROBES.FILE {} [get_hw_devices xc7a35t_0]
set_property FULL_PROBES.FILE {} [get_hw_devices xc7a35t_0]
set_property PROGRAM.FILE {C:/Users/aneel/Downloads/CSE100 LABS/lab6INTIAL/lab6INTIAL.runs/impl_1/top.bit} [get_hw_devices xc7a35t_0]
program_hw_devices [get_hw_devices xc7a35t_0]
INFO: [Labtools 27-3164] End of startup status: HIGH
refresh_hw_device [lindex [get_hw_devices xc7a35t_0] 0]
INFO: [Labtools 27-1434] Device xc7a35t (JTAG device index = 0) is programmed with a design that has no supported debug core(s) in it.
ERROR: [Labtoolstcl 44-513] HW Target shutdown. Closing target: localhost:3121/xilinx_tcf/Digilent/210183ACA9DFA
INFO: [Labtoolstcl 44-466] Opening hw_target localhost:3121/xilinx_tcf/Digilent/210183ACA9DFA
INFO: [Labtools 27-1434] Device xc7a35t (JTAG device index = 0) is programmed with a design that has no supported debug core(s) in it.
WARNING: [Labtoolstcl 44-129] No matching hw_ila_data was found.
WARNING: [filemgmt 56-199] Attempt to get parsing info during refresh. "On-the-fly" syntax checking information may be incorrect. [C:\Users\aneel\Downloads\CSE100 LABS\lab6INTIAL\lab6INTIAL.srcs\sources_1\new\top.v:]
WARNING: [filemgmt 56-199] Attempt to get parsing info during refresh. "On-the-fly" syntax checking information may be incorrect. [C:\Users\aneel\Downloads\CSE100 LABS\lab6INTIAL\lab6INTIAL.srcs\sources_1\new\applefsm1.v:]
WARNING: [filemgmt 56-199] Attempt to get parsing info during refresh. "On-the-fly" syntax checking information may be incorrect. [C:\Users\aneel\Downloads\Lab5FINALFINAL.xpr\Lab5\Lab5.srcs\sources_1\imports\Downloads\lfsr.v:]
WARNING: [filemgmt 56-199] Attempt to get parsing info during refresh. "On-the-fly" syntax checking information may be incorrect. [C:\Users\aneel\Downloads\CSE100 LABS\lab6INTIAL\lab6INTIAL.srcs\sources_1\new\top.v:]
WARNING: [filemgmt 56-199] Attempt to get parsing info during refresh. "On-the-fly" syntax checking information may be incorrect. [C:\Users\aneel\Downloads\CSE100 LABS\lab6INTIAL\lab6INTIAL.srcs\sources_1\new\applefsm1.v:]
WARNING: [filemgmt 56-199] Attempt to get parsing info during refresh. "On-the-fly" syntax checking information may be incorrect. [C:\Users\aneel\Downloads\Lab5FINALFINAL.xpr\Lab5\Lab5.srcs\sources_1\imports\Downloads\lfsr.v:]
set_property PROBES.FILE {} [get_hw_devices xc7a35t_0]
set_property FULL_PROBES.FILE {} [get_hw_devices xc7a35t_0]
set_property PROGRAM.FILE {C:/Users/aneel/Downloads/CSE100 LABS/lab6INTIAL/lab6INTIAL.runs/impl_1/top.bit} [get_hw_devices xc7a35t_0]
program_hw_devices [get_hw_devices xc7a35t_0]
INFO: [Labtools 27-3164] End of startup status: HIGH
refresh_hw_device [lindex [get_hw_devices xc7a35t_0] 0]
INFO: [Labtools 27-1434] Device xc7a35t (JTAG device index = 0) is programmed with a design that has no supported debug core(s) in it.
reset_run synth_1
INFO: [Project 1-1161] Replacing file C:/Users/aneel/Downloads/CSE100 LABS/lab6INTIAL/lab6INTIAL.srcs/utils_1/imports/synth_1/top.dcp with file C:/Users/aneel/Downloads/CSE100 LABS/lab6INTIAL/lab6INTIAL.runs/synth_1/top.dcp
WARNING: [Vivado 12-1017] Problems encountered:
1. Failed to delete one or more files in run directory C:/Users/aneel/Downloads/CSE100 LABS/lab6INTIAL/lab6INTIAL.runs/synth_1

WARNING: [filemgmt 56-199] Attempt to get parsing info during refresh. "On-the-fly" syntax checking information may be incorrect. [C:\Users\aneel\Downloads\CSE100 LABS\lab6INTIAL\lab6INTIAL.srcs\sources_1\new\top.v:]
WARNING: [filemgmt 56-199] Attempt to get parsing info during refresh. "On-the-fly" syntax checking information may be incorrect. [C:\Users\aneel\Downloads\CSE100 LABS\lab6INTIAL\lab6INTIAL.srcs\sources_1\new\applefsm1.v:]
WARNING: [filemgmt 56-199] Attempt to get parsing info during refresh. "On-the-fly" syntax checking information may be incorrect. [C:\Users\aneel\Downloads\Lab5FINALFINAL.xpr\Lab5\Lab5.srcs\sources_1\imports\Downloads\lfsr.v:]
launch_runs impl_1 -to_step write_bitstream -jobs 8
[Thu Mar  5 12:21:00 2026] Launched synth_1...
Run output will be captured here: C:/Users/aneel/Downloads/CSE100 LABS/lab6INTIAL/lab6INTIAL.runs/synth_1/runme.log
[Thu Mar  5 12:21:00 2026] Launched impl_1...
Run output will be captured here: C:/Users/aneel/Downloads/CSE100 LABS/lab6INTIAL/lab6INTIAL.runs/impl_1/runme.log
set_property PROBES.FILE {} [get_hw_devices xc7a35t_0]
set_property FULL_PROBES.FILE {} [get_hw_devices xc7a35t_0]
set_property PROGRAM.FILE {C:/Users/aneel/Downloads/CSE100 LABS/lab6INTIAL/lab6INTIAL.runs/impl_1/top.bit} [get_hw_devices xc7a35t_0]
program_hw_devices [get_hw_devices xc7a35t_0]
INFO: [Labtools 27-3164] End of startup status: HIGH
refresh_hw_device [lindex [get_hw_devices xc7a35t_0] 0]
INFO: [Labtools 27-1434] Device xc7a35t (JTAG device index = 0) is programmed with a design that has no supported debug core(s) in it.
WARNING: [filemgmt 56-199] Attempt to get parsing info during refresh. "On-the-fly" syntax checking information may be incorrect. [C:\Users\aneel\Downloads\CSE100 LABS\lab6INTIAL\lab6INTIAL.srcs\sources_1\new\top.v:]
WARNING: [filemgmt 56-199] Attempt to get parsing info during refresh. "On-the-fly" syntax checking information may be incorrect. [C:\Users\aneel\Downloads\CSE100 LABS\lab6INTIAL\lab6INTIAL.srcs\sources_1\new\applefsm1.v:]
WARNING: [filemgmt 56-199] Attempt to get parsing info during refresh. "On-the-fly" syntax checking information may be incorrect. [C:\Users\aneel\Downloads\Lab5FINALFINAL.xpr\Lab5\Lab5.srcs\sources_1\imports\Downloads\lfsr.v:]
WARNING: [filemgmt 56-199] Attempt to get parsing info during refresh. "On-the-fly" syntax checking information may be incorrect. [C:\Users\aneel\Downloads\CSE100 LABS\lab6INTIAL\lab6INTIAL.srcs\sources_1\new\top.v:]
reset_run synth_1
INFO: [Project 1-1161] Replacing file C:/Users/aneel/Downloads/CSE100 LABS/lab6INTIAL/lab6INTIAL.srcs/utils_1/imports/synth_1/top.dcp with file C:/Users/aneel/Downloads/CSE100 LABS/lab6INTIAL/lab6INTIAL.runs/synth_1/top.dcp
WARNING: [Vivado 12-1017] Problems encountered:
1. Failed to delete one or more files in run directory C:/Users/aneel/Downloads/CSE100 LABS/lab6INTIAL/lab6INTIAL.runs/synth_1

WARNING: [filemgmt 56-199] Attempt to get parsing info during refresh. "On-the-fly" syntax checking information may be incorrect. [C:\Users\aneel\Downloads\CSE100 LABS\lab6INTIAL\lab6INTIAL.srcs\sources_1\new\top.v:]
WARNING: [filemgmt 56-199] Attempt to get parsing info during refresh. "On-the-fly" syntax checking information may be incorrect. [C:\Users\aneel\Downloads\CSE100 LABS\lab6INTIAL\lab6INTIAL.srcs\sources_1\new\applefsm1.v:]
WARNING: [filemgmt 56-199] Attempt to get parsing info during refresh. "On-the-fly" syntax checking information may be incorrect. [C:\Users\aneel\Downloads\Lab5FINALFINAL.xpr\Lab5\Lab5.srcs\sources_1\imports\Downloads\lfsr.v:]
WARNING: [filemgmt 56-199] Attempt to get parsing info during refresh. "On-the-fly" syntax checking information may be incorrect. [C:\Users\aneel\Downloads\CSE100 LABS\lab6INTIAL\lab6INTIAL.srcs\sources_1\new\top.v:]
WARNING: [filemgmt 56-199] Attempt to get parsing info during refresh. "On-the-fly" syntax checking information may be incorrect. [C:\Users\aneel\Downloads\CSE100 LABS\lab6INTIAL\lab6INTIAL.srcs\sources_1\new\applefsm1.v:]
WARNING: [filemgmt 56-199] Attempt to get parsing info during refresh. "On-the-fly" syntax checking information may be incorrect. [C:\Users\aneel\Downloads\Lab5FINALFINAL.xpr\Lab5\Lab5.srcs\sources_1\imports\Downloads\lfsr.v:]
ERROR: [Common 17-180] Spawn failed: No error
launch_runs impl_1 -to_step write_bitstream -jobs 8
[Thu Mar  5 12:24:49 2026] Launched synth_1...
Run output will be captured here: C:/Users/aneel/Downloads/CSE100 LABS/lab6INTIAL/lab6INTIAL.runs/synth_1/runme.log
[Thu Mar  5 12:24:49 2026] Launched impl_1...
Run output will be captured here: C:/Users/aneel/Downloads/CSE100 LABS/lab6INTIAL/lab6INTIAL.runs/impl_1/runme.log
set_property PROBES.FILE {} [get_hw_devices xc7a35t_0]
set_property FULL_PROBES.FILE {} [get_hw_devices xc7a35t_0]
set_property PROGRAM.FILE {C:/Users/aneel/Downloads/CSE100 LABS/lab6INTIAL/lab6INTIAL.runs/impl_1/top.bit} [get_hw_devices xc7a35t_0]
program_hw_devices [get_hw_devices xc7a35t_0]
INFO: [Labtools 27-3164] End of startup status: HIGH
refresh_hw_device [lindex [get_hw_devices xc7a35t_0] 0]
INFO: [Labtools 27-1434] Device xc7a35t (JTAG device index = 0) is programmed with a design that has no supported debug core(s) in it.
ERROR: [Labtoolstcl 44-513] HW Target shutdown. Closing target: localhost:3121/xilinx_tcf/Digilent/210183ACA9DFA
INFO: [Labtoolstcl 44-466] Opening hw_target localhost:3121/xilinx_tcf/Digilent/210183ACA9DFA
INFO: [Labtools 27-1434] Device xc7a35t (JTAG device index = 0) is programmed with a design that has no supported debug core(s) in it.
WARNING: [Labtoolstcl 44-129] No matching hw_ila_data was found.
set_property PROBES.FILE {} [get_hw_devices xc7a35t_0]
set_property FULL_PROBES.FILE {} [get_hw_devices xc7a35t_0]
set_property PROGRAM.FILE {C:/Users/aneel/Downloads/CSE100 LABS/lab6INTIAL/lab6INTIAL.runs/impl_1/top.bit} [get_hw_devices xc7a35t_0]
program_hw_devices [get_hw_devices xc7a35t_0]
INFO: [Labtools 27-3164] End of startup status: HIGH
refresh_hw_device [lindex [get_hw_devices xc7a35t_0] 0]
INFO: [Labtools 27-1434] Device xc7a35t (JTAG device index = 0) is programmed with a design that has no supported debug core(s) in it.
WARNING: [filemgmt 56-199] Attempt to get parsing info during refresh. "On-the-fly" syntax checking information may be incorrect. [C:\Users\aneel\Downloads\CSE100 LABS\lab6INTIAL\lab6INTIAL.srcs\sources_1\new\top.v:]
WARNING: [filemgmt 56-199] Attempt to get parsing info during refresh. "On-the-fly" syntax checking information may be incorrect. [C:\Users\aneel\Downloads\CSE100 LABS\lab6INTIAL\lab6INTIAL.srcs\sources_1\new\applefsm1.v:]
WARNING: [filemgmt 56-199] Attempt to get parsing info during refresh. "On-the-fly" syntax checking information may be incorrect. [C:\Users\aneel\Downloads\Lab5FINALFINAL.xpr\Lab5\Lab5.srcs\sources_1\imports\Downloads\lfsr.v:]
reset_run synth_1
INFO: [Project 1-1161] Replacing file C:/Users/aneel/Downloads/CSE100 LABS/lab6INTIAL/lab6INTIAL.srcs/utils_1/imports/synth_1/top.dcp with file C:/Users/aneel/Downloads/CSE100 LABS/lab6INTIAL/lab6INTIAL.runs/synth_1/top.dcp
WARNING: [Vivado 12-1017] Problems encountered:
1. Failed to delete one or more files in run directory C:/Users/aneel/Downloads/CSE100 LABS/lab6INTIAL/lab6INTIAL.runs/synth_1

WARNING: [filemgmt 56-199] Attempt to get parsing info during refresh. "On-the-fly" syntax checking information may be incorrect. [C:\Users\aneel\Downloads\CSE100 LABS\lab6INTIAL\lab6INTIAL.srcs\sources_1\new\top.v:]
WARNING: [filemgmt 56-199] Attempt to get parsing info during refresh. "On-the-fly" syntax checking information may be incorrect. [C:\Users\aneel\Downloads\CSE100 LABS\lab6INTIAL\lab6INTIAL.srcs\sources_1\new\applefsm1.v:]
WARNING: [filemgmt 56-199] Attempt to get parsing info during refresh. "On-the-fly" syntax checking information may be incorrect. [C:\Users\aneel\Downloads\Lab5FINALFINAL.xpr\Lab5\Lab5.srcs\sources_1\imports\Downloads\lfsr.v:]
WARNING: [filemgmt 56-199] Attempt to get parsing info during refresh. "On-the-fly" syntax checking information may be incorrect. [C:\Users\aneel\Downloads\CSE100 LABS\lab6INTIAL\lab6INTIAL.srcs\sources_1\new\top.v:]
WARNING: [filemgmt 56-199] Attempt to get parsing info during refresh. "On-the-fly" syntax checking information may be incorrect. [C:\Users\aneel\Downloads\CSE100 LABS\lab6INTIAL\lab6INTIAL.srcs\sources_1\new\applefsm1.v:]
WARNING: [filemgmt 56-199] Attempt to get parsing info during refresh. "On-the-fly" syntax checking information may be incorrect. [C:\Users\aneel\Downloads\Lab5FINALFINAL.xpr\Lab5\Lab5.srcs\sources_1\imports\Downloads\lfsr.v:]
launch_runs impl_1 -to_step write_bitstream -jobs 8
[Thu Mar  5 13:01:17 2026] Launched synth_1...
Run output will be captured here: C:/Users/aneel/Downloads/CSE100 LABS/lab6INTIAL/lab6INTIAL.runs/synth_1/runme.log
[Thu Mar  5 13:01:17 2026] Launched impl_1...
Run output will be captured here: C:/Users/aneel/Downloads/CSE100 LABS/lab6INTIAL/lab6INTIAL.runs/impl_1/runme.log
WARNING: [filemgmt 56-199] Attempt to get parsing info during refresh. "On-the-fly" syntax checking information may be incorrect. [C:\Users\aneel\Downloads\CSE100 LABS\lab6INTIAL\lab6INTIAL.srcs\sources_1\new\top.v:]
WARNING: [filemgmt 56-199] Attempt to get parsing info during refresh. "On-the-fly" syntax checking information may be incorrect. [C:\Users\aneel\Downloads\CSE100 LABS\lab6INTIAL\lab6INTIAL.srcs\sources_1\new\applefsm1.v:]
WARNING: [filemgmt 56-199] Attempt to get parsing info during refresh. "On-the-fly" syntax checking information may be incorrect. [C:\Users\aneel\Downloads\Lab5FINALFINAL.xpr\Lab5\Lab5.srcs\sources_1\imports\Downloads\lfsr.v:]
WARNING: [filemgmt 56-199] Attempt to get parsing info during refresh. "On-the-fly" syntax checking information may be incorrect. [C:\Users\aneel\Downloads\CSE100 LABS\lab6INTIAL\lab6INTIAL.srcs\sources_1\new\top.v:]
WARNING: [filemgmt 56-199] Attempt to get parsing info during refresh. "On-the-fly" syntax checking information may be incorrect. [C:\Users\aneel\Downloads\CSE100 LABS\lab6INTIAL\lab6INTIAL.srcs\sources_1\new\applefsm1.v:]
WARNING: [filemgmt 56-199] Attempt to get parsing info during refresh. "On-the-fly" syntax checking information may be incorrect. [C:\Users\aneel\Downloads\Lab5FINALFINAL.xpr\Lab5\Lab5.srcs\sources_1\imports\Downloads\lfsr.v:]
ERROR: [Common 17-180] Spawn failed: No error
reset_run synth_1
WARNING: [Vivado 12-1017] Problems encountered:
1. Failed to delete one or more files in run directory C:/Users/aneel/Downloads/CSE100 LABS/lab6INTIAL/lab6INTIAL.runs/synth_1

launch_runs impl_1 -to_step write_bitstream -jobs 8
[Thu Mar  5 13:04:52 2026] Launched synth_1...
Run output will be captured here: C:/Users/aneel/Downloads/CSE100 LABS/lab6INTIAL/lab6INTIAL.runs/synth_1/runme.log
[Thu Mar  5 13:04:52 2026] Launched impl_1...
Run output will be captured here: C:/Users/aneel/Downloads/CSE100 LABS/lab6INTIAL/lab6INTIAL.runs/impl_1/runme.log
set_property PROBES.FILE {} [get_hw_devices xc7a35t_0]
set_property FULL_PROBES.FILE {} [get_hw_devices xc7a35t_0]
set_property PROGRAM.FILE {C:/Users/aneel/Downloads/CSE100 LABS/lab6INTIAL/lab6INTIAL.runs/impl_1/top.bit} [get_hw_devices xc7a35t_0]
program_hw_devices [get_hw_devices xc7a35t_0]
INFO: [Labtools 27-3164] End of startup status: HIGH
refresh_hw_device [lindex [get_hw_devices xc7a35t_0] 0]
INFO: [Labtools 27-1434] Device xc7a35t (JTAG device index = 0) is programmed with a design that has no supported debug core(s) in it.
ERROR: [Labtoolstcl 44-513] HW Target shutdown. Closing target: localhost:3121/xilinx_tcf/Digilent/210183ACA9DFA
archive_project {C:/Users/aneel/Downloads/CSE100 LABS/lab6FINAL.xpr.zip} -temp_dir C:/Users/aneel/AppData/Roaming/Xilinx/Vivado/.Xil/Vivado-9188-AneelWindow -force -include_local_ip_cache
INFO: [Coretcl 2-137] starting archive...
INFO: [Coretcl 2-1499] Saving project copy to temporary location 'C:/Users/aneel/AppData/Roaming/Xilinx/Vivado/.Xil/Vivado-9188-AneelWindow' for archiving project
INFO: [filemgmt 56-3] Default IP Output Path : Could not find the directory 'C:/Users/aneel/Downloads/CSE100 LABS/lab6INTIAL/lab6INTIAL.gen/sources_1'.
Scanning sources...
Finished scanning sources
WARNING: [Board 49-151] The current board 'digilentinc.com::basys3:1.2' is from a local repo. The vivado install has a corresponding board with version greater than or equal to the local repo board. Please use boards from vivado install to avoid any upgrade/migrate issues
INFO: [Coretcl 2-1211] Creating project copy for archival...
WARNING: [filemgmt 56-199] Attempt to get parsing info during refresh. "On-the-fly" syntax checking information may be incorrect. [C:\Users\aneel\Downloads\CSE100 LABS\lab6INTIAL\lab6INTIAL.srcs\sources_1\new\top.v:]
WARNING: [filemgmt 56-199] Attempt to get parsing info during refresh. "On-the-fly" syntax checking information may be incorrect. [C:\Users\aneel\Downloads\CSE100 LABS\lab6INTIAL\lab6INTIAL.srcs\sources_1\new\applefsm1.v:]
WARNING: [filemgmt 56-199] Attempt to get parsing info during refresh. "On-the-fly" syntax checking information may be incorrect. [C:\Users\aneel\Downloads\Lab5FINALFINAL.xpr\Lab5\Lab5.srcs\sources_1\imports\Downloads\lfsr.v:]
INFO: [ProjectBase 1-495] The host OS only allows 260 characters in a normal path. The project is stored in a path with more than 80 characters. If you experience any problem with archiving the project, please consider setting environment variable $TEMP to a shorter path.
Current project path is 'C:/Users/aneel/AppData/Roaming/Xilinx/Vivado/.Xil/Vivado-9188-AneelWindow/PrjAr/_X_'.
WARNING: [IP_Flow 19-4995] The host OS only allows 260 characters in a normal path. The IP cache path is more than 80 characters. If you experience issues with IP caching, please consider changing the IP cache to a location with a shorter path. Alternately consider using the OS subst command to map part of the path to a drive letter. 
Current IP cache path is C:/Users/aneel/AppData/Roaming/Xilinx/Vivado/.Xil/Vivado-9188-AneelWindow/PrjAr/_X_/lab6INTIAL.cache/ip 
INFO: [Coretcl 2-1213] Including run results for 'synth_1'
INFO: [Coretcl 2-1213] Including run results for 'impl_1'
WARNING: [filemgmt 56-199] Attempt to get parsing info during refresh. "On-the-fly" syntax checking information may be incorrect. [C:\Users\aneel\Downloads\CSE100 LABS\lab6INTIAL\lab6INTIAL.srcs\sources_1\new\top.v:]
WARNING: [filemgmt 56-199] Attempt to get parsing info during refresh. "On-the-fly" syntax checking information may be incorrect. [C:\Users\aneel\Downloads\CSE100 LABS\lab6INTIAL\lab6INTIAL.srcs\sources_1\new\applefsm1.v:]
WARNING: [filemgmt 56-199] Attempt to get parsing info during refresh. "On-the-fly" syntax checking information may be incorrect. [C:\Users\aneel\Downloads\Lab5FINALFINAL.xpr\Lab5\Lab5.srcs\sources_1\imports\Downloads\lfsr.v:]
WARNING: [filemgmt 56-199] Attempt to get parsing info during refresh. "On-the-fly" syntax checking information may be incorrect. [C:\Users\aneel\Downloads\CSE100 LABS\lab6INTIAL\lab6INTIAL.srcs\sources_1\new\top.v:]
WARNING: [filemgmt 56-199] Attempt to get parsing info during refresh. "On-the-fly" syntax checking information may be incorrect. [C:\Users\aneel\Downloads\CSE100 LABS\lab6INTIAL\lab6INTIAL.srcs\sources_1\new\applefsm1.v:]
WARNING: [filemgmt 56-199] Attempt to get parsing info during refresh. "On-the-fly" syntax checking information may be incorrect. [C:\Users\aneel\Downloads\Lab5FINALFINAL.xpr\Lab5\Lab5.srcs\sources_1\imports\Downloads\lfsr.v:]
INFO: [Coretcl 2-1212] Importing remotely added design sources and verilog include files (if any)...
INFO: [filemgmt 20-348] Importing the appropriate files for fileset: 'constrs_1'
INFO: [filemgmt 20-334] All file(s) are already imported in fileset: 'sim_1'
INFO: [filemgmt 20-348] Importing the appropriate files for fileset: 'sim_1'
INFO: [filemgmt 20-348] Importing the appropriate files for fileset: 'sources_1'
INFO: [filemgmt 20-334] All file(s) are already imported in fileset: 'utils_1'
INFO: [filemgmt 20-348] Importing the appropriate files for fileset: 'utils_1'
