Copyright 1986-2022 Xilinx, Inc. All Rights Reserved. Copyright 2022-2023 Advanced Micro Devices, Inc. All Rights Reserved.
------------------------------------------------------------------------------------------------------------------------------------------------------------------------------------------------------
| Tool Version : Vivado v.2023.2 (win64) Build 4029153 Fri Oct 13 20:14:34 MDT 2023
| Date         : Thu Mar  5 13:06:29 2026
| Host         : AneelWindow running 64-bit major release  (build 9200)
| Command      : report_timing_summary -max_paths 10 -report_unconstrained -file top_timing_summary_routed.rpt -pb top_timing_summary_routed.pb -rpx top_timing_summary_routed.rpx -warn_on_violation
| Design       : top
| Device       : 7a35t-cpg236
| Speed File   : -1  PRODUCTION 1.23 2018-06-13
| Design State : Routed
------------------------------------------------------------------------------------------------------------------------------------------------------------------------------------------------------

Timing Summary Report

------------------------------------------------------------------------------------------------
| Timer Settings
| --------------
------------------------------------------------------------------------------------------------

  Enable Multi Corner Analysis               :  Yes
  Enable Pessimism Removal                   :  Yes
  Pessimism Removal Resolution               :  Nearest Common Node
  Enable Input Delay Default Clock           :  No
  Enable Preset / Clear Arcs                 :  No
  Disable Flight Delays                      :  No
  Ignore I/O Paths                           :  No
  Timing Early Launch at Borrowing Latches   :  No
  Borrow Time for Max Delay Exceptions       :  Yes
  Merge Timing Exceptions                    :  Yes
  Inter-SLR Compensation                     :  Conservative

  Corner  Analyze    Analyze    
  Name    Max Paths  Min Paths  
  ------  ---------  ---------  
  Slow    Yes        Yes        
  Fast    Yes        Yes        


------------------------------------------------------------------------------------------------
| Report Methodology
| ------------------
------------------------------------------------------------------------------------------------

No report available as report_methodology has not been run prior. Run report_methodology on the current design for the summary of methodology violations.



check_timing report

Table of Contents
-----------------
1. checking no_clock (0)
2. checking constant_clock (0)
3. checking pulse_width_clock (0)
4. checking unconstrained_internal_endpoints (0)
5. checking no_input_delay (12)
6. checking no_output_delay (29)
7. checking multiple_clock (0)
8. checking generated_clocks (0)
9. checking loops (0)
10. checking partial_input_delay (0)
11. checking partial_output_delay (0)
12. checking latch_loops (0)

1. checking no_clock (0)
------------------------
 There are 0 register/latch pins with no clock.


2. checking constant_clock (0)
------------------------------
 There are 0 register/latch pins with constant_clock.


3. checking pulse_width_clock (0)
---------------------------------
 There are 0 register/latch pins which need pulse_width check


4. checking unconstrained_internal_endpoints (0)
------------------------------------------------
 There are 0 pins that are not constrained for maximum delay.

 There are 0 pins that are not constrained for maximum delay due to constant clock.


5. checking no_input_delay (12)
-------------------------------
 There are 12 input ports with no input delay specified. (HIGH)

 There are 0 input ports with no input delay but user has a false path constraint.


6. checking no_output_delay (29)
--------------------------------
 There are 29 ports with no output delay specified. (HIGH)

 There are 0 ports with no output delay but user has a false path constraint

 There are 0 ports with no output delay but with a timing clock defined on it or propagating through it


7. checking multiple_clock (0)
------------------------------
 There are 0 register/latch pins with multiple clocks.


8. checking generated_clocks (0)
--------------------------------
 There are 0 generated clocks that are not connected to a clock source.


9. checking loops (0)
---------------------
 There are 0 combinational loops in the design.


10. checking partial_input_delay (0)
------------------------------------
 There are 0 input ports with partial input delay specified.


11. checking partial_output_delay (0)
-------------------------------------
 There are 0 ports with partial output delay specified.


12. checking latch_loops (0)
----------------------------
 There are 0 combinational latch loops in the design through latch input



------------------------------------------------------------------------------------------------
| Design Timing Summary
| ---------------------
------------------------------------------------------------------------------------------------

    WNS(ns)      TNS(ns)  TNS Failing Endpoints  TNS Total Endpoints      WHS(ns)      THS(ns)  THS Failing Endpoints  THS Total Endpoints     WPWS(ns)     TPWS(ns)  TPWS Failing Endpoints  TPWS Total Endpoints  
    -------      -------  ---------------------  -------------------      -------      -------  ---------------------  -------------------     --------     --------  ----------------------  --------------------  
     19.959        0.000                      0                  591        0.141        0.000                      0                  591        3.000        0.000                       0                   375  


All user specified timing constraints are met.


------------------------------------------------------------------------------------------------
| Clock Summary
| -------------
------------------------------------------------------------------------------------------------

Clock                 Waveform(ns)       Period(ns)      Frequency(MHz)
-----                 ------------       ----------      --------------
sys_clk_pin           {0.000 5.000}      10.000          100.000         
  clk_out1_clk_wiz_0  {0.000 20.000}     40.000          25.000          
  clkfbout_clk_wiz_0  {0.000 5.000}      10.000          100.000         


------------------------------------------------------------------------------------------------
| Intra Clock Table
| -----------------
------------------------------------------------------------------------------------------------

Clock                     WNS(ns)      TNS(ns)  TNS Failing Endpoints  TNS Total Endpoints      WHS(ns)      THS(ns)  THS Failing Endpoints  THS Total Endpoints     WPWS(ns)     TPWS(ns)  TPWS Failing Endpoints  TPWS Total Endpoints  
-----                     -------      -------  ---------------------  -------------------      -------      -------  ---------------------  -------------------     --------     --------  ----------------------  --------------------  
sys_clk_pin                                                                                                                                                             3.000        0.000                       0                     1  
  clk_out1_clk_wiz_0       19.959        0.000                      0                  591        0.141        0.000                      0                  591       19.500        0.000                       0                   371  
  clkfbout_clk_wiz_0                                                                                                                                                    7.845        0.000                       0                     3  


------------------------------------------------------------------------------------------------
| Inter Clock Table
| -----------------
------------------------------------------------------------------------------------------------

From Clock    To Clock          WNS(ns)      TNS(ns)  TNS Failing Endpoints  TNS Total Endpoints      WHS(ns)      THS(ns)  THS Failing Endpoints  THS Total Endpoints  
----------    --------          -------      -------  ---------------------  -------------------      -------      -------  ---------------------  -------------------  


------------------------------------------------------------------------------------------------
| Other Path Groups Table
| -----------------------
------------------------------------------------------------------------------------------------

Path Group    From Clock    To Clock          WNS(ns)      TNS(ns)  TNS Failing Endpoints  TNS Total Endpoints      WHS(ns)      THS(ns)  THS Failing Endpoints  THS Total Endpoints  
----------    ----------    --------          -------      -------  ---------------------  -------------------      -------      -------  ---------------------  -------------------  


------------------------------------------------------------------------------------------------
| User Ignored Path Table
| -----------------------
------------------------------------------------------------------------------------------------

Path Group    From Clock    To Clock    
----------    ----------    --------    


------------------------------------------------------------------------------------------------
| Unconstrained Path Table
| ------------------------
------------------------------------------------------------------------------------------------

Path Group          From Clock          To Clock          
----------          ----------          --------          
(none)                                                      
(none)              clk_out1_clk_wiz_0                      
(none)              clkfbout_clk_wiz_0                      
(none)                                  clk_out1_clk_wiz_0  


------------------------------------------------------------------------------------------------
| Timing Details
| --------------
------------------------------------------------------------------------------------------------


---------------------------------------------------------------------------------------------------
From Clock:  sys_clk_pin
  To Clock:  sys_clk_pin

Setup :           NA  Failing Endpoints,  Worst Slack           NA  ,  Total Violation           NA
Hold  :           NA  Failing Endpoints,  Worst Slack           NA  ,  Total Violation           NA
PW    :            0  Failing Endpoints,  Worst Slack        3.000ns,  Total Violation        0.000ns
---------------------------------------------------------------------------------------------------


Pulse Width Checks
--------------------------------------------------------------------------------------
Clock Name:         sys_clk_pin
Waveform(ns):       { 0.000 5.000 }
Period(ns):         10.000
Sources:            { clkin }

Check Type        Corner  Lib Pin            Reference Pin  Required(ns)  Actual(ns)  Slack(ns)  Location         Pin
Min Period        n/a     MMCME2_ADV/CLKIN1  n/a            1.249         10.000      8.751      MMCME2_ADV_X1Y0  not_so_slow/my_clk_inst/mmcm_adv_inst/CLKIN1
Max Period        n/a     MMCME2_ADV/CLKIN1  n/a            100.000       10.000      90.000     MMCME2_ADV_X1Y0  not_so_slow/my_clk_inst/mmcm_adv_inst/CLKIN1
Low Pulse Width   Slow    MMCME2_ADV/CLKIN1  n/a            2.000         5.000       3.000      MMCME2_ADV_X1Y0  not_so_slow/my_clk_inst/mmcm_adv_inst/CLKIN1
Low Pulse Width   Fast    MMCME2_ADV/CLKIN1  n/a            2.000         5.000       3.000      MMCME2_ADV_X1Y0  not_so_slow/my_clk_inst/mmcm_adv_inst/CLKIN1
High Pulse Width  Slow    MMCME2_ADV/CLKIN1  n/a            2.000         5.000       3.000      MMCME2_ADV_X1Y0  not_so_slow/my_clk_inst/mmcm_adv_inst/CLKIN1
High Pulse Width  Fast    MMCME2_ADV/CLKIN1  n/a            2.000         5.000       3.000      MMCME2_ADV_X1Y0  not_so_slow/my_clk_inst/mmcm_adv_inst/CLKIN1



---------------------------------------------------------------------------------------------------
From Clock:  clk_out1_clk_wiz_0
  To Clock:  clk_out1_clk_wiz_0

Setup :            0  Failing Endpoints,  Worst Slack       19.959ns,  Total Violation        0.000ns
Hold  :            0  Failing Endpoints,  Worst Slack        0.141ns,  Total Violation        0.000ns
PW    :            0  Failing Endpoints,  Worst Slack       19.500ns,  Total Violation        0.000ns
---------------------------------------------------------------------------------------------------


Max Delay Paths
--------------------------------------------------------------------------------------
Slack (MET) :             19.959ns  (required time - arrival time)
  Source:                 PA/HPX_counter/ff15/C
                            (rising edge-triggered cell FDRE clocked by clk_out1_clk_wiz_0  {rise@0.000ns fall@20.000ns period=40.000ns})
  Destination:            APPLE_FSM1/st5/D
                            (rising edge-triggered cell FDRE clocked by clk_out1_clk_wiz_0  {rise@0.000ns fall@20.000ns period=40.000ns})
  Path Group:             clk_out1_clk_wiz_0
  Path Type:              Setup (Max at Slow Process Corner)
  Requirement:            40.000ns  (clk_out1_clk_wiz_0 rise@40.000ns - clk_out1_clk_wiz_0 rise@0.000ns)
  Data Path Delay:        19.688ns  (logic 5.635ns (28.621%)  route 14.053ns (71.379%))
  Logic Levels:           20  (CARRY4=5 LUT2=1 LUT3=1 LUT4=4 LUT5=1 LUT6=8)
  Clock Path Skew:        -0.034ns (DCD - SCD + CPR)
    Destination Clock Delay (DCD):    -1.545ns = ( 38.455 - 40.000 ) 
    Source Clock Delay      (SCD):    -0.948ns
    Clock Pessimism Removal (CPR):    0.564ns
  Clock Uncertainty:      0.094ns  ((TSJ^2 + DJ^2)^1/2) / 2 + PE
    Total System Jitter     (TSJ):    0.071ns
    Discrete Jitter          (DJ):    0.175ns
    Phase Error              (PE):    0.000ns

    Location             Delay type                Incr(ns)  Path(ns)    Netlist Resource(s)
  -------------------------------------------------------------------    -------------------
                         (clock clk_out1_clk_wiz_0 rise edge)
                                                      0.000     0.000 r  
    W5                                                0.000     0.000 r  clkin (IN)
                         net (fo=0)                   0.000     0.000    not_so_slow/my_clk_inst/clkin
    W5                   IBUF (Prop_ibuf_I_O)         1.458     1.458 r  not_so_slow/my_clk_inst/clkin1_ibufg/O
                         net (fo=1, routed)           1.233     2.691    not_so_slow/my_clk_inst/clk_in1_clk_wiz_0
    MMCME2_ADV_X1Y0      MMCME2_ADV (Prop_mmcme2_adv_CLKIN1_CLKOUT0)
                                                     -6.961    -4.269 r  not_so_slow/my_clk_inst/mmcm_adv_inst/CLKOUT0
                         net (fo=1, routed)           1.661    -2.608    not_so_slow/slowclk/clk_int
    BUFGCTRL_X0Y0        BUFG (Prop_bufg_I_O)         0.096    -2.512 r  not_so_slow/slowclk/XLXI_401/O
                         net (fo=369, routed)         1.564    -0.948    PA/HPX_counter/clk_out
    SLICE_X15Y14         FDRE                                         r  PA/HPX_counter/ff15/C
  -------------------------------------------------------------------    -------------------
    SLICE_X15Y14         FDRE (Prop_fdre_C_Q)         0.419    -0.529 f  PA/HPX_counter/ff15/Q
                         net (fo=16, routed)          0.994     0.466    PA/HPX_counter/ff15_0
    SLICE_X6Y12          LUT2 (Prop_lut2_I1_O)        0.296     0.762 r  PA/HPX_counter/ff0_i_7__2/O
                         net (fo=1, routed)           0.680     1.442    PA/HPX_counter/ff0_i_7__2_n_0
    SLICE_X6Y12          LUT6 (Prop_lut6_I1_O)        0.124     1.566 r  PA/HPX_counter/ff0_i_5__2/O
                         net (fo=9, routed)           0.815     2.380    PA/HPX_counter/ff9_1
    SLICE_X10Y13         LUT6 (Prop_lut6_I1_O)        0.124     2.504 r  PA/HPX_counter/ff0_i_3__5/O
                         net (fo=2, routed)           1.115     3.620    APPLE_FSM1/SLOT_LAT_FF_0[1]_i_4_1
    SLICE_X10Y7          LUT6 (Prop_lut6_I2_O)        0.124     3.744 f  APPLE_FSM1/SLOT_LAT_FF_0[1]_i_16/O
                         net (fo=2, routed)           0.483     4.227    APPLE_FSM1/SLOT_LAT_FF_0[1]_i_16_n_0
    SLICE_X10Y7          LUT4 (Prop_lut4_I3_O)        0.116     4.343 r  APPLE_FSM1/SLOT_LAT_FF_0[1]_i_4/O
                         net (fo=6, routed)           1.000     5.343    rand/SLOT_LAT_FF_0[1]
    SLICE_X7Y5           LUT6 (Prop_lut6_I0_O)        0.328     5.671 r  rand/APPLEX_FF_0[7]_i_2/O
                         net (fo=7, routed)           0.343     6.014    rand/APPLEX_FF_0[7]_i_2_n_0
    SLICE_X5Y6           LUT6 (Prop_lut6_I1_O)        0.124     6.138 r  rand/SLOT_LAT_FF_1[1]_i_2/O
                         net (fo=1, routed)           0.956     7.094    rand/SLOT_LAT_FF_1[1]_i_2_n_0
    SLICE_X5Y8           LUT3 (Prop_lut3_I0_O)        0.152     7.246 r  rand/SLOT_LAT_FF_1[1]_i_1/O
                         net (fo=18, routed)          1.393     8.639    rand/slot_use_1[1]
    SLICE_X2Y16          LUT6 (Prop_lut6_I2_O)        0.326     8.965 r  rand/st3_i_10/O
                         net (fo=1, routed)           0.927     9.892    rand/st3_i_10_n_0
    SLICE_X1Y11          LUT5 (Prop_lut5_I3_O)        0.124    10.016 r  rand/st3_i_6/O
                         net (fo=1, routed)           0.801    10.817    rand/st3_i_6_n_0
    SLICE_X4Y13          LUT6 (Prop_lut6_I4_O)        0.124    10.941 r  rand/st3_i_2__0/O
                         net (fo=9, routed)           0.769    11.710    rand/st3_0
    SLICE_X4Y6           LUT4 (Prop_lut4_I3_O)        0.124    11.834 r  rand/CAUGHT_LAT_FF_i_65/O
                         net (fo=1, routed)           0.000    11.834    rand/CAUGHT_LAT_FF_i_65_n_0
    SLICE_X4Y6           CARRY4 (Prop_carry4_S[1]_CO[3])
                                                      0.550    12.384 r  rand/CAUGHT_LAT_FF_i_58/CO[3]
                         net (fo=1, routed)           0.000    12.384    rand/CAUGHT_LAT_FF_i_58_n_0
    SLICE_X4Y7           CARRY4 (Prop_carry4_CI_O[1])
                                                      0.334    12.718 r  rand/CAUGHT_LAT_FF_i_56/O[1]
                         net (fo=5, routed)           0.482    13.200    rand/appleX_draw_1[5]
    SLICE_X3Y9           CARRY4 (Prop_carry4_S[1]_CO[3])
                                                      0.853    14.053 r  rand/CAUGHT_LAT_FF_i_60/CO[3]
                         net (fo=1, routed)           0.000    14.053    rand/CAUGHT_LAT_FF_i_60_n_0
    SLICE_X3Y10          CARRY4 (Prop_carry4_CI_O[1])
                                                      0.334    14.387 r  rand/CAUGHT_LAT_FF_i_53/O[1]
                         net (fo=4, routed)           1.186    15.573    rand/a1_x1[9]
    SLICE_X10Y10         LUT4 (Prop_lut4_I1_O)        0.303    15.876 r  rand/CAUGHT_LAT_FF_i_28/O
                         net (fo=1, routed)           0.000    15.876    rand/CAUGHT_LAT_FF_i_28_n_0
    SLICE_X10Y10         CARRY4 (Prop_carry4_S[0]_CO[3])
                                                      0.513    16.389 r  rand/CAUGHT_LAT_FF_i_7/CO[3]
                         net (fo=1, routed)           0.852    17.241    rand/ov1_x038_in
    SLICE_X7Y11          LUT6 (Prop_lut6_I3_O)        0.124    17.365 r  rand/CAUGHT_LAT_FF_i_2/O
                         net (fo=6, routed)           0.921    18.286    APPLE_FSM1/st5_0
    SLICE_X9Y5           LUT4 (Prop_lut4_I0_O)        0.119    18.405 r  APPLE_FSM1/st5_i_1__0/O
                         net (fo=1, routed)           0.336    18.741    APPLE_FSM1/nxt_5
    SLICE_X8Y5           FDRE                                         r  APPLE_FSM1/st5/D
  -------------------------------------------------------------------    -------------------

                         (clock clk_out1_clk_wiz_0 rise edge)
                                                     40.000    40.000 r  
    W5                                                0.000    40.000 r  clkin (IN)
                         net (fo=0)                   0.000    40.000    not_so_slow/my_clk_inst/clkin
    W5                   IBUF (Prop_ibuf_I_O)         1.388    41.388 r  not_so_slow/my_clk_inst/clkin1_ibufg/O
                         net (fo=1, routed)           1.162    42.550    not_so_slow/my_clk_inst/clk_in1_clk_wiz_0
    MMCME2_ADV_X1Y0      MMCME2_ADV (Prop_mmcme2_adv_CLKIN1_CLKOUT0)
                                                     -7.217    35.332 r  not_so_slow/my_clk_inst/mmcm_adv_inst/CLKOUT0
                         net (fo=1, routed)           1.581    36.914    not_so_slow/slowclk/clk_int
    BUFGCTRL_X0Y0        BUFG (Prop_bufg_I_O)         0.091    37.005 r  not_so_slow/slowclk/XLXI_401/O
                         net (fo=369, routed)         1.450    38.455    APPLE_FSM1/clk_out
    SLICE_X8Y5           FDRE                                         r  APPLE_FSM1/st5/C
                         clock pessimism              0.564    39.018    
                         clock uncertainty           -0.094    38.924    
    SLICE_X8Y5           FDRE (Setup_fdre_C_D)       -0.224    38.700    APPLE_FSM1/st5
  -------------------------------------------------------------------
                         required time                         38.700    
                         arrival time                         -18.741    
  -------------------------------------------------------------------
                         slack                                 19.959    

Slack (MET) :             19.962ns  (required time - arrival time)
  Source:                 PA/HPX_counter/ff15/C
                            (rising edge-triggered cell FDRE clocked by clk_out1_clk_wiz_0  {rise@0.000ns fall@20.000ns period=40.000ns})
  Destination:            APPLE_FSM1/st4/D
                            (rising edge-triggered cell FDRE clocked by clk_out1_clk_wiz_0  {rise@0.000ns fall@20.000ns period=40.000ns})
  Path Group:             clk_out1_clk_wiz_0
  Path Type:              Setup (Max at Slow Process Corner)
  Requirement:            40.000ns  (clk_out1_clk_wiz_0 rise@40.000ns - clk_out1_clk_wiz_0 rise@0.000ns)
  Data Path Delay:        19.940ns  (logic 5.764ns (28.907%)  route 14.176ns (71.093%))
  Logic Levels:           21  (CARRY4=5 LUT2=1 LUT3=1 LUT4=4 LUT5=1 LUT6=9)
  Clock Path Skew:        -0.034ns (DCD - SCD + CPR)
    Destination Clock Delay (DCD):    -1.545ns = ( 38.455 - 40.000 ) 
    Source Clock Delay      (SCD):    -0.948ns
    Clock Pessimism Removal (CPR):    0.564ns
  Clock Uncertainty:      0.094ns  ((TSJ^2 + DJ^2)^1/2) / 2 + PE
    Total System Jitter     (TSJ):    0.071ns
    Discrete Jitter          (DJ):    0.175ns
    Phase Error              (PE):    0.000ns

    Location             Delay type                Incr(ns)  Path(ns)    Netlist Resource(s)
  -------------------------------------------------------------------    -------------------
                         (clock clk_out1_clk_wiz_0 rise edge)
                                                      0.000     0.000 r  
    W5                                                0.000     0.000 r  clkin (IN)
                         net (fo=0)                   0.000     0.000    not_so_slow/my_clk_inst/clkin
    W5                   IBUF (Prop_ibuf_I_O)         1.458     1.458 r  not_so_slow/my_clk_inst/clkin1_ibufg/O
                         net (fo=1, routed)           1.233     2.691    not_so_slow/my_clk_inst/clk_in1_clk_wiz_0
    MMCME2_ADV_X1Y0      MMCME2_ADV (Prop_mmcme2_adv_CLKIN1_CLKOUT0)
                                                     -6.961    -4.269 r  not_so_slow/my_clk_inst/mmcm_adv_inst/CLKOUT0
                         net (fo=1, routed)           1.661    -2.608    not_so_slow/slowclk/clk_int
    BUFGCTRL_X0Y0        BUFG (Prop_bufg_I_O)         0.096    -2.512 r  not_so_slow/slowclk/XLXI_401/O
                         net (fo=369, routed)         1.564    -0.948    PA/HPX_counter/clk_out
    SLICE_X15Y14         FDRE                                         r  PA/HPX_counter/ff15/C
  -------------------------------------------------------------------    -------------------
    SLICE_X15Y14         FDRE (Prop_fdre_C_Q)         0.419    -0.529 f  PA/HPX_counter/ff15/Q
                         net (fo=16, routed)          0.994     0.466    PA/HPX_counter/ff15_0
    SLICE_X6Y12          LUT2 (Prop_lut2_I1_O)        0.296     0.762 r  PA/HPX_counter/ff0_i_7__2/O
                         net (fo=1, routed)           0.680     1.442    PA/HPX_counter/ff0_i_7__2_n_0
    SLICE_X6Y12          LUT6 (Prop_lut6_I1_O)        0.124     1.566 r  PA/HPX_counter/ff0_i_5__2/O
                         net (fo=9, routed)           0.815     2.380    PA/HPX_counter/ff9_1
    SLICE_X10Y13         LUT6 (Prop_lut6_I1_O)        0.124     2.504 r  PA/HPX_counter/ff0_i_3__5/O
                         net (fo=2, routed)           1.115     3.620    APPLE_FSM1/SLOT_LAT_FF_0[1]_i_4_1
    SLICE_X10Y7          LUT6 (Prop_lut6_I2_O)        0.124     3.744 f  APPLE_FSM1/SLOT_LAT_FF_0[1]_i_16/O
                         net (fo=2, routed)           0.483     4.227    APPLE_FSM1/SLOT_LAT_FF_0[1]_i_16_n_0
    SLICE_X10Y7          LUT4 (Prop_lut4_I3_O)        0.116     4.343 r  APPLE_FSM1/SLOT_LAT_FF_0[1]_i_4/O
                         net (fo=6, routed)           1.000     5.343    rand/SLOT_LAT_FF_0[1]
    SLICE_X7Y5           LUT6 (Prop_lut6_I0_O)        0.328     5.671 r  rand/APPLEX_FF_0[7]_i_2/O
                         net (fo=7, routed)           0.343     6.014    rand/APPLEX_FF_0[7]_i_2_n_0
    SLICE_X5Y6           LUT6 (Prop_lut6_I1_O)        0.124     6.138 r  rand/SLOT_LAT_FF_1[1]_i_2/O
                         net (fo=1, routed)           0.956     7.094    rand/SLOT_LAT_FF_1[1]_i_2_n_0
    SLICE_X5Y8           LUT3 (Prop_lut3_I0_O)        0.152     7.246 r  rand/SLOT_LAT_FF_1[1]_i_1/O
                         net (fo=18, routed)          1.393     8.639    rand/slot_use_1[1]
    SLICE_X2Y16          LUT6 (Prop_lut6_I2_O)        0.326     8.965 r  rand/st3_i_10/O
                         net (fo=1, routed)           0.927     9.892    rand/st3_i_10_n_0
    SLICE_X1Y11          LUT5 (Prop_lut5_I3_O)        0.124    10.016 r  rand/st3_i_6/O
                         net (fo=1, routed)           0.801    10.817    rand/st3_i_6_n_0
    SLICE_X4Y13          LUT6 (Prop_lut6_I4_O)        0.124    10.941 r  rand/st3_i_2__0/O
                         net (fo=9, routed)           0.769    11.710    rand/st3_0
    SLICE_X4Y6           LUT4 (Prop_lut4_I3_O)        0.124    11.834 r  rand/CAUGHT_LAT_FF_i_65/O
                         net (fo=1, routed)           0.000    11.834    rand/CAUGHT_LAT_FF_i_65_n_0
    SLICE_X4Y6           CARRY4 (Prop_carry4_S[1]_CO[3])
                                                      0.550    12.384 r  rand/CAUGHT_LAT_FF_i_58/CO[3]
                         net (fo=1, routed)           0.000    12.384    rand/CAUGHT_LAT_FF_i_58_n_0
    SLICE_X4Y7           CARRY4 (Prop_carry4_CI_O[1])
                                                      0.334    12.718 r  rand/CAUGHT_LAT_FF_i_56/O[1]
                         net (fo=5, routed)           0.482    13.200    rand/appleX_draw_1[5]
    SLICE_X3Y9           CARRY4 (Prop_carry4_S[1]_CO[3])
                                                      0.853    14.053 r  rand/CAUGHT_LAT_FF_i_60/CO[3]
                         net (fo=1, routed)           0.000    14.053    rand/CAUGHT_LAT_FF_i_60_n_0
    SLICE_X3Y10          CARRY4 (Prop_carry4_CI_O[1])
                                                      0.334    14.387 r  rand/CAUGHT_LAT_FF_i_53/O[1]
                         net (fo=4, routed)           1.186    15.573    rand/a1_x1[9]
    SLICE_X10Y10         LUT4 (Prop_lut4_I1_O)        0.303    15.876 r  rand/CAUGHT_LAT_FF_i_28/O
                         net (fo=1, routed)           0.000    15.876    rand/CAUGHT_LAT_FF_i_28_n_0
    SLICE_X10Y10         CARRY4 (Prop_carry4_S[0]_CO[3])
                                                      0.513    16.389 f  rand/CAUGHT_LAT_FF_i_7/CO[3]
                         net (fo=1, routed)           0.852    17.241    rand/ov1_x038_in
    SLICE_X7Y11          LUT6 (Prop_lut6_I3_O)        0.124    17.365 f  rand/CAUGHT_LAT_FF_i_2/O
                         net (fo=6, routed)           0.921    18.286    APPLE_FSM1/st5_0
    SLICE_X9Y5           LUT4 (Prop_lut4_I0_O)        0.124    18.410 r  APPLE_FSM1/st4_i_2/O
                         net (fo=1, routed)           0.459    18.869    APPLE_FSM1/st4_i_2_n_0
    SLICE_X9Y6           LUT6 (Prop_lut6_I5_O)        0.124    18.993 r  APPLE_FSM1/st4_i_1/O
                         net (fo=1, routed)           0.000    18.993    APPLE_FSM1/nxt_4
    SLICE_X9Y6           FDRE                                         r  APPLE_FSM1/st4/D
  -------------------------------------------------------------------    -------------------

                         (clock clk_out1_clk_wiz_0 rise edge)
                                                     40.000    40.000 r  
    W5                                                0.000    40.000 r  clkin (IN)
                         net (fo=0)                   0.000    40.000    not_so_slow/my_clk_inst/clkin
    W5                   IBUF (Prop_ibuf_I_O)         1.388    41.388 r  not_so_slow/my_clk_inst/clkin1_ibufg/O
                         net (fo=1, routed)           1.162    42.550    not_so_slow/my_clk_inst/clk_in1_clk_wiz_0
    MMCME2_ADV_X1Y0      MMCME2_ADV (Prop_mmcme2_adv_CLKIN1_CLKOUT0)
                                                     -7.217    35.332 r  not_so_slow/my_clk_inst/mmcm_adv_inst/CLKOUT0
                         net (fo=1, routed)           1.581    36.914    not_so_slow/slowclk/clk_int
    BUFGCTRL_X0Y0        BUFG (Prop_bufg_I_O)         0.091    37.005 r  not_so_slow/slowclk/XLXI_401/O
                         net (fo=369, routed)         1.450    38.455    APPLE_FSM1/clk_out
    SLICE_X9Y6           FDRE                                         r  APPLE_FSM1/st4/C
                         clock pessimism              0.564    39.018    
                         clock uncertainty           -0.094    38.924    
    SLICE_X9Y6           FDRE (Setup_fdre_C_D)        0.031    38.955    APPLE_FSM1/st4
  -------------------------------------------------------------------
                         required time                         38.955    
                         arrival time                         -18.993    
  -------------------------------------------------------------------
                         slack                                 19.962    

Slack (MET) :             20.634ns  (required time - arrival time)
  Source:                 PA/HPX_counter/ff15/C
                            (rising edge-triggered cell FDRE clocked by clk_out1_clk_wiz_0  {rise@0.000ns fall@20.000ns period=40.000ns})
  Destination:            COLL_PREV1/D
                            (rising edge-triggered cell FDRE clocked by clk_out1_clk_wiz_0  {rise@0.000ns fall@20.000ns period=40.000ns})
  Path Group:             clk_out1_clk_wiz_0
  Path Type:              Setup (Max at Slow Process Corner)
  Requirement:            40.000ns  (clk_out1_clk_wiz_0 rise@40.000ns - clk_out1_clk_wiz_0 rise@0.000ns)
  Data Path Delay:        19.268ns  (logic 5.640ns (29.271%)  route 13.628ns (70.729%))
  Logic Levels:           20  (CARRY4=5 LUT2=1 LUT3=1 LUT4=4 LUT5=1 LUT6=8)
  Clock Path Skew:        -0.034ns (DCD - SCD + CPR)
    Destination Clock Delay (DCD):    -1.545ns = ( 38.455 - 40.000 ) 
    Source Clock Delay      (SCD):    -0.948ns
    Clock Pessimism Removal (CPR):    0.564ns
  Clock Uncertainty:      0.094ns  ((TSJ^2 + DJ^2)^1/2) / 2 + PE
    Total System Jitter     (TSJ):    0.071ns
    Discrete Jitter          (DJ):    0.175ns
    Phase Error              (PE):    0.000ns

    Location             Delay type                Incr(ns)  Path(ns)    Netlist Resource(s)
  -------------------------------------------------------------------    -------------------
                         (clock clk_out1_clk_wiz_0 rise edge)
                                                      0.000     0.000 r  
    W5                                                0.000     0.000 r  clkin (IN)
                         net (fo=0)                   0.000     0.000    not_so_slow/my_clk_inst/clkin
    W5                   IBUF (Prop_ibuf_I_O)         1.458     1.458 r  not_so_slow/my_clk_inst/clkin1_ibufg/O
                         net (fo=1, routed)           1.233     2.691    not_so_slow/my_clk_inst/clk_in1_clk_wiz_0
    MMCME2_ADV_X1Y0      MMCME2_ADV (Prop_mmcme2_adv_CLKIN1_CLKOUT0)
                                                     -6.961    -4.269 r  not_so_slow/my_clk_inst/mmcm_adv_inst/CLKOUT0
                         net (fo=1, routed)           1.661    -2.608    not_so_slow/slowclk/clk_int
    BUFGCTRL_X0Y0        BUFG (Prop_bufg_I_O)         0.096    -2.512 r  not_so_slow/slowclk/XLXI_401/O
                         net (fo=369, routed)         1.564    -0.948    PA/HPX_counter/clk_out
    SLICE_X15Y14         FDRE                                         r  PA/HPX_counter/ff15/C
  -------------------------------------------------------------------    -------------------
    SLICE_X15Y14         FDRE (Prop_fdre_C_Q)         0.419    -0.529 f  PA/HPX_counter/ff15/Q
                         net (fo=16, routed)          0.994     0.466    PA/HPX_counter/ff15_0
    SLICE_X6Y12          LUT2 (Prop_lut2_I1_O)        0.296     0.762 r  PA/HPX_counter/ff0_i_7__2/O
                         net (fo=1, routed)           0.680     1.442    PA/HPX_counter/ff0_i_7__2_n_0
    SLICE_X6Y12          LUT6 (Prop_lut6_I1_O)        0.124     1.566 r  PA/HPX_counter/ff0_i_5__2/O
                         net (fo=9, routed)           0.815     2.380    PA/HPX_counter/ff9_1
    SLICE_X10Y13         LUT6 (Prop_lut6_I1_O)        0.124     2.504 r  PA/HPX_counter/ff0_i_3__5/O
                         net (fo=2, routed)           1.115     3.620    APPLE_FSM1/SLOT_LAT_FF_0[1]_i_4_1
    SLICE_X10Y7          LUT6 (Prop_lut6_I2_O)        0.124     3.744 f  APPLE_FSM1/SLOT_LAT_FF_0[1]_i_16/O
                         net (fo=2, routed)           0.483     4.227    APPLE_FSM1/SLOT_LAT_FF_0[1]_i_16_n_0
    SLICE_X10Y7          LUT4 (Prop_lut4_I3_O)        0.116     4.343 r  APPLE_FSM1/SLOT_LAT_FF_0[1]_i_4/O
                         net (fo=6, routed)           1.000     5.343    rand/SLOT_LAT_FF_0[1]
    SLICE_X7Y5           LUT6 (Prop_lut6_I0_O)        0.328     5.671 r  rand/APPLEX_FF_0[7]_i_2/O
                         net (fo=7, routed)           0.343     6.014    rand/APPLEX_FF_0[7]_i_2_n_0
    SLICE_X5Y6           LUT6 (Prop_lut6_I1_O)        0.124     6.138 r  rand/SLOT_LAT_FF_1[1]_i_2/O
                         net (fo=1, routed)           0.956     7.094    rand/SLOT_LAT_FF_1[1]_i_2_n_0
    SLICE_X5Y8           LUT3 (Prop_lut3_I0_O)        0.152     7.246 r  rand/SLOT_LAT_FF_1[1]_i_1/O
                         net (fo=18, routed)          1.393     8.639    rand/slot_use_1[1]
    SLICE_X2Y16          LUT6 (Prop_lut6_I2_O)        0.326     8.965 r  rand/st3_i_10/O
                         net (fo=1, routed)           0.927     9.892    rand/st3_i_10_n_0
    SLICE_X1Y11          LUT5 (Prop_lut5_I3_O)        0.124    10.016 r  rand/st3_i_6/O
                         net (fo=1, routed)           0.801    10.817    rand/st3_i_6_n_0
    SLICE_X4Y13          LUT6 (Prop_lut6_I4_O)        0.124    10.941 r  rand/st3_i_2__0/O
                         net (fo=9, routed)           0.769    11.710    rand/st3_0
    SLICE_X4Y6           LUT4 (Prop_lut4_I3_O)        0.124    11.834 r  rand/CAUGHT_LAT_FF_i_65/O
                         net (fo=1, routed)           0.000    11.834    rand/CAUGHT_LAT_FF_i_65_n_0
    SLICE_X4Y6           CARRY4 (Prop_carry4_S[1]_CO[3])
                                                      0.550    12.384 r  rand/CAUGHT_LAT_FF_i_58/CO[3]
                         net (fo=1, routed)           0.000    12.384    rand/CAUGHT_LAT_FF_i_58_n_0
    SLICE_X4Y7           CARRY4 (Prop_carry4_CI_O[1])
                                                      0.334    12.718 r  rand/CAUGHT_LAT_FF_i_56/O[1]
                         net (fo=5, routed)           0.482    13.200    rand/appleX_draw_1[5]
    SLICE_X3Y9           CARRY4 (Prop_carry4_S[1]_CO[3])
                                                      0.853    14.053 r  rand/CAUGHT_LAT_FF_i_60/CO[3]
                         net (fo=1, routed)           0.000    14.053    rand/CAUGHT_LAT_FF_i_60_n_0
    SLICE_X3Y10          CARRY4 (Prop_carry4_CI_O[1])
                                                      0.334    14.387 r  rand/CAUGHT_LAT_FF_i_53/O[1]
                         net (fo=4, routed)           1.186    15.573    rand/a1_x1[9]
    SLICE_X10Y10         LUT4 (Prop_lut4_I1_O)        0.303    15.876 r  rand/CAUGHT_LAT_FF_i_28/O
                         net (fo=1, routed)           0.000    15.876    rand/CAUGHT_LAT_FF_i_28_n_0
    SLICE_X10Y10         CARRY4 (Prop_carry4_S[0]_CO[3])
                                                      0.513    16.389 r  rand/CAUGHT_LAT_FF_i_7/CO[3]
                         net (fo=1, routed)           0.852    17.241    rand/ov1_x038_in
    SLICE_X7Y11          LUT6 (Prop_lut6_I3_O)        0.124    17.365 r  rand/CAUGHT_LAT_FF_i_2/O
                         net (fo=6, routed)           0.832    18.197    rand/APPLEY_FF_1[12]
    SLICE_X9Y6           LUT4 (Prop_lut4_I1_O)        0.124    18.321 r  rand/COLL_PREV1_i_1/O
                         net (fo=1, routed)           0.000    18.321    rand_n_167
    SLICE_X9Y6           FDRE                                         r  COLL_PREV1/D
  -------------------------------------------------------------------    -------------------

                         (clock clk_out1_clk_wiz_0 rise edge)
                                                     40.000    40.000 r  
    W5                                                0.000    40.000 r  clkin (IN)
                         net (fo=0)                   0.000    40.000    not_so_slow/my_clk_inst/clkin
    W5                   IBUF (Prop_ibuf_I_O)         1.388    41.388 r  not_so_slow/my_clk_inst/clkin1_ibufg/O
                         net (fo=1, routed)           1.162    42.550    not_so_slow/my_clk_inst/clk_in1_clk_wiz_0
    MMCME2_ADV_X1Y0      MMCME2_ADV (Prop_mmcme2_adv_CLKIN1_CLKOUT0)
                                                     -7.217    35.332 r  not_so_slow/my_clk_inst/mmcm_adv_inst/CLKOUT0
                         net (fo=1, routed)           1.581    36.914    not_so_slow/slowclk/clk_int
    BUFGCTRL_X0Y0        BUFG (Prop_bufg_I_O)         0.091    37.005 r  not_so_slow/slowclk/XLXI_401/O
                         net (fo=369, routed)         1.450    38.455    clk
    SLICE_X9Y6           FDRE                                         r  COLL_PREV1/C
                         clock pessimism              0.564    39.018    
                         clock uncertainty           -0.094    38.924    
    SLICE_X9Y6           FDRE (Setup_fdre_C_D)        0.031    38.955    COLL_PREV1
  -------------------------------------------------------------------
                         required time                         38.955    
                         arrival time                         -18.321    
  -------------------------------------------------------------------
                         slack                                 20.634    

Slack (MET) :             20.881ns  (required time - arrival time)
  Source:                 PA/HPX_counter/ff15/C
                            (rising edge-triggered cell FDRE clocked by clk_out1_clk_wiz_0  {rise@0.000ns fall@20.000ns period=40.000ns})
  Destination:            APPLE_FSM1/CAUGHT_LAT_FF/D
                            (rising edge-triggered cell FDRE clocked by clk_out1_clk_wiz_0  {rise@0.000ns fall@20.000ns period=40.000ns})
  Path Group:             clk_out1_clk_wiz_0
  Path Type:              Setup (Max at Slow Process Corner)
  Requirement:            40.000ns  (clk_out1_clk_wiz_0 rise@40.000ns - clk_out1_clk_wiz_0 rise@0.000ns)
  Data Path Delay:        19.068ns  (logic 5.640ns (29.579%)  route 13.428ns (70.421%))
  Logic Levels:           20  (CARRY4=5 LUT2=1 LUT3=1 LUT4=3 LUT5=1 LUT6=9)
  Clock Path Skew:        -0.034ns (DCD - SCD + CPR)
    Destination Clock Delay (DCD):    -1.545ns = ( 38.455 - 40.000 ) 
    Source Clock Delay      (SCD):    -0.948ns
    Clock Pessimism Removal (CPR):    0.564ns
  Clock Uncertainty:      0.094ns  ((TSJ^2 + DJ^2)^1/2) / 2 + PE
    Total System Jitter     (TSJ):    0.071ns
    Discrete Jitter          (DJ):    0.175ns
    Phase Error              (PE):    0.000ns

    Location             Delay type                Incr(ns)  Path(ns)    Netlist Resource(s)
  -------------------------------------------------------------------    -------------------
                         (clock clk_out1_clk_wiz_0 rise edge)
                                                      0.000     0.000 r  
    W5                                                0.000     0.000 r  clkin (IN)
                         net (fo=0)                   0.000     0.000    not_so_slow/my_clk_inst/clkin
    W5                   IBUF (Prop_ibuf_I_O)         1.458     1.458 r  not_so_slow/my_clk_inst/clkin1_ibufg/O
                         net (fo=1, routed)           1.233     2.691    not_so_slow/my_clk_inst/clk_in1_clk_wiz_0
    MMCME2_ADV_X1Y0      MMCME2_ADV (Prop_mmcme2_adv_CLKIN1_CLKOUT0)
                                                     -6.961    -4.269 r  not_so_slow/my_clk_inst/mmcm_adv_inst/CLKOUT0
                         net (fo=1, routed)           1.661    -2.608    not_so_slow/slowclk/clk_int
    BUFGCTRL_X0Y0        BUFG (Prop_bufg_I_O)         0.096    -2.512 r  not_so_slow/slowclk/XLXI_401/O
                         net (fo=369, routed)         1.564    -0.948    PA/HPX_counter/clk_out
    SLICE_X15Y14         FDRE                                         r  PA/HPX_counter/ff15/C
  -------------------------------------------------------------------    -------------------
    SLICE_X15Y14         FDRE (Prop_fdre_C_Q)         0.419    -0.529 f  PA/HPX_counter/ff15/Q
                         net (fo=16, routed)          0.994     0.466    PA/HPX_counter/ff15_0
    SLICE_X6Y12          LUT2 (Prop_lut2_I1_O)        0.296     0.762 r  PA/HPX_counter/ff0_i_7__2/O
                         net (fo=1, routed)           0.680     1.442    PA/HPX_counter/ff0_i_7__2_n_0
    SLICE_X6Y12          LUT6 (Prop_lut6_I1_O)        0.124     1.566 r  PA/HPX_counter/ff0_i_5__2/O
                         net (fo=9, routed)           0.815     2.380    PA/HPX_counter/ff9_1
    SLICE_X10Y13         LUT6 (Prop_lut6_I1_O)        0.124     2.504 r  PA/HPX_counter/ff0_i_3__5/O
                         net (fo=2, routed)           1.115     3.620    APPLE_FSM1/SLOT_LAT_FF_0[1]_i_4_1
    SLICE_X10Y7          LUT6 (Prop_lut6_I2_O)        0.124     3.744 f  APPLE_FSM1/SLOT_LAT_FF_0[1]_i_16/O
                         net (fo=2, routed)           0.483     4.227    APPLE_FSM1/SLOT_LAT_FF_0[1]_i_16_n_0
    SLICE_X10Y7          LUT4 (Prop_lut4_I3_O)        0.116     4.343 r  APPLE_FSM1/SLOT_LAT_FF_0[1]_i_4/O
                         net (fo=6, routed)           1.000     5.343    rand/SLOT_LAT_FF_0[1]
    SLICE_X7Y5           LUT6 (Prop_lut6_I0_O)        0.328     5.671 r  rand/APPLEX_FF_0[7]_i_2/O
                         net (fo=7, routed)           0.343     6.014    rand/APPLEX_FF_0[7]_i_2_n_0
    SLICE_X5Y6           LUT6 (Prop_lut6_I1_O)        0.124     6.138 r  rand/SLOT_LAT_FF_1[1]_i_2/O
                         net (fo=1, routed)           0.956     7.094    rand/SLOT_LAT_FF_1[1]_i_2_n_0
    SLICE_X5Y8           LUT3 (Prop_lut3_I0_O)        0.152     7.246 r  rand/SLOT_LAT_FF_1[1]_i_1/O
                         net (fo=18, routed)          1.393     8.639    rand/slot_use_1[1]
    SLICE_X2Y16          LUT6 (Prop_lut6_I2_O)        0.326     8.965 r  rand/st3_i_10/O
                         net (fo=1, routed)           0.927     9.892    rand/st3_i_10_n_0
    SLICE_X1Y11          LUT5 (Prop_lut5_I3_O)        0.124    10.016 r  rand/st3_i_6/O
                         net (fo=1, routed)           0.801    10.817    rand/st3_i_6_n_0
    SLICE_X4Y13          LUT6 (Prop_lut6_I4_O)        0.124    10.941 r  rand/st3_i_2__0/O
                         net (fo=9, routed)           0.769    11.710    rand/st3_0
    SLICE_X4Y6           LUT4 (Prop_lut4_I3_O)        0.124    11.834 r  rand/CAUGHT_LAT_FF_i_65/O
                         net (fo=1, routed)           0.000    11.834    rand/CAUGHT_LAT_FF_i_65_n_0
    SLICE_X4Y6           CARRY4 (Prop_carry4_S[1]_CO[3])
                                                      0.550    12.384 r  rand/CAUGHT_LAT_FF_i_58/CO[3]
                         net (fo=1, routed)           0.000    12.384    rand/CAUGHT_LAT_FF_i_58_n_0
    SLICE_X4Y7           CARRY4 (Prop_carry4_CI_O[1])
                                                      0.334    12.718 r  rand/CAUGHT_LAT_FF_i_56/O[1]
                         net (fo=5, routed)           0.482    13.200    rand/appleX_draw_1[5]
    SLICE_X3Y9           CARRY4 (Prop_carry4_S[1]_CO[3])
                                                      0.853    14.053 r  rand/CAUGHT_LAT_FF_i_60/CO[3]
                         net (fo=1, routed)           0.000    14.053    rand/CAUGHT_LAT_FF_i_60_n_0
    SLICE_X3Y10          CARRY4 (Prop_carry4_CI_O[1])
                                                      0.334    14.387 r  rand/CAUGHT_LAT_FF_i_53/O[1]
                         net (fo=4, routed)           1.186    15.573    rand/a1_x1[9]
    SLICE_X10Y10         LUT4 (Prop_lut4_I1_O)        0.303    15.876 r  rand/CAUGHT_LAT_FF_i_28/O
                         net (fo=1, routed)           0.000    15.876    rand/CAUGHT_LAT_FF_i_28_n_0
    SLICE_X10Y10         CARRY4 (Prop_carry4_S[0]_CO[3])
                                                      0.513    16.389 r  rand/CAUGHT_LAT_FF_i_7/CO[3]
                         net (fo=1, routed)           0.852    17.241    rand/ov1_x038_in
    SLICE_X7Y11          LUT6 (Prop_lut6_I3_O)        0.124    17.365 r  rand/CAUGHT_LAT_FF_i_2/O
                         net (fo=6, routed)           0.631    17.996    APPLE_FSM1/st5_0
    SLICE_X8Y5           LUT6 (Prop_lut6_I0_O)        0.124    18.120 r  APPLE_FSM1/CAUGHT_LAT_FF_i_1__0/O
                         net (fo=1, routed)           0.000    18.120    APPLE_FSM1/caught_lat_next
    SLICE_X8Y5           FDRE                                         r  APPLE_FSM1/CAUGHT_LAT_FF/D
  -------------------------------------------------------------------    -------------------

                         (clock clk_out1_clk_wiz_0 rise edge)
                                                     40.000    40.000 r  
    W5                                                0.000    40.000 r  clkin (IN)
                         net (fo=0)                   0.000    40.000    not_so_slow/my_clk_inst/clkin
    W5                   IBUF (Prop_ibuf_I_O)         1.388    41.388 r  not_so_slow/my_clk_inst/clkin1_ibufg/O
                         net (fo=1, routed)           1.162    42.550    not_so_slow/my_clk_inst/clk_in1_clk_wiz_0
    MMCME2_ADV_X1Y0      MMCME2_ADV (Prop_mmcme2_adv_CLKIN1_CLKOUT0)
                                                     -7.217    35.332 r  not_so_slow/my_clk_inst/mmcm_adv_inst/CLKOUT0
                         net (fo=1, routed)           1.581    36.914    not_so_slow/slowclk/clk_int
    BUFGCTRL_X0Y0        BUFG (Prop_bufg_I_O)         0.091    37.005 r  not_so_slow/slowclk/XLXI_401/O
                         net (fo=369, routed)         1.450    38.455    APPLE_FSM1/clk_out
    SLICE_X8Y5           FDRE                                         r  APPLE_FSM1/CAUGHT_LAT_FF/C
                         clock pessimism              0.564    39.018    
                         clock uncertainty           -0.094    38.924    
    SLICE_X8Y5           FDRE (Setup_fdre_C_D)        0.077    39.001    APPLE_FSM1/CAUGHT_LAT_FF
  -------------------------------------------------------------------
                         required time                         39.001    
                         arrival time                         -18.120    
  -------------------------------------------------------------------
                         slack                                 20.881    

Slack (MET) :             20.888ns  (required time - arrival time)
  Source:                 PA/HPX_counter/ff15/C
                            (rising edge-triggered cell FDRE clocked by clk_out1_clk_wiz_0  {rise@0.000ns fall@20.000ns period=40.000ns})
  Destination:            APPLE_FSM1/MISSED_LAT_FF/D
                            (rising edge-triggered cell FDRE clocked by clk_out1_clk_wiz_0  {rise@0.000ns fall@20.000ns period=40.000ns})
  Path Group:             clk_out1_clk_wiz_0
  Path Type:              Setup (Max at Slow Process Corner)
  Requirement:            40.000ns  (clk_out1_clk_wiz_0 rise@40.000ns - clk_out1_clk_wiz_0 rise@0.000ns)
  Data Path Delay:        19.065ns  (logic 5.640ns (29.583%)  route 13.425ns (70.417%))
  Logic Levels:           20  (CARRY4=5 LUT2=1 LUT3=1 LUT4=3 LUT5=1 LUT6=9)
  Clock Path Skew:        -0.034ns (DCD - SCD + CPR)
    Destination Clock Delay (DCD):    -1.545ns = ( 38.455 - 40.000 ) 
    Source Clock Delay      (SCD):    -0.948ns
    Clock Pessimism Removal (CPR):    0.564ns
  Clock Uncertainty:      0.094ns  ((TSJ^2 + DJ^2)^1/2) / 2 + PE
    Total System Jitter     (TSJ):    0.071ns
    Discrete Jitter          (DJ):    0.175ns
    Phase Error              (PE):    0.000ns

    Location             Delay type                Incr(ns)  Path(ns)    Netlist Resource(s)
  -------------------------------------------------------------------    -------------------
                         (clock clk_out1_clk_wiz_0 rise edge)
                                                      0.000     0.000 r  
    W5                                                0.000     0.000 r  clkin (IN)
                         net (fo=0)                   0.000     0.000    not_so_slow/my_clk_inst/clkin
    W5                   IBUF (Prop_ibuf_I_O)         1.458     1.458 r  not_so_slow/my_clk_inst/clkin1_ibufg/O
                         net (fo=1, routed)           1.233     2.691    not_so_slow/my_clk_inst/clk_in1_clk_wiz_0
    MMCME2_ADV_X1Y0      MMCME2_ADV (Prop_mmcme2_adv_CLKIN1_CLKOUT0)
                                                     -6.961    -4.269 r  not_so_slow/my_clk_inst/mmcm_adv_inst/CLKOUT0
                         net (fo=1, routed)           1.661    -2.608    not_so_slow/slowclk/clk_int
    BUFGCTRL_X0Y0        BUFG (Prop_bufg_I_O)         0.096    -2.512 r  not_so_slow/slowclk/XLXI_401/O
                         net (fo=369, routed)         1.564    -0.948    PA/HPX_counter/clk_out
    SLICE_X15Y14         FDRE                                         r  PA/HPX_counter/ff15/C
  -------------------------------------------------------------------    -------------------
    SLICE_X15Y14         FDRE (Prop_fdre_C_Q)         0.419    -0.529 f  PA/HPX_counter/ff15/Q
                         net (fo=16, routed)          0.994     0.466    PA/HPX_counter/ff15_0
    SLICE_X6Y12          LUT2 (Prop_lut2_I1_O)        0.296     0.762 r  PA/HPX_counter/ff0_i_7__2/O
                         net (fo=1, routed)           0.680     1.442    PA/HPX_counter/ff0_i_7__2_n_0
    SLICE_X6Y12          LUT6 (Prop_lut6_I1_O)        0.124     1.566 r  PA/HPX_counter/ff0_i_5__2/O
                         net (fo=9, routed)           0.815     2.380    PA/HPX_counter/ff9_1
    SLICE_X10Y13         LUT6 (Prop_lut6_I1_O)        0.124     2.504 r  PA/HPX_counter/ff0_i_3__5/O
                         net (fo=2, routed)           1.115     3.620    APPLE_FSM1/SLOT_LAT_FF_0[1]_i_4_1
    SLICE_X10Y7          LUT6 (Prop_lut6_I2_O)        0.124     3.744 f  APPLE_FSM1/SLOT_LAT_FF_0[1]_i_16/O
                         net (fo=2, routed)           0.483     4.227    APPLE_FSM1/SLOT_LAT_FF_0[1]_i_16_n_0
    SLICE_X10Y7          LUT4 (Prop_lut4_I3_O)        0.116     4.343 r  APPLE_FSM1/SLOT_LAT_FF_0[1]_i_4/O
                         net (fo=6, routed)           1.000     5.343    rand/SLOT_LAT_FF_0[1]
    SLICE_X7Y5           LUT6 (Prop_lut6_I0_O)        0.328     5.671 r  rand/APPLEX_FF_0[7]_i_2/O
                         net (fo=7, routed)           0.343     6.014    rand/APPLEX_FF_0[7]_i_2_n_0
    SLICE_X5Y6           LUT6 (Prop_lut6_I1_O)        0.124     6.138 r  rand/SLOT_LAT_FF_1[1]_i_2/O
                         net (fo=1, routed)           0.956     7.094    rand/SLOT_LAT_FF_1[1]_i_2_n_0
    SLICE_X5Y8           LUT3 (Prop_lut3_I0_O)        0.152     7.246 r  rand/SLOT_LAT_FF_1[1]_i_1/O
                         net (fo=18, routed)          1.393     8.639    rand/slot_use_1[1]
    SLICE_X2Y16          LUT6 (Prop_lut6_I2_O)        0.326     8.965 r  rand/st3_i_10/O
                         net (fo=1, routed)           0.927     9.892    rand/st3_i_10_n_0
    SLICE_X1Y11          LUT5 (Prop_lut5_I3_O)        0.124    10.016 r  rand/st3_i_6/O
                         net (fo=1, routed)           0.801    10.817    rand/st3_i_6_n_0
    SLICE_X4Y13          LUT6 (Prop_lut6_I4_O)        0.124    10.941 r  rand/st3_i_2__0/O
                         net (fo=9, routed)           0.769    11.710    rand/st3_0
    SLICE_X4Y6           LUT4 (Prop_lut4_I3_O)        0.124    11.834 r  rand/CAUGHT_LAT_FF_i_65/O
                         net (fo=1, routed)           0.000    11.834    rand/CAUGHT_LAT_FF_i_65_n_0
    SLICE_X4Y6           CARRY4 (Prop_carry4_S[1]_CO[3])
                                                      0.550    12.384 r  rand/CAUGHT_LAT_FF_i_58/CO[3]
                         net (fo=1, routed)           0.000    12.384    rand/CAUGHT_LAT_FF_i_58_n_0
    SLICE_X4Y7           CARRY4 (Prop_carry4_CI_O[1])
                                                      0.334    12.718 r  rand/CAUGHT_LAT_FF_i_56/O[1]
                         net (fo=5, routed)           0.482    13.200    rand/appleX_draw_1[5]
    SLICE_X3Y9           CARRY4 (Prop_carry4_S[1]_CO[3])
                                                      0.853    14.053 r  rand/CAUGHT_LAT_FF_i_60/CO[3]
                         net (fo=1, routed)           0.000    14.053    rand/CAUGHT_LAT_FF_i_60_n_0
    SLICE_X3Y10          CARRY4 (Prop_carry4_CI_O[1])
                                                      0.334    14.387 r  rand/CAUGHT_LAT_FF_i_53/O[1]
                         net (fo=4, routed)           1.186    15.573    rand/a1_x1[9]
    SLICE_X10Y10         LUT4 (Prop_lut4_I1_O)        0.303    15.876 r  rand/CAUGHT_LAT_FF_i_28/O
                         net (fo=1, routed)           0.000    15.876    rand/CAUGHT_LAT_FF_i_28_n_0
    SLICE_X10Y10         CARRY4 (Prop_carry4_S[0]_CO[3])
                                                      0.513    16.389 f  rand/CAUGHT_LAT_FF_i_7/CO[3]
                         net (fo=1, routed)           0.852    17.241    rand/ov1_x038_in
    SLICE_X7Y11          LUT6 (Prop_lut6_I3_O)        0.124    17.365 f  rand/CAUGHT_LAT_FF_i_2/O
                         net (fo=6, routed)           0.628    17.993    APPLE_FSM1/st5_0
    SLICE_X8Y5           LUT6 (Prop_lut6_I0_O)        0.124    18.117 r  APPLE_FSM1/MISSED_LAT_FF_i_1__0/O
                         net (fo=1, routed)           0.000    18.117    APPLE_FSM1/missed_lat_next
    SLICE_X8Y5           FDRE                                         r  APPLE_FSM1/MISSED_LAT_FF/D
  -------------------------------------------------------------------    -------------------

                         (clock clk_out1_clk_wiz_0 rise edge)
                                                     40.000    40.000 r  
    W5                                                0.000    40.000 r  clkin (IN)
                         net (fo=0)                   0.000    40.000    not_so_slow/my_clk_inst/clkin
    W5                   IBUF (Prop_ibuf_I_O)         1.388    41.388 r  not_so_slow/my_clk_inst/clkin1_ibufg/O
                         net (fo=1, routed)           1.162    42.550    not_so_slow/my_clk_inst/clk_in1_clk_wiz_0
    MMCME2_ADV_X1Y0      MMCME2_ADV (Prop_mmcme2_adv_CLKIN1_CLKOUT0)
                                                     -7.217    35.332 r  not_so_slow/my_clk_inst/mmcm_adv_inst/CLKOUT0
                         net (fo=1, routed)           1.581    36.914    not_so_slow/slowclk/clk_int
    BUFGCTRL_X0Y0        BUFG (Prop_bufg_I_O)         0.091    37.005 r  not_so_slow/slowclk/XLXI_401/O
                         net (fo=369, routed)         1.450    38.455    APPLE_FSM1/clk_out
    SLICE_X8Y5           FDRE                                         r  APPLE_FSM1/MISSED_LAT_FF/C
                         clock pessimism              0.564    39.018    
                         clock uncertainty           -0.094    38.924    
    SLICE_X8Y5           FDRE (Setup_fdre_C_D)        0.081    39.005    APPLE_FSM1/MISSED_LAT_FF
  -------------------------------------------------------------------
                         required time                         39.005    
                         arrival time                         -18.117    
  -------------------------------------------------------------------
                         slack                                 20.888    

Slack (MET) :             21.068ns  (required time - arrival time)
  Source:                 PA/HPX_counter/ff15/C
                            (rising edge-triggered cell FDRE clocked by clk_out1_clk_wiz_0  {rise@0.000ns fall@20.000ns period=40.000ns})
  Destination:            CAUGHTLAT1/D
                            (rising edge-triggered cell FDRE clocked by clk_out1_clk_wiz_0  {rise@0.000ns fall@20.000ns period=40.000ns})
  Path Group:             clk_out1_clk_wiz_0
  Path Type:              Setup (Max at Slow Process Corner)
  Requirement:            40.000ns  (clk_out1_clk_wiz_0 rise@40.000ns - clk_out1_clk_wiz_0 rise@0.000ns)
  Data Path Delay:        18.898ns  (logic 5.640ns (29.844%)  route 13.258ns (70.156%))
  Logic Levels:           20  (CARRY4=5 LUT2=1 LUT3=1 LUT4=3 LUT5=2 LUT6=8)
  Clock Path Skew:        0.032ns (DCD - SCD + CPR)
    Destination Clock Delay (DCD):    -1.479ns = ( 38.521 - 40.000 ) 
    Source Clock Delay      (SCD):    -0.948ns
    Clock Pessimism Removal (CPR):    0.564ns
  Clock Uncertainty:      0.094ns  ((TSJ^2 + DJ^2)^1/2) / 2 + PE
    Total System Jitter     (TSJ):    0.071ns
    Discrete Jitter          (DJ):    0.175ns
    Phase Error              (PE):    0.000ns

    Location             Delay type                Incr(ns)  Path(ns)    Netlist Resource(s)
  -------------------------------------------------------------------    -------------------
                         (clock clk_out1_clk_wiz_0 rise edge)
                                                      0.000     0.000 r  
    W5                                                0.000     0.000 r  clkin (IN)
                         net (fo=0)                   0.000     0.000    not_so_slow/my_clk_inst/clkin
    W5                   IBUF (Prop_ibuf_I_O)         1.458     1.458 r  not_so_slow/my_clk_inst/clkin1_ibufg/O
                         net (fo=1, routed)           1.233     2.691    not_so_slow/my_clk_inst/clk_in1_clk_wiz_0
    MMCME2_ADV_X1Y0      MMCME2_ADV (Prop_mmcme2_adv_CLKIN1_CLKOUT0)
                                                     -6.961    -4.269 r  not_so_slow/my_clk_inst/mmcm_adv_inst/CLKOUT0
                         net (fo=1, routed)           1.661    -2.608    not_so_slow/slowclk/clk_int
    BUFGCTRL_X0Y0        BUFG (Prop_bufg_I_O)         0.096    -2.512 r  not_so_slow/slowclk/XLXI_401/O
                         net (fo=369, routed)         1.564    -0.948    PA/HPX_counter/clk_out
    SLICE_X15Y14         FDRE                                         r  PA/HPX_counter/ff15/C
  -------------------------------------------------------------------    -------------------
    SLICE_X15Y14         FDRE (Prop_fdre_C_Q)         0.419    -0.529 f  PA/HPX_counter/ff15/Q
                         net (fo=16, routed)          0.994     0.466    PA/HPX_counter/ff15_0
    SLICE_X6Y12          LUT2 (Prop_lut2_I1_O)        0.296     0.762 r  PA/HPX_counter/ff0_i_7__2/O
                         net (fo=1, routed)           0.680     1.442    PA/HPX_counter/ff0_i_7__2_n_0
    SLICE_X6Y12          LUT6 (Prop_lut6_I1_O)        0.124     1.566 r  PA/HPX_counter/ff0_i_5__2/O
                         net (fo=9, routed)           0.815     2.380    PA/HPX_counter/ff9_1
    SLICE_X10Y13         LUT6 (Prop_lut6_I1_O)        0.124     2.504 r  PA/HPX_counter/ff0_i_3__5/O
                         net (fo=2, routed)           1.115     3.620    APPLE_FSM1/SLOT_LAT_FF_0[1]_i_4_1
    SLICE_X10Y7          LUT6 (Prop_lut6_I2_O)        0.124     3.744 f  APPLE_FSM1/SLOT_LAT_FF_0[1]_i_16/O
                         net (fo=2, routed)           0.483     4.227    APPLE_FSM1/SLOT_LAT_FF_0[1]_i_16_n_0
    SLICE_X10Y7          LUT4 (Prop_lut4_I3_O)        0.116     4.343 r  APPLE_FSM1/SLOT_LAT_FF_0[1]_i_4/O
                         net (fo=6, routed)           1.000     5.343    rand/SLOT_LAT_FF_0[1]
    SLICE_X7Y5           LUT6 (Prop_lut6_I0_O)        0.328     5.671 r  rand/APPLEX_FF_0[7]_i_2/O
                         net (fo=7, routed)           0.343     6.014    rand/APPLEX_FF_0[7]_i_2_n_0
    SLICE_X5Y6           LUT6 (Prop_lut6_I1_O)        0.124     6.138 r  rand/SLOT_LAT_FF_1[1]_i_2/O
                         net (fo=1, routed)           0.956     7.094    rand/SLOT_LAT_FF_1[1]_i_2_n_0
    SLICE_X5Y8           LUT3 (Prop_lut3_I0_O)        0.152     7.246 r  rand/SLOT_LAT_FF_1[1]_i_1/O
                         net (fo=18, routed)          1.393     8.639    rand/slot_use_1[1]
    SLICE_X2Y16          LUT6 (Prop_lut6_I2_O)        0.326     8.965 r  rand/st3_i_10/O
                         net (fo=1, routed)           0.927     9.892    rand/st3_i_10_n_0
    SLICE_X1Y11          LUT5 (Prop_lut5_I3_O)        0.124    10.016 r  rand/st3_i_6/O
                         net (fo=1, routed)           0.801    10.817    rand/st3_i_6_n_0
    SLICE_X4Y13          LUT6 (Prop_lut6_I4_O)        0.124    10.941 r  rand/st3_i_2__0/O
                         net (fo=9, routed)           0.769    11.710    rand/st3_0
    SLICE_X4Y6           LUT4 (Prop_lut4_I3_O)        0.124    11.834 r  rand/CAUGHT_LAT_FF_i_65/O
                         net (fo=1, routed)           0.000    11.834    rand/CAUGHT_LAT_FF_i_65_n_0
    SLICE_X4Y6           CARRY4 (Prop_carry4_S[1]_CO[3])
                                                      0.550    12.384 r  rand/CAUGHT_LAT_FF_i_58/CO[3]
                         net (fo=1, routed)           0.000    12.384    rand/CAUGHT_LAT_FF_i_58_n_0
    SLICE_X4Y7           CARRY4 (Prop_carry4_CI_O[1])
                                                      0.334    12.718 r  rand/CAUGHT_LAT_FF_i_56/O[1]
                         net (fo=5, routed)           0.482    13.200    rand/appleX_draw_1[5]
    SLICE_X3Y9           CARRY4 (Prop_carry4_S[1]_CO[3])
                                                      0.853    14.053 r  rand/CAUGHT_LAT_FF_i_60/CO[3]
                         net (fo=1, routed)           0.000    14.053    rand/CAUGHT_LAT_FF_i_60_n_0
    SLICE_X3Y10          CARRY4 (Prop_carry4_CI_O[1])
                                                      0.334    14.387 r  rand/CAUGHT_LAT_FF_i_53/O[1]
                         net (fo=4, routed)           1.186    15.573    rand/a1_x1[9]
    SLICE_X10Y10         LUT4 (Prop_lut4_I1_O)        0.303    15.876 r  rand/CAUGHT_LAT_FF_i_28/O
                         net (fo=1, routed)           0.000    15.876    rand/CAUGHT_LAT_FF_i_28_n_0
    SLICE_X10Y10         CARRY4 (Prop_carry4_S[0]_CO[3])
                                                      0.513    16.389 r  rand/CAUGHT_LAT_FF_i_7/CO[3]
                         net (fo=1, routed)           0.852    17.241    rand/ov1_x038_in
    SLICE_X7Y11          LUT6 (Prop_lut6_I3_O)        0.124    17.365 r  rand/CAUGHT_LAT_FF_i_2/O
                         net (fo=6, routed)           0.462    17.827    rand/APPLEY_FF_1[12]
    SLICE_X7Y7           LUT5 (Prop_lut5_I0_O)        0.124    17.951 r  rand/CAUGHTLAT1_i_1/O
                         net (fo=1, routed)           0.000    17.951    caught_lat_1_n
    SLICE_X7Y7           FDRE                                         r  CAUGHTLAT1/D
  -------------------------------------------------------------------    -------------------

                         (clock clk_out1_clk_wiz_0 rise edge)
                                                     40.000    40.000 r  
    W5                                                0.000    40.000 r  clkin (IN)
                         net (fo=0)                   0.000    40.000    not_so_slow/my_clk_inst/clkin
    W5                   IBUF (Prop_ibuf_I_O)         1.388    41.388 r  not_so_slow/my_clk_inst/clkin1_ibufg/O
                         net (fo=1, routed)           1.162    42.550    not_so_slow/my_clk_inst/clk_in1_clk_wiz_0
    MMCME2_ADV_X1Y0      MMCME2_ADV (Prop_mmcme2_adv_CLKIN1_CLKOUT0)
                                                     -7.217    35.332 r  not_so_slow/my_clk_inst/mmcm_adv_inst/CLKOUT0
                         net (fo=1, routed)           1.581    36.914    not_so_slow/slowclk/clk_int
    BUFGCTRL_X0Y0        BUFG (Prop_bufg_I_O)         0.091    37.005 r  not_so_slow/slowclk/XLXI_401/O
                         net (fo=369, routed)         1.516    38.521    clk
    SLICE_X7Y7           FDRE                                         r  CAUGHTLAT1/C
                         clock pessimism              0.564    39.084    
                         clock uncertainty           -0.094    38.990    
    SLICE_X7Y7           FDRE (Setup_fdre_C_D)        0.029    39.019    CAUGHTLAT1
  -------------------------------------------------------------------
                         required time                         39.019    
                         arrival time                         -17.951    
  -------------------------------------------------------------------
                         slack                                 21.068    

Slack (MET) :             21.135ns  (required time - arrival time)
  Source:                 rand/lfsr_3/C
                            (rising edge-triggered cell FDRE clocked by clk_out1_clk_wiz_0  {rise@0.000ns fall@20.000ns period=40.000ns})
  Destination:            CAUGHTLAT0/D
                            (rising edge-triggered cell FDRE clocked by clk_out1_clk_wiz_0  {rise@0.000ns fall@20.000ns period=40.000ns})
  Path Group:             clk_out1_clk_wiz_0
  Path Type:              Setup (Max at Slow Process Corner)
  Requirement:            40.000ns  (clk_out1_clk_wiz_0 rise@40.000ns - clk_out1_clk_wiz_0 rise@0.000ns)
  Data Path Delay:        18.390ns  (logic 5.562ns (30.244%)  route 12.828ns (69.756%))
  Logic Levels:           19  (CARRY4=5 LUT2=1 LUT3=2 LUT4=3 LUT6=7 MUXF7=1)
  Clock Path Skew:        -0.111ns (DCD - SCD + CPR)
    Destination Clock Delay (DCD):    -1.551ns = ( 38.449 - 40.000 ) 
    Source Clock Delay      (SCD):    -0.877ns
    Clock Pessimism Removal (CPR):    0.564ns
  Clock Uncertainty:      0.094ns  ((TSJ^2 + DJ^2)^1/2) / 2 + PE
    Total System Jitter     (TSJ):    0.071ns
    Discrete Jitter          (DJ):    0.175ns
    Phase Error              (PE):    0.000ns

    Location             Delay type                Incr(ns)  Path(ns)    Netlist Resource(s)
  -------------------------------------------------------------------    -------------------
                         (clock clk_out1_clk_wiz_0 rise edge)
                                                      0.000     0.000 r  
    W5                                                0.000     0.000 r  clkin (IN)
                         net (fo=0)                   0.000     0.000    not_so_slow/my_clk_inst/clkin
    W5                   IBUF (Prop_ibuf_I_O)         1.458     1.458 r  not_so_slow/my_clk_inst/clkin1_ibufg/O
                         net (fo=1, routed)           1.233     2.691    not_so_slow/my_clk_inst/clk_in1_clk_wiz_0
    MMCME2_ADV_X1Y0      MMCME2_ADV (Prop_mmcme2_adv_CLKIN1_CLKOUT0)
                                                     -6.961    -4.269 r  not_so_slow/my_clk_inst/mmcm_adv_inst/CLKOUT0
                         net (fo=1, routed)           1.661    -2.608    not_so_slow/slowclk/clk_int
    BUFGCTRL_X0Y0        BUFG (Prop_bufg_I_O)         0.096    -2.512 r  not_so_slow/slowclk/XLXI_401/O
                         net (fo=369, routed)         1.635    -0.877    rand/clk
    SLICE_X6Y4           FDRE                                         r  rand/lfsr_3/C
  -------------------------------------------------------------------    -------------------
    SLICE_X6Y4           FDRE (Prop_fdre_C_Q)         0.518    -0.359 r  rand/lfsr_3/Q
                         net (fo=28, routed)          1.197     0.838    rand/rnd_stream[3]
    SLICE_X0Y7           LUT4 (Prop_lut4_I2_O)        0.152     0.990 r  rand/SLOT_LAT_FF_0[1]_i_29/O
                         net (fo=4, routed)           0.994     1.985    rand/SLOT_LAT_FF_0[1]_i_29_n_0
    SLICE_X2Y6           LUT6 (Prop_lut6_I0_O)        0.332     2.317 r  rand/SLOT_LAT_FF_0[1]_i_24/O
                         net (fo=4, routed)           0.801     3.117    rand/SLOT_LAT_FF_0[1]_i_24_n_0
    SLICE_X1Y5           LUT6 (Prop_lut6_I4_O)        0.124     3.241 r  rand/SLOT_LAT_FF_0[1]_i_15/O
                         net (fo=3, routed)           0.862     4.103    rand/SLOT_LAT_FF_0[1]_i_15_n_0
    SLICE_X2Y5           LUT6 (Prop_lut6_I0_O)        0.124     4.227 f  rand/APPLEX_FF_0[3]_i_4/O
                         net (fo=1, routed)           0.339     4.566    rand/APPLEX_FF_0[3]_i_4_n_0
    SLICE_X3Y5           LUT6 (Prop_lut6_I3_O)        0.124     4.690 r  rand/APPLEX_FF_0[3]_i_2/O
                         net (fo=7, routed)           0.902     5.591    rand/APPLEX_FF_0[3]_i_2_n_0
    SLICE_X6Y5           LUT6 (Prop_lut6_I0_O)        0.124     5.715 r  rand/SLOT_LAT_FF_0[2]_i_2/O
                         net (fo=8, routed)           0.572     6.287    rand/SLOT_LAT_FF_1[0]
    SLICE_X9Y7           LUT3 (Prop_lut3_I0_O)        0.124     6.411 r  rand/SLOT_LAT_FF_0[2]_i_1/O
                         net (fo=21, routed)          1.484     7.895    rand/slot_use_0[2]
    SLICE_X2Y14          MUXF7 (Prop_muxf7_S_O)       0.292     8.187 r  rand/ff0_i_8/O
                         net (fo=3, routed)           0.842     9.029    rand/SLOT_LAT_FF_0[2]_1
    SLICE_X3Y12          LUT6 (Prop_lut6_I3_O)        0.297     9.326 r  rand/ff0_i_4__1/O
                         net (fo=8, routed)           1.091    10.416    rand/st3
    SLICE_X8Y6           LUT3 (Prop_lut3_I1_O)        0.124    10.540 r  rand/COLL_PREV0_i_59/O
                         net (fo=1, routed)           0.000    10.540    rand/COLL_PREV0_i_59_n_0
    SLICE_X8Y6           CARRY4 (Prop_carry4_S[0]_CO[3])
                                                      0.513    11.053 r  rand/COLL_PREV0_i_54/CO[3]
                         net (fo=1, routed)           0.000    11.053    rand/COLL_PREV0_i_54_n_0
    SLICE_X8Y7           CARRY4 (Prop_carry4_CI_O[1])
                                                      0.323    11.376 r  rand/COLL_PREV0_i_53/O[1]
                         net (fo=5, routed)           0.513    11.889    rand/appleX_draw_0[5]
    SLICE_X9Y9           CARRY4 (Prop_carry4_S[1]_CO[3])
                                                      0.856    12.745 r  rand/COLL_PREV0_i_55/CO[3]
                         net (fo=1, routed)           0.000    12.745    rand/COLL_PREV0_i_55_n_0
    SLICE_X9Y10          CARRY4 (Prop_carry4_CI_O[1])
                                                      0.334    13.079 r  rand/COLL_PREV0_i_50/O[1]
                         net (fo=4, routed)           0.821    13.900    rand/a0_x1[9]
    SLICE_X9Y12          LUT4 (Prop_lut4_I1_O)        0.303    14.203 r  rand/COLL_PREV0_i_30/O
                         net (fo=1, routed)           0.000    14.203    rand/COLL_PREV0_i_30_n_0
    SLICE_X9Y12          CARRY4 (Prop_carry4_S[0]_CO[3])
                                                      0.532    14.735 r  rand/COLL_PREV0_i_7/CO[3]
                         net (fo=1, routed)           0.747    15.482    rand/ov0_x026_in
    SLICE_X9Y16          LUT6 (Prop_lut6_I4_O)        0.124    15.606 r  rand/COLL_PREV0_i_2/O
                         net (fo=2, routed)           0.770    16.376    rand/COLL_PREV0_i_2_n_0
    SLICE_X12Y14         LUT2 (Prop_lut2_I0_O)        0.124    16.500 r  rand/CAUGHT_LAT_FF_i_2__0/O
                         net (fo=5, routed)           0.418    16.918    APPLE_FSM0/caught_pulse_0
    SLICE_X13Y15         LUT4 (Prop_lut4_I2_O)        0.118    17.036 r  APPLE_FSM0/CAUGHTLAT0_i_1/O
                         net (fo=1, routed)           0.477    17.514    caught_lat_0_n
    SLICE_X15Y15         FDRE                                         r  CAUGHTLAT0/D
  -------------------------------------------------------------------    -------------------

                         (clock clk_out1_clk_wiz_0 rise edge)
                                                     40.000    40.000 r  
    W5                                                0.000    40.000 r  clkin (IN)
                         net (fo=0)                   0.000    40.000    not_so_slow/my_clk_inst/clkin
    W5                   IBUF (Prop_ibuf_I_O)         1.388    41.388 r  not_so_slow/my_clk_inst/clkin1_ibufg/O
                         net (fo=1, routed)           1.162    42.550    not_so_slow/my_clk_inst/clk_in1_clk_wiz_0
    MMCME2_ADV_X1Y0      MMCME2_ADV (Prop_mmcme2_adv_CLKIN1_CLKOUT0)
                                                     -7.217    35.332 r  not_so_slow/my_clk_inst/mmcm_adv_inst/CLKOUT0
                         net (fo=1, routed)           1.581    36.914    not_so_slow/slowclk/clk_int
    BUFGCTRL_X0Y0        BUFG (Prop_bufg_I_O)         0.091    37.005 r  not_so_slow/slowclk/XLXI_401/O
                         net (fo=369, routed)         1.444    38.449    clk
    SLICE_X15Y15         FDRE                                         r  CAUGHTLAT0/C
                         clock pessimism              0.564    39.012    
                         clock uncertainty           -0.094    38.918    
    SLICE_X15Y15         FDRE (Setup_fdre_C_D)       -0.269    38.649    CAUGHTLAT0
  -------------------------------------------------------------------
                         required time                         38.649    
                         arrival time                         -17.514    
  -------------------------------------------------------------------
                         slack                                 21.135    

Slack (MET) :             21.648ns  (required time - arrival time)
  Source:                 rand/lfsr_3/C
                            (rising edge-triggered cell FDRE clocked by clk_out1_clk_wiz_0  {rise@0.000ns fall@20.000ns period=40.000ns})
  Destination:            APPLE_FSM0/MISSED_LAT_FF/D
                            (rising edge-triggered cell FDRE clocked by clk_out1_clk_wiz_0  {rise@0.000ns fall@20.000ns period=40.000ns})
  Path Group:             clk_out1_clk_wiz_0
  Path Type:              Setup (Max at Slow Process Corner)
  Requirement:            40.000ns  (clk_out1_clk_wiz_0 rise@40.000ns - clk_out1_clk_wiz_0 rise@0.000ns)
  Data Path Delay:        18.228ns  (logic 5.568ns (30.546%)  route 12.660ns (69.454%))
  Logic Levels:           19  (CARRY4=5 LUT2=1 LUT3=2 LUT4=2 LUT5=1 LUT6=7 MUXF7=1)
  Clock Path Skew:        -0.106ns (DCD - SCD + CPR)
    Destination Clock Delay (DCD):    -1.546ns = ( 38.454 - 40.000 ) 
    Source Clock Delay      (SCD):    -0.877ns
    Clock Pessimism Removal (CPR):    0.564ns
  Clock Uncertainty:      0.094ns  ((TSJ^2 + DJ^2)^1/2) / 2 + PE
    Total System Jitter     (TSJ):    0.071ns
    Discrete Jitter          (DJ):    0.175ns
    Phase Error              (PE):    0.000ns

    Location             Delay type                Incr(ns)  Path(ns)    Netlist Resource(s)
  -------------------------------------------------------------------    -------------------
                         (clock clk_out1_clk_wiz_0 rise edge)
                                                      0.000     0.000 r  
    W5                                                0.000     0.000 r  clkin (IN)
                         net (fo=0)                   0.000     0.000    not_so_slow/my_clk_inst/clkin
    W5                   IBUF (Prop_ibuf_I_O)         1.458     1.458 r  not_so_slow/my_clk_inst/clkin1_ibufg/O
                         net (fo=1, routed)           1.233     2.691    not_so_slow/my_clk_inst/clk_in1_clk_wiz_0
    MMCME2_ADV_X1Y0      MMCME2_ADV (Prop_mmcme2_adv_CLKIN1_CLKOUT0)
                                                     -6.961    -4.269 r  not_so_slow/my_clk_inst/mmcm_adv_inst/CLKOUT0
                         net (fo=1, routed)           1.661    -2.608    not_so_slow/slowclk/clk_int
    BUFGCTRL_X0Y0        BUFG (Prop_bufg_I_O)         0.096    -2.512 r  not_so_slow/slowclk/XLXI_401/O
                         net (fo=369, routed)         1.635    -0.877    rand/clk
    SLICE_X6Y4           FDRE                                         r  rand/lfsr_3/C
  -------------------------------------------------------------------    -------------------
    SLICE_X6Y4           FDRE (Prop_fdre_C_Q)         0.518    -0.359 r  rand/lfsr_3/Q
                         net (fo=28, routed)          1.197     0.838    rand/rnd_stream[3]
    SLICE_X0Y7           LUT4 (Prop_lut4_I2_O)        0.152     0.990 r  rand/SLOT_LAT_FF_0[1]_i_29/O
                         net (fo=4, routed)           0.994     1.985    rand/SLOT_LAT_FF_0[1]_i_29_n_0
    SLICE_X2Y6           LUT6 (Prop_lut6_I0_O)        0.332     2.317 r  rand/SLOT_LAT_FF_0[1]_i_24/O
                         net (fo=4, routed)           0.801     3.117    rand/SLOT_LAT_FF_0[1]_i_24_n_0
    SLICE_X1Y5           LUT6 (Prop_lut6_I4_O)        0.124     3.241 r  rand/SLOT_LAT_FF_0[1]_i_15/O
                         net (fo=3, routed)           0.862     4.103    rand/SLOT_LAT_FF_0[1]_i_15_n_0
    SLICE_X2Y5           LUT6 (Prop_lut6_I0_O)        0.124     4.227 f  rand/APPLEX_FF_0[3]_i_4/O
                         net (fo=1, routed)           0.339     4.566    rand/APPLEX_FF_0[3]_i_4_n_0
    SLICE_X3Y5           LUT6 (Prop_lut6_I3_O)        0.124     4.690 r  rand/APPLEX_FF_0[3]_i_2/O
                         net (fo=7, routed)           0.902     5.591    rand/APPLEX_FF_0[3]_i_2_n_0
    SLICE_X6Y5           LUT6 (Prop_lut6_I0_O)        0.124     5.715 r  rand/SLOT_LAT_FF_0[2]_i_2/O
                         net (fo=8, routed)           0.572     6.287    rand/SLOT_LAT_FF_1[0]
    SLICE_X9Y7           LUT3 (Prop_lut3_I0_O)        0.124     6.411 r  rand/SLOT_LAT_FF_0[2]_i_1/O
                         net (fo=21, routed)          1.484     7.895    rand/slot_use_0[2]
    SLICE_X2Y14          MUXF7 (Prop_muxf7_S_O)       0.292     8.187 r  rand/ff0_i_8/O
                         net (fo=3, routed)           0.842     9.029    rand/SLOT_LAT_FF_0[2]_1
    SLICE_X3Y12          LUT6 (Prop_lut6_I3_O)        0.297     9.326 r  rand/ff0_i_4__1/O
                         net (fo=8, routed)           1.091    10.416    rand/st3
    SLICE_X8Y6           LUT3 (Prop_lut3_I1_O)        0.124    10.540 r  rand/COLL_PREV0_i_59/O
                         net (fo=1, routed)           0.000    10.540    rand/COLL_PREV0_i_59_n_0
    SLICE_X8Y6           CARRY4 (Prop_carry4_S[0]_CO[3])
                                                      0.513    11.053 r  rand/COLL_PREV0_i_54/CO[3]
                         net (fo=1, routed)           0.000    11.053    rand/COLL_PREV0_i_54_n_0
    SLICE_X8Y7           CARRY4 (Prop_carry4_CI_O[1])
                                                      0.323    11.376 r  rand/COLL_PREV0_i_53/O[1]
                         net (fo=5, routed)           0.513    11.889    rand/appleX_draw_0[5]
    SLICE_X9Y9           CARRY4 (Prop_carry4_S[1]_CO[3])
                                                      0.856    12.745 r  rand/COLL_PREV0_i_55/CO[3]
                         net (fo=1, routed)           0.000    12.745    rand/COLL_PREV0_i_55_n_0
    SLICE_X9Y10          CARRY4 (Prop_carry4_CI_O[1])
                                                      0.334    13.079 r  rand/COLL_PREV0_i_50/O[1]
                         net (fo=4, routed)           0.821    13.900    rand/a0_x1[9]
    SLICE_X9Y12          LUT4 (Prop_lut4_I1_O)        0.303    14.203 r  rand/COLL_PREV0_i_30/O
                         net (fo=1, routed)           0.000    14.203    rand/COLL_PREV0_i_30_n_0
    SLICE_X9Y12          CARRY4 (Prop_carry4_S[0]_CO[3])
                                                      0.532    14.735 f  rand/COLL_PREV0_i_7/CO[3]
                         net (fo=1, routed)           0.747    15.482    rand/ov0_x026_in
    SLICE_X9Y16          LUT6 (Prop_lut6_I4_O)        0.124    15.606 f  rand/COLL_PREV0_i_2/O
                         net (fo=2, routed)           0.770    16.376    rand/COLL_PREV0_i_2_n_0
    SLICE_X12Y14         LUT2 (Prop_lut2_I0_O)        0.124    16.500 f  rand/CAUGHT_LAT_FF_i_2__0/O
                         net (fo=5, routed)           0.727    17.228    APPLE_FSM0/caught_pulse_0
    SLICE_X12Y8          LUT5 (Prop_lut5_I0_O)        0.124    17.352 r  APPLE_FSM0/MISSED_LAT_FF_i_1/O
                         net (fo=1, routed)           0.000    17.352    APPLE_FSM0/missed_lat_next
    SLICE_X12Y8          FDRE                                         r  APPLE_FSM0/MISSED_LAT_FF/D
  -------------------------------------------------------------------    -------------------

                         (clock clk_out1_clk_wiz_0 rise edge)
                                                     40.000    40.000 r  
    W5                                                0.000    40.000 r  clkin (IN)
                         net (fo=0)                   0.000    40.000    not_so_slow/my_clk_inst/clkin
    W5                   IBUF (Prop_ibuf_I_O)         1.388    41.388 r  not_so_slow/my_clk_inst/clkin1_ibufg/O
                         net (fo=1, routed)           1.162    42.550    not_so_slow/my_clk_inst/clk_in1_clk_wiz_0
    MMCME2_ADV_X1Y0      MMCME2_ADV (Prop_mmcme2_adv_CLKIN1_CLKOUT0)
                                                     -7.217    35.332 r  not_so_slow/my_clk_inst/mmcm_adv_inst/CLKOUT0
                         net (fo=1, routed)           1.581    36.914    not_so_slow/slowclk/clk_int
    BUFGCTRL_X0Y0        BUFG (Prop_bufg_I_O)         0.091    37.005 r  not_so_slow/slowclk/XLXI_401/O
                         net (fo=369, routed)         1.449    38.454    APPLE_FSM0/clk_out
    SLICE_X12Y8          FDRE                                         r  APPLE_FSM0/MISSED_LAT_FF/C
                         clock pessimism              0.564    39.017    
                         clock uncertainty           -0.094    38.923    
    SLICE_X12Y8          FDRE (Setup_fdre_C_D)        0.077    39.000    APPLE_FSM0/MISSED_LAT_FF
  -------------------------------------------------------------------
                         required time                         39.000    
                         arrival time                         -17.352    
  -------------------------------------------------------------------
                         slack                                 21.648    

Slack (MET) :             21.713ns  (required time - arrival time)
  Source:                 rand/lfsr_3/C
                            (rising edge-triggered cell FDRE clocked by clk_out1_clk_wiz_0  {rise@0.000ns fall@20.000ns period=40.000ns})
  Destination:            APPLE_FSM0/st4/D
                            (rising edge-triggered cell FDRE clocked by clk_out1_clk_wiz_0  {rise@0.000ns fall@20.000ns period=40.000ns})
  Path Group:             clk_out1_clk_wiz_0
  Path Type:              Setup (Max at Slow Process Corner)
  Requirement:            40.000ns  (clk_out1_clk_wiz_0 rise@40.000ns - clk_out1_clk_wiz_0 rise@0.000ns)
  Data Path Delay:        18.168ns  (logic 5.568ns (30.648%)  route 12.600ns (69.352%))
  Logic Levels:           19  (CARRY4=5 LUT2=1 LUT3=2 LUT4=2 LUT6=8 MUXF7=1)
  Clock Path Skew:        -0.106ns (DCD - SCD + CPR)
    Destination Clock Delay (DCD):    -1.546ns = ( 38.454 - 40.000 ) 
    Source Clock Delay      (SCD):    -0.877ns
    Clock Pessimism Removal (CPR):    0.564ns
  Clock Uncertainty:      0.094ns  ((TSJ^2 + DJ^2)^1/2) / 2 + PE
    Total System Jitter     (TSJ):    0.071ns
    Discrete Jitter          (DJ):    0.175ns
    Phase Error              (PE):    0.000ns

    Location             Delay type                Incr(ns)  Path(ns)    Netlist Resource(s)
  -------------------------------------------------------------------    -------------------
                         (clock clk_out1_clk_wiz_0 rise edge)
                                                      0.000     0.000 r  
    W5                                                0.000     0.000 r  clkin (IN)
                         net (fo=0)                   0.000     0.000    not_so_slow/my_clk_inst/clkin
    W5                   IBUF (Prop_ibuf_I_O)         1.458     1.458 r  not_so_slow/my_clk_inst/clkin1_ibufg/O
                         net (fo=1, routed)           1.233     2.691    not_so_slow/my_clk_inst/clk_in1_clk_wiz_0
    MMCME2_ADV_X1Y0      MMCME2_ADV (Prop_mmcme2_adv_CLKIN1_CLKOUT0)
                                                     -6.961    -4.269 r  not_so_slow/my_clk_inst/mmcm_adv_inst/CLKOUT0
                         net (fo=1, routed)           1.661    -2.608    not_so_slow/slowclk/clk_int
    BUFGCTRL_X0Y0        BUFG (Prop_bufg_I_O)         0.096    -2.512 r  not_so_slow/slowclk/XLXI_401/O
                         net (fo=369, routed)         1.635    -0.877    rand/clk
    SLICE_X6Y4           FDRE                                         r  rand/lfsr_3/C
  -------------------------------------------------------------------    -------------------
    SLICE_X6Y4           FDRE (Prop_fdre_C_Q)         0.518    -0.359 r  rand/lfsr_3/Q
                         net (fo=28, routed)          1.197     0.838    rand/rnd_stream[3]
    SLICE_X0Y7           LUT4 (Prop_lut4_I2_O)        0.152     0.990 r  rand/SLOT_LAT_FF_0[1]_i_29/O
                         net (fo=4, routed)           0.994     1.985    rand/SLOT_LAT_FF_0[1]_i_29_n_0
    SLICE_X2Y6           LUT6 (Prop_lut6_I0_O)        0.332     2.317 r  rand/SLOT_LAT_FF_0[1]_i_24/O
                         net (fo=4, routed)           0.801     3.117    rand/SLOT_LAT_FF_0[1]_i_24_n_0
    SLICE_X1Y5           LUT6 (Prop_lut6_I4_O)        0.124     3.241 r  rand/SLOT_LAT_FF_0[1]_i_15/O
                         net (fo=3, routed)           0.862     4.103    rand/SLOT_LAT_FF_0[1]_i_15_n_0
    SLICE_X2Y5           LUT6 (Prop_lut6_I0_O)        0.124     4.227 f  rand/APPLEX_FF_0[3]_i_4/O
                         net (fo=1, routed)           0.339     4.566    rand/APPLEX_FF_0[3]_i_4_n_0
    SLICE_X3Y5           LUT6 (Prop_lut6_I3_O)        0.124     4.690 r  rand/APPLEX_FF_0[3]_i_2/O
                         net (fo=7, routed)           0.902     5.591    rand/APPLEX_FF_0[3]_i_2_n_0
    SLICE_X6Y5           LUT6 (Prop_lut6_I0_O)        0.124     5.715 r  rand/SLOT_LAT_FF_0[2]_i_2/O
                         net (fo=8, routed)           0.572     6.287    rand/SLOT_LAT_FF_1[0]
    SLICE_X9Y7           LUT3 (Prop_lut3_I0_O)        0.124     6.411 r  rand/SLOT_LAT_FF_0[2]_i_1/O
                         net (fo=21, routed)          1.484     7.895    rand/slot_use_0[2]
    SLICE_X2Y14          MUXF7 (Prop_muxf7_S_O)       0.292     8.187 r  rand/ff0_i_8/O
                         net (fo=3, routed)           0.842     9.029    rand/SLOT_LAT_FF_0[2]_1
    SLICE_X3Y12          LUT6 (Prop_lut6_I3_O)        0.297     9.326 r  rand/ff0_i_4__1/O
                         net (fo=8, routed)           1.091    10.416    rand/st3
    SLICE_X8Y6           LUT3 (Prop_lut3_I1_O)        0.124    10.540 r  rand/COLL_PREV0_i_59/O
                         net (fo=1, routed)           0.000    10.540    rand/COLL_PREV0_i_59_n_0
    SLICE_X8Y6           CARRY4 (Prop_carry4_S[0]_CO[3])
                                                      0.513    11.053 r  rand/COLL_PREV0_i_54/CO[3]
                         net (fo=1, routed)           0.000    11.053    rand/COLL_PREV0_i_54_n_0
    SLICE_X8Y7           CARRY4 (Prop_carry4_CI_O[1])
                                                      0.323    11.376 r  rand/COLL_PREV0_i_53/O[1]
                         net (fo=5, routed)           0.513    11.889    rand/appleX_draw_0[5]
    SLICE_X9Y9           CARRY4 (Prop_carry4_S[1]_CO[3])
                                                      0.856    12.745 r  rand/COLL_PREV0_i_55/CO[3]
                         net (fo=1, routed)           0.000    12.745    rand/COLL_PREV0_i_55_n_0
    SLICE_X9Y10          CARRY4 (Prop_carry4_CI_O[1])
                                                      0.334    13.079 r  rand/COLL_PREV0_i_50/O[1]
                         net (fo=4, routed)           0.821    13.900    rand/a0_x1[9]
    SLICE_X9Y12          LUT4 (Prop_lut4_I1_O)        0.303    14.203 r  rand/COLL_PREV0_i_30/O
                         net (fo=1, routed)           0.000    14.203    rand/COLL_PREV0_i_30_n_0
    SLICE_X9Y12          CARRY4 (Prop_carry4_S[0]_CO[3])
                                                      0.532    14.735 f  rand/COLL_PREV0_i_7/CO[3]
                         net (fo=1, routed)           0.747    15.482    rand/ov0_x026_in
    SLICE_X9Y16          LUT6 (Prop_lut6_I4_O)        0.124    15.606 f  rand/COLL_PREV0_i_2/O
                         net (fo=2, routed)           0.770    16.376    rand/COLL_PREV0_i_2_n_0
    SLICE_X12Y14         LUT2 (Prop_lut2_I0_O)        0.124    16.500 f  rand/CAUGHT_LAT_FF_i_2__0/O
                         net (fo=5, routed)           0.667    17.167    APPLE_FSM0/caught_pulse_0
    SLICE_X12Y7          LUT6 (Prop_lut6_I0_O)        0.124    17.291 r  APPLE_FSM0/st4_i_1__0/O
                         net (fo=1, routed)           0.000    17.291    APPLE_FSM0/nxt_4
    SLICE_X12Y7          FDRE                                         r  APPLE_FSM0/st4/D
  -------------------------------------------------------------------    -------------------

                         (clock clk_out1_clk_wiz_0 rise edge)
                                                     40.000    40.000 r  
    W5                                                0.000    40.000 r  clkin (IN)
                         net (fo=0)                   0.000    40.000    not_so_slow/my_clk_inst/clkin
    W5                   IBUF (Prop_ibuf_I_O)         1.388    41.388 r  not_so_slow/my_clk_inst/clkin1_ibufg/O
                         net (fo=1, routed)           1.162    42.550    not_so_slow/my_clk_inst/clk_in1_clk_wiz_0
    MMCME2_ADV_X1Y0      MMCME2_ADV (Prop_mmcme2_adv_CLKIN1_CLKOUT0)
                                                     -7.217    35.332 r  not_so_slow/my_clk_inst/mmcm_adv_inst/CLKOUT0
                         net (fo=1, routed)           1.581    36.914    not_so_slow/slowclk/clk_int
    BUFGCTRL_X0Y0        BUFG (Prop_bufg_I_O)         0.091    37.005 r  not_so_slow/slowclk/XLXI_401/O
                         net (fo=369, routed)         1.449    38.454    APPLE_FSM0/clk_out
    SLICE_X12Y7          FDRE                                         r  APPLE_FSM0/st4/C
                         clock pessimism              0.564    39.017    
                         clock uncertainty           -0.094    38.923    
    SLICE_X12Y7          FDRE (Setup_fdre_C_D)        0.081    39.004    APPLE_FSM0/st4
  -------------------------------------------------------------------
                         required time                         39.004    
                         arrival time                         -17.291    
  -------------------------------------------------------------------
                         slack                                 21.713    

Slack (MET) :             21.720ns  (required time - arrival time)
  Source:                 rand/lfsr_3/C
                            (rising edge-triggered cell FDRE clocked by clk_out1_clk_wiz_0  {rise@0.000ns fall@20.000ns period=40.000ns})
  Destination:            APPLE_FSM0/CAUGHT_LAT_FF/D
                            (rising edge-triggered cell FDRE clocked by clk_out1_clk_wiz_0  {rise@0.000ns fall@20.000ns period=40.000ns})
  Path Group:             clk_out1_clk_wiz_0
  Path Type:              Setup (Max at Slow Process Corner)
  Requirement:            40.000ns  (clk_out1_clk_wiz_0 rise@40.000ns - clk_out1_clk_wiz_0 rise@0.000ns)
  Data Path Delay:        18.157ns  (logic 5.568ns (30.666%)  route 12.589ns (69.334%))
  Logic Levels:           19  (CARRY4=5 LUT2=1 LUT3=2 LUT4=2 LUT5=1 LUT6=7 MUXF7=1)
  Clock Path Skew:        -0.106ns (DCD - SCD + CPR)
    Destination Clock Delay (DCD):    -1.546ns = ( 38.454 - 40.000 ) 
    Source Clock Delay      (SCD):    -0.877ns
    Clock Pessimism Removal (CPR):    0.564ns
  Clock Uncertainty:      0.094ns  ((TSJ^2 + DJ^2)^1/2) / 2 + PE
    Total System Jitter     (TSJ):    0.071ns
    Discrete Jitter          (DJ):    0.175ns
    Phase Error              (PE):    0.000ns

    Location             Delay type                Incr(ns)  Path(ns)    Netlist Resource(s)
  -------------------------------------------------------------------    -------------------
                         (clock clk_out1_clk_wiz_0 rise edge)
                                                      0.000     0.000 r  
    W5                                                0.000     0.000 r  clkin (IN)
                         net (fo=0)                   0.000     0.000    not_so_slow/my_clk_inst/clkin
    W5                   IBUF (Prop_ibuf_I_O)         1.458     1.458 r  not_so_slow/my_clk_inst/clkin1_ibufg/O
                         net (fo=1, routed)           1.233     2.691    not_so_slow/my_clk_inst/clk_in1_clk_wiz_0
    MMCME2_ADV_X1Y0      MMCME2_ADV (Prop_mmcme2_adv_CLKIN1_CLKOUT0)
                                                     -6.961    -4.269 r  not_so_slow/my_clk_inst/mmcm_adv_inst/CLKOUT0
                         net (fo=1, routed)           1.661    -2.608    not_so_slow/slowclk/clk_int
    BUFGCTRL_X0Y0        BUFG (Prop_bufg_I_O)         0.096    -2.512 r  not_so_slow/slowclk/XLXI_401/O
                         net (fo=369, routed)         1.635    -0.877    rand/clk
    SLICE_X6Y4           FDRE                                         r  rand/lfsr_3/C
  -------------------------------------------------------------------    -------------------
    SLICE_X6Y4           FDRE (Prop_fdre_C_Q)         0.518    -0.359 r  rand/lfsr_3/Q
                         net (fo=28, routed)          1.197     0.838    rand/rnd_stream[3]
    SLICE_X0Y7           LUT4 (Prop_lut4_I2_O)        0.152     0.990 r  rand/SLOT_LAT_FF_0[1]_i_29/O
                         net (fo=4, routed)           0.994     1.985    rand/SLOT_LAT_FF_0[1]_i_29_n_0
    SLICE_X2Y6           LUT6 (Prop_lut6_I0_O)        0.332     2.317 r  rand/SLOT_LAT_FF_0[1]_i_24/O
                         net (fo=4, routed)           0.801     3.117    rand/SLOT_LAT_FF_0[1]_i_24_n_0
    SLICE_X1Y5           LUT6 (Prop_lut6_I4_O)        0.124     3.241 r  rand/SLOT_LAT_FF_0[1]_i_15/O
                         net (fo=3, routed)           0.862     4.103    rand/SLOT_LAT_FF_0[1]_i_15_n_0
    SLICE_X2Y5           LUT6 (Prop_lut6_I0_O)        0.124     4.227 f  rand/APPLEX_FF_0[3]_i_4/O
                         net (fo=1, routed)           0.339     4.566    rand/APPLEX_FF_0[3]_i_4_n_0
    SLICE_X3Y5           LUT6 (Prop_lut6_I3_O)        0.124     4.690 r  rand/APPLEX_FF_0[3]_i_2/O
                         net (fo=7, routed)           0.902     5.591    rand/APPLEX_FF_0[3]_i_2_n_0
    SLICE_X6Y5           LUT6 (Prop_lut6_I0_O)        0.124     5.715 r  rand/SLOT_LAT_FF_0[2]_i_2/O
                         net (fo=8, routed)           0.572     6.287    rand/SLOT_LAT_FF_1[0]
    SLICE_X9Y7           LUT3 (Prop_lut3_I0_O)        0.124     6.411 r  rand/SLOT_LAT_FF_0[2]_i_1/O
                         net (fo=21, routed)          1.484     7.895    rand/slot_use_0[2]
    SLICE_X2Y14          MUXF7 (Prop_muxf7_S_O)       0.292     8.187 r  rand/ff0_i_8/O
                         net (fo=3, routed)           0.842     9.029    rand/SLOT_LAT_FF_0[2]_1
    SLICE_X3Y12          LUT6 (Prop_lut6_I3_O)        0.297     9.326 r  rand/ff0_i_4__1/O
                         net (fo=8, routed)           1.091    10.416    rand/st3
    SLICE_X8Y6           LUT3 (Prop_lut3_I1_O)        0.124    10.540 r  rand/COLL_PREV0_i_59/O
                         net (fo=1, routed)           0.000    10.540    rand/COLL_PREV0_i_59_n_0
    SLICE_X8Y6           CARRY4 (Prop_carry4_S[0]_CO[3])
                                                      0.513    11.053 r  rand/COLL_PREV0_i_54/CO[3]
                         net (fo=1, routed)           0.000    11.053    rand/COLL_PREV0_i_54_n_0
    SLICE_X8Y7           CARRY4 (Prop_carry4_CI_O[1])
                                                      0.323    11.376 r  rand/COLL_PREV0_i_53/O[1]
                         net (fo=5, routed)           0.513    11.889    rand/appleX_draw_0[5]
    SLICE_X9Y9           CARRY4 (Prop_carry4_S[1]_CO[3])
                                                      0.856    12.745 r  rand/COLL_PREV0_i_55/CO[3]
                         net (fo=1, routed)           0.000    12.745    rand/COLL_PREV0_i_55_n_0
    SLICE_X9Y10          CARRY4 (Prop_carry4_CI_O[1])
                                                      0.334    13.079 r  rand/COLL_PREV0_i_50/O[1]
                         net (fo=4, routed)           0.821    13.900    rand/a0_x1[9]
    SLICE_X9Y12          LUT4 (Prop_lut4_I1_O)        0.303    14.203 r  rand/COLL_PREV0_i_30/O
                         net (fo=1, routed)           0.000    14.203    rand/COLL_PREV0_i_30_n_0
    SLICE_X9Y12          CARRY4 (Prop_carry4_S[0]_CO[3])
                                                      0.532    14.735 r  rand/COLL_PREV0_i_7/CO[3]
                         net (fo=1, routed)           0.747    15.482    rand/ov0_x026_in
    SLICE_X9Y16          LUT6 (Prop_lut6_I4_O)        0.124    15.606 r  rand/COLL_PREV0_i_2/O
                         net (fo=2, routed)           0.770    16.376    rand/COLL_PREV0_i_2_n_0
    SLICE_X12Y14         LUT2 (Prop_lut2_I0_O)        0.124    16.500 r  rand/CAUGHT_LAT_FF_i_2__0/O
                         net (fo=5, routed)           0.656    17.156    APPLE_FSM0/caught_pulse_0
    SLICE_X12Y7          LUT5 (Prop_lut5_I0_O)        0.124    17.280 r  APPLE_FSM0/CAUGHT_LAT_FF_i_1/O
                         net (fo=1, routed)           0.000    17.280    APPLE_FSM0/caught_lat_next
    SLICE_X12Y7          FDRE                                         r  APPLE_FSM0/CAUGHT_LAT_FF/D
  -------------------------------------------------------------------    -------------------

                         (clock clk_out1_clk_wiz_0 rise edge)
                                                     40.000    40.000 r  
    W5                                                0.000    40.000 r  clkin (IN)
                         net (fo=0)                   0.000    40.000    not_so_slow/my_clk_inst/clkin
    W5                   IBUF (Prop_ibuf_I_O)         1.388    41.388 r  not_so_slow/my_clk_inst/clkin1_ibufg/O
                         net (fo=1, routed)           1.162    42.550    not_so_slow/my_clk_inst/clk_in1_clk_wiz_0
    MMCME2_ADV_X1Y0      MMCME2_ADV (Prop_mmcme2_adv_CLKIN1_CLKOUT0)
                                                     -7.217    35.332 r  not_so_slow/my_clk_inst/mmcm_adv_inst/CLKOUT0
                         net (fo=1, routed)           1.581    36.914    not_so_slow/slowclk/clk_int
    BUFGCTRL_X0Y0        BUFG (Prop_bufg_I_O)         0.091    37.005 r  not_so_slow/slowclk/XLXI_401/O
                         net (fo=369, routed)         1.449    38.454    APPLE_FSM0/clk_out
    SLICE_X12Y7          FDRE                                         r  APPLE_FSM0/CAUGHT_LAT_FF/C
                         clock pessimism              0.564    39.017    
                         clock uncertainty           -0.094    38.923    
    SLICE_X12Y7          FDRE (Setup_fdre_C_D)        0.077    39.000    APPLE_FSM0/CAUGHT_LAT_FF
  -------------------------------------------------------------------
                         required time                         39.000    
                         arrival time                         -17.280    
  -------------------------------------------------------------------
                         slack                                 21.720    





Min Delay Paths
--------------------------------------------------------------------------------------
Slack (MET) :             0.141ns  (arrival time - required time)
  Source:                 RIP0_FF[4]/C
                            (rising edge-triggered cell FDRE clocked by clk_out1_clk_wiz_0  {rise@0.000ns fall@20.000ns period=40.000ns})
  Destination:            RIP0_FF[3]/D
                            (rising edge-triggered cell FDRE clocked by clk_out1_clk_wiz_0  {rise@0.000ns fall@20.000ns period=40.000ns})
  Path Group:             clk_out1_clk_wiz_0
  Path Type:              Hold (Min at Fast Process Corner)
  Requirement:            0.000ns  (clk_out1_clk_wiz_0 rise@0.000ns - clk_out1_clk_wiz_0 rise@0.000ns)
  Data Path Delay:        0.275ns  (logic 0.186ns (67.554%)  route 0.089ns (32.446%))
  Logic Levels:           1  (LUT6=1)
  Clock Path Skew:        0.013ns (DCD - SCD - CPR)
    Destination Clock Delay (DCD):    -0.826ns
    Source Clock Delay      (SCD):    -0.588ns
    Clock Pessimism Removal (CPR):    -0.250ns

    Location             Delay type                Incr(ns)  Path(ns)    Netlist Resource(s)
  -------------------------------------------------------------------    -------------------
                         (clock clk_out1_clk_wiz_0 rise edge)
                                                      0.000     0.000 r  
    W5                                                0.000     0.000 r  clkin (IN)
                         net (fo=0)                   0.000     0.000    not_so_slow/my_clk_inst/clkin
    W5                   IBUF (Prop_ibuf_I_O)         0.226     0.226 r  not_so_slow/my_clk_inst/clkin1_ibufg/O
                         net (fo=1, routed)           0.440     0.667    not_so_slow/my_clk_inst/clk_in1_clk_wiz_0
    MMCME2_ADV_X1Y0      MMCME2_ADV (Prop_mmcme2_adv_CLKIN1_CLKOUT0)
                                                     -2.360    -1.693 r  not_so_slow/my_clk_inst/mmcm_adv_inst/CLKOUT0
                         net (fo=1, routed)           0.486    -1.207    not_so_slow/slowclk/clk_int
    BUFGCTRL_X0Y0        BUFG (Prop_bufg_I_O)         0.026    -1.181 r  not_so_slow/slowclk/XLXI_401/O
                         net (fo=369, routed)         0.593    -0.588    clk
    SLICE_X3Y11          FDRE                                         r  RIP0_FF[4]/C
  -------------------------------------------------------------------    -------------------
    SLICE_X3Y11          FDRE (Prop_fdre_C_Q)         0.141    -0.447 r  RIP0_FF[4]/Q
                         net (fo=9, routed)           0.089    -0.358    rand/RIP0_FF[3][4]
    SLICE_X2Y11          LUT6 (Prop_lut6_I4_O)        0.045    -0.313 r  rand/RIP0_FF[3]_i_1/O
                         net (fo=1, routed)           0.000    -0.313    rip0_n[3]
    SLICE_X2Y11          FDRE                                         r  RIP0_FF[3]/D
  -------------------------------------------------------------------    -------------------

                         (clock clk_out1_clk_wiz_0 rise edge)
                                                      0.000     0.000 r  
    W5                                                0.000     0.000 r  clkin (IN)
                         net (fo=0)                   0.000     0.000    not_so_slow/my_clk_inst/clkin
    W5                   IBUF (Prop_ibuf_I_O)         0.414     0.414 r  not_so_slow/my_clk_inst/clkin1_ibufg/O
                         net (fo=1, routed)           0.480     0.894    not_so_slow/my_clk_inst/clk_in1_clk_wiz_0
    MMCME2_ADV_X1Y0      MMCME2_ADV (Prop_mmcme2_adv_CLKIN1_CLKOUT0)
                                                     -3.142    -2.248 r  not_so_slow/my_clk_inst/mmcm_adv_inst/CLKOUT0
                         net (fo=1, routed)           0.530    -1.718    not_so_slow/slowclk/clk_int
    BUFGCTRL_X0Y0        BUFG (Prop_bufg_I_O)         0.029    -1.689 r  not_so_slow/slowclk/XLXI_401/O
                         net (fo=369, routed)         0.864    -0.826    clk
    SLICE_X2Y11          FDRE                                         r  RIP0_FF[3]/C
                         clock pessimism              0.250    -0.575    
    SLICE_X2Y11          FDRE (Hold_fdre_C_D)         0.121    -0.454    RIP0_FF[3]
  -------------------------------------------------------------------
                         required time                          0.454    
                         arrival time                          -0.313    
  -------------------------------------------------------------------
                         slack                                  0.141    

Slack (MET) :             0.143ns  (arrival time - required time)
  Source:                 PA/HPX_counter/ff3/C
                            (rising edge-triggered cell FDRE clocked by clk_out1_clk_wiz_0  {rise@0.000ns fall@20.000ns period=40.000ns})
  Destination:            PA/HPX_counter/ff5/D
                            (rising edge-triggered cell FDRE clocked by clk_out1_clk_wiz_0  {rise@0.000ns fall@20.000ns period=40.000ns})
  Path Group:             clk_out1_clk_wiz_0
  Path Type:              Hold (Min at Fast Process Corner)
  Requirement:            0.000ns  (clk_out1_clk_wiz_0 rise@0.000ns - clk_out1_clk_wiz_0 rise@0.000ns)
  Data Path Delay:        0.276ns  (logic 0.186ns (67.333%)  route 0.090ns (32.667%))
  Logic Levels:           1  (LUT6=1)
  Clock Path Skew:        0.013ns (DCD - SCD - CPR)
    Destination Clock Delay (DCD):    -0.859ns
    Source Clock Delay      (SCD):    -0.619ns
    Clock Pessimism Removal (CPR):    -0.252ns

    Location             Delay type                Incr(ns)  Path(ns)    Netlist Resource(s)
  -------------------------------------------------------------------    -------------------
                         (clock clk_out1_clk_wiz_0 rise edge)
                                                      0.000     0.000 r  
    W5                                                0.000     0.000 r  clkin (IN)
                         net (fo=0)                   0.000     0.000    not_so_slow/my_clk_inst/clkin
    W5                   IBUF (Prop_ibuf_I_O)         0.226     0.226 r  not_so_slow/my_clk_inst/clkin1_ibufg/O
                         net (fo=1, routed)           0.440     0.667    not_so_slow/my_clk_inst/clk_in1_clk_wiz_0
    MMCME2_ADV_X1Y0      MMCME2_ADV (Prop_mmcme2_adv_CLKIN1_CLKOUT0)
                                                     -2.360    -1.693 r  not_so_slow/my_clk_inst/mmcm_adv_inst/CLKOUT0
                         net (fo=1, routed)           0.486    -1.207    not_so_slow/slowclk/clk_int
    BUFGCTRL_X0Y0        BUFG (Prop_bufg_I_O)         0.026    -1.181 r  not_so_slow/slowclk/XLXI_401/O
                         net (fo=369, routed)         0.562    -0.619    PA/HPX_counter/clk_out
    SLICE_X15Y13         FDRE                                         r  PA/HPX_counter/ff3/C
  -------------------------------------------------------------------    -------------------
    SLICE_X15Y13         FDRE (Prop_fdre_C_Q)         0.141    -0.478 r  PA/HPX_counter/ff3/Q
                         net (fo=36, routed)          0.090    -0.388    PA/HPX_counter/ff3_0
    SLICE_X14Y13         LUT6 (Prop_lut6_I0_O)        0.045    -0.343 r  PA/HPX_counter/ff5_i_1/O
                         net (fo=1, routed)           0.000    -0.343    PA/HPX_counter/d_next[5]
    SLICE_X14Y13         FDRE                                         r  PA/HPX_counter/ff5/D
  -------------------------------------------------------------------    -------------------

                         (clock clk_out1_clk_wiz_0 rise edge)
                                                      0.000     0.000 r  
    W5                                                0.000     0.000 r  clkin (IN)
                         net (fo=0)                   0.000     0.000    not_so_slow/my_clk_inst/clkin
    W5                   IBUF (Prop_ibuf_I_O)         0.414     0.414 r  not_so_slow/my_clk_inst/clkin1_ibufg/O
                         net (fo=1, routed)           0.480     0.894    not_so_slow/my_clk_inst/clk_in1_clk_wiz_0
    MMCME2_ADV_X1Y0      MMCME2_ADV (Prop_mmcme2_adv_CLKIN1_CLKOUT0)
                                                     -3.142    -2.248 r  not_so_slow/my_clk_inst/mmcm_adv_inst/CLKOUT0
                         net (fo=1, routed)           0.530    -1.718    not_so_slow/slowclk/clk_int
    BUFGCTRL_X0Y0        BUFG (Prop_bufg_I_O)         0.029    -1.689 r  not_so_slow/slowclk/XLXI_401/O
                         net (fo=369, routed)         0.831    -0.859    PA/HPX_counter/clk_out
    SLICE_X14Y13         FDRE                                         r  PA/HPX_counter/ff5/C
                         clock pessimism              0.252    -0.606    
    SLICE_X14Y13         FDRE (Hold_fdre_C_D)         0.120    -0.486    PA/HPX_counter/ff5
  -------------------------------------------------------------------
                         required time                          0.486    
                         arrival time                          -0.343    
  -------------------------------------------------------------------
                         slack                                  0.143    

Slack (MET) :             0.165ns  (arrival time - required time)
  Source:                 RIP4_FF[4]/C
                            (rising edge-triggered cell FDRE clocked by clk_out1_clk_wiz_0  {rise@0.000ns fall@20.000ns period=40.000ns})
  Destination:            RIP4_FF[5]/D
                            (rising edge-triggered cell FDRE clocked by clk_out1_clk_wiz_0  {rise@0.000ns fall@20.000ns period=40.000ns})
  Path Group:             clk_out1_clk_wiz_0
  Path Type:              Hold (Min at Fast Process Corner)
  Requirement:            0.000ns  (clk_out1_clk_wiz_0 rise@0.000ns - clk_out1_clk_wiz_0 rise@0.000ns)
  Data Path Delay:        0.311ns  (logic 0.189ns (60.679%)  route 0.122ns (39.321%))
  Logic Levels:           1  (LUT4=1)
  Clock Path Skew:        0.013ns (DCD - SCD - CPR)
    Destination Clock Delay (DCD):    -0.832ns
    Source Clock Delay      (SCD):    -0.592ns
    Clock Pessimism Removal (CPR):    -0.252ns

    Location             Delay type                Incr(ns)  Path(ns)    Netlist Resource(s)
  -------------------------------------------------------------------    -------------------
                         (clock clk_out1_clk_wiz_0 rise edge)
                                                      0.000     0.000 r  
    W5                                                0.000     0.000 r  clkin (IN)
                         net (fo=0)                   0.000     0.000    not_so_slow/my_clk_inst/clkin
    W5                   IBUF (Prop_ibuf_I_O)         0.226     0.226 r  not_so_slow/my_clk_inst/clkin1_ibufg/O
                         net (fo=1, routed)           0.440     0.667    not_so_slow/my_clk_inst/clk_in1_clk_wiz_0
    MMCME2_ADV_X1Y0      MMCME2_ADV (Prop_mmcme2_adv_CLKIN1_CLKOUT0)
                                                     -2.360    -1.693 r  not_so_slow/my_clk_inst/mmcm_adv_inst/CLKOUT0
                         net (fo=1, routed)           0.486    -1.207    not_so_slow/slowclk/clk_int
    BUFGCTRL_X0Y0        BUFG (Prop_bufg_I_O)         0.026    -1.181 r  not_so_slow/slowclk/XLXI_401/O
                         net (fo=369, routed)         0.589    -0.592    clk
    SLICE_X3Y17          FDRE                                         r  RIP4_FF[4]/C
  -------------------------------------------------------------------    -------------------
    SLICE_X3Y17          FDRE (Prop_fdre_C_Q)         0.141    -0.451 r  RIP4_FF[4]/Q
                         net (fo=8, routed)           0.122    -0.329    TC_o/u_cnt/RIP4_FF[5]_0[4]
    SLICE_X2Y17          LUT4 (Prop_lut4_I1_O)        0.048    -0.281 r  TC_o/u_cnt/RIP4_FF[5]_i_1/O
                         net (fo=1, routed)           0.000    -0.281    rip4_n[5]
    SLICE_X2Y17          FDRE                                         r  RIP4_FF[5]/D
  -------------------------------------------------------------------    -------------------

                         (clock clk_out1_clk_wiz_0 rise edge)
                                                      0.000     0.000 r  
    W5                                                0.000     0.000 r  clkin (IN)
                         net (fo=0)                   0.000     0.000    not_so_slow/my_clk_inst/clkin
    W5                   IBUF (Prop_ibuf_I_O)         0.414     0.414 r  not_so_slow/my_clk_inst/clkin1_ibufg/O
                         net (fo=1, routed)           0.480     0.894    not_so_slow/my_clk_inst/clk_in1_clk_wiz_0
    MMCME2_ADV_X1Y0      MMCME2_ADV (Prop_mmcme2_adv_CLKIN1_CLKOUT0)
                                                     -3.142    -2.248 r  not_so_slow/my_clk_inst/mmcm_adv_inst/CLKOUT0
                         net (fo=1, routed)           0.530    -1.718    not_so_slow/slowclk/clk_int
    BUFGCTRL_X0Y0        BUFG (Prop_bufg_I_O)         0.029    -1.689 r  not_so_slow/slowclk/XLXI_401/O
                         net (fo=369, routed)         0.858    -0.832    clk
    SLICE_X2Y17          FDRE                                         r  RIP4_FF[5]/C
                         clock pessimism              0.252    -0.579    
    SLICE_X2Y17          FDRE (Hold_fdre_C_D)         0.133    -0.446    RIP4_FF[5]
  -------------------------------------------------------------------
                         required time                          0.446    
                         arrival time                          -0.281    
  -------------------------------------------------------------------
                         slack                                  0.165    

Slack (MET) :             0.175ns  (arrival time - required time)
  Source:                 not_so_slow/slowclk/XLXI_38/I_Q0/I_36_35/C
                            (rising edge-triggered cell FDCE clocked by clk_out1_clk_wiz_0  {rise@0.000ns fall@20.000ns period=40.000ns})
  Destination:            not_so_slow/slowclk/XLXI_38/I_Q1/I_36_35/D
                            (rising edge-triggered cell FDCE clocked by clk_out1_clk_wiz_0  {rise@0.000ns fall@20.000ns period=40.000ns})
  Path Group:             clk_out1_clk_wiz_0
  Path Type:              Hold (Min at Fast Process Corner)
  Requirement:            0.000ns  (clk_out1_clk_wiz_0 rise@0.000ns - clk_out1_clk_wiz_0 rise@0.000ns)
  Data Path Delay:        0.308ns  (logic 0.186ns (60.486%)  route 0.122ns (39.514%))
  Logic Levels:           1  (LUT2=1)
  Clock Path Skew:        0.013ns (DCD - SCD - CPR)
    Destination Clock Delay (DCD):    -0.853ns
    Source Clock Delay      (SCD):    -0.614ns
    Clock Pessimism Removal (CPR):    -0.251ns

    Location             Delay type                Incr(ns)  Path(ns)    Netlist Resource(s)
  -------------------------------------------------------------------    -------------------
                         (clock clk_out1_clk_wiz_0 rise edge)
                                                      0.000     0.000 r  
    W5                                                0.000     0.000 r  clkin (IN)
                         net (fo=0)                   0.000     0.000    not_so_slow/my_clk_inst/clkin
    W5                   IBUF (Prop_ibuf_I_O)         0.226     0.226 r  not_so_slow/my_clk_inst/clkin1_ibufg/O
                         net (fo=1, routed)           0.440     0.667    not_so_slow/my_clk_inst/clk_in1_clk_wiz_0
    MMCME2_ADV_X1Y0      MMCME2_ADV (Prop_mmcme2_adv_CLKIN1_CLKOUT0)
                                                     -2.360    -1.693 r  not_so_slow/my_clk_inst/mmcm_adv_inst/CLKOUT0
                         net (fo=1, routed)           0.486    -1.207    not_so_slow/slowclk/clk_int
    BUFGCTRL_X0Y0        BUFG (Prop_bufg_I_O)         0.026    -1.181 r  not_so_slow/slowclk/XLXI_401/O
                         net (fo=369, routed)         0.567    -0.614    not_so_slow/slowclk/XLXI_38/I_Q0/clk_out
    SLICE_X15Y0          FDCE                                         r  not_so_slow/slowclk/XLXI_38/I_Q0/I_36_35/C
  -------------------------------------------------------------------    -------------------
    SLICE_X15Y0          FDCE (Prop_fdce_C_Q)         0.141    -0.473 r  not_so_slow/slowclk/XLXI_38/I_Q0/I_36_35/Q
                         net (fo=5, routed)           0.122    -0.352    not_so_slow/slowclk/XLXI_38/I_Q1/Q0
    SLICE_X14Y0          LUT2 (Prop_lut2_I0_O)        0.045    -0.307 r  not_so_slow/slowclk/XLXI_38/I_Q1/I_36_32/O
                         net (fo=1, routed)           0.000    -0.307    not_so_slow/slowclk/XLXI_38/I_Q1/TQ
    SLICE_X14Y0          FDCE                                         r  not_so_slow/slowclk/XLXI_38/I_Q1/I_36_35/D
  -------------------------------------------------------------------    -------------------

                         (clock clk_out1_clk_wiz_0 rise edge)
                                                      0.000     0.000 r  
    W5                                                0.000     0.000 r  clkin (IN)
                         net (fo=0)                   0.000     0.000    not_so_slow/my_clk_inst/clkin
    W5                   IBUF (Prop_ibuf_I_O)         0.414     0.414 r  not_so_slow/my_clk_inst/clkin1_ibufg/O
                         net (fo=1, routed)           0.480     0.894    not_so_slow/my_clk_inst/clk_in1_clk_wiz_0
    MMCME2_ADV_X1Y0      MMCME2_ADV (Prop_mmcme2_adv_CLKIN1_CLKOUT0)
                                                     -3.142    -2.248 r  not_so_slow/my_clk_inst/mmcm_adv_inst/CLKOUT0
                         net (fo=1, routed)           0.530    -1.718    not_so_slow/slowclk/clk_int
    BUFGCTRL_X0Y0        BUFG (Prop_bufg_I_O)         0.029    -1.689 r  not_so_slow/slowclk/XLXI_401/O
                         net (fo=369, routed)         0.837    -0.853    not_so_slow/slowclk/XLXI_38/I_Q1/clk_out
    SLICE_X14Y0          FDCE                                         r  not_so_slow/slowclk/XLXI_38/I_Q1/I_36_35/C
                         clock pessimism              0.251    -0.601    
    SLICE_X14Y0          FDCE (Hold_fdce_C_D)         0.120    -0.481    not_so_slow/slowclk/XLXI_38/I_Q1/I_36_35
  -------------------------------------------------------------------
                         required time                          0.481    
                         arrival time                          -0.307    
  -------------------------------------------------------------------
                         slack                                  0.175    

Slack (MET) :             0.175ns  (arrival time - required time)
  Source:                 not_so_slow/slowclk/XLXI_40/I_Q0/I_36_35/C
                            (rising edge-triggered cell FDCE clocked by clk_out1_clk_wiz_0  {rise@0.000ns fall@20.000ns period=40.000ns})
  Destination:            not_so_slow/slowclk/XLXI_40/I_Q1/I_36_35/D
                            (rising edge-triggered cell FDCE clocked by clk_out1_clk_wiz_0  {rise@0.000ns fall@20.000ns period=40.000ns})
  Path Group:             clk_out1_clk_wiz_0
  Path Type:              Hold (Min at Fast Process Corner)
  Requirement:            0.000ns  (clk_out1_clk_wiz_0 rise@0.000ns - clk_out1_clk_wiz_0 rise@0.000ns)
  Data Path Delay:        0.308ns  (logic 0.186ns (60.486%)  route 0.122ns (39.514%))
  Logic Levels:           1  (LUT2=1)
  Clock Path Skew:        0.013ns (DCD - SCD - CPR)
    Destination Clock Delay (DCD):    -0.853ns
    Source Clock Delay      (SCD):    -0.614ns
    Clock Pessimism Removal (CPR):    -0.251ns

    Location             Delay type                Incr(ns)  Path(ns)    Netlist Resource(s)
  -------------------------------------------------------------------    -------------------
                         (clock clk_out1_clk_wiz_0 rise edge)
                                                      0.000     0.000 r  
    W5                                                0.000     0.000 r  clkin (IN)
                         net (fo=0)                   0.000     0.000    not_so_slow/my_clk_inst/clkin
    W5                   IBUF (Prop_ibuf_I_O)         0.226     0.226 r  not_so_slow/my_clk_inst/clkin1_ibufg/O
                         net (fo=1, routed)           0.440     0.667    not_so_slow/my_clk_inst/clk_in1_clk_wiz_0
    MMCME2_ADV_X1Y0      MMCME2_ADV (Prop_mmcme2_adv_CLKIN1_CLKOUT0)
                                                     -2.360    -1.693 r  not_so_slow/my_clk_inst/mmcm_adv_inst/CLKOUT0
                         net (fo=1, routed)           0.486    -1.207    not_so_slow/slowclk/clk_int
    BUFGCTRL_X0Y0        BUFG (Prop_bufg_I_O)         0.026    -1.181 r  not_so_slow/slowclk/XLXI_401/O
                         net (fo=369, routed)         0.567    -0.614    not_so_slow/slowclk/XLXI_40/I_Q0/clk_out
    SLICE_X13Y0          FDCE                                         r  not_so_slow/slowclk/XLXI_40/I_Q0/I_36_35/C
  -------------------------------------------------------------------    -------------------
    SLICE_X13Y0          FDCE (Prop_fdce_C_Q)         0.141    -0.473 r  not_so_slow/slowclk/XLXI_40/I_Q0/I_36_35/Q
                         net (fo=5, routed)           0.122    -0.352    not_so_slow/slowclk/XLXI_40/I_Q1/Q0
    SLICE_X12Y0          LUT2 (Prop_lut2_I0_O)        0.045    -0.307 r  not_so_slow/slowclk/XLXI_40/I_Q1/I_36_32/O
                         net (fo=1, routed)           0.000    -0.307    not_so_slow/slowclk/XLXI_40/I_Q1/TQ
    SLICE_X12Y0          FDCE                                         r  not_so_slow/slowclk/XLXI_40/I_Q1/I_36_35/D
  -------------------------------------------------------------------    -------------------

                         (clock clk_out1_clk_wiz_0 rise edge)
                                                      0.000     0.000 r  
    W5                                                0.000     0.000 r  clkin (IN)
                         net (fo=0)                   0.000     0.000    not_so_slow/my_clk_inst/clkin
    W5                   IBUF (Prop_ibuf_I_O)         0.414     0.414 r  not_so_slow/my_clk_inst/clkin1_ibufg/O
                         net (fo=1, routed)           0.480     0.894    not_so_slow/my_clk_inst/clk_in1_clk_wiz_0
    MMCME2_ADV_X1Y0      MMCME2_ADV (Prop_mmcme2_adv_CLKIN1_CLKOUT0)
                                                     -3.142    -2.248 r  not_so_slow/my_clk_inst/mmcm_adv_inst/CLKOUT0
                         net (fo=1, routed)           0.530    -1.718    not_so_slow/slowclk/clk_int
    BUFGCTRL_X0Y0        BUFG (Prop_bufg_I_O)         0.029    -1.689 r  not_so_slow/slowclk/XLXI_401/O
                         net (fo=369, routed)         0.837    -0.853    not_so_slow/slowclk/XLXI_40/I_Q1/clk_out
    SLICE_X12Y0          FDCE                                         r  not_so_slow/slowclk/XLXI_40/I_Q1/I_36_35/C
                         clock pessimism              0.251    -0.601    
    SLICE_X12Y0          FDCE (Hold_fdce_C_D)         0.120    -0.481    not_so_slow/slowclk/XLXI_40/I_Q1/I_36_35
  -------------------------------------------------------------------
                         required time                          0.481    
                         arrival time                          -0.307    
  -------------------------------------------------------------------
                         slack                                  0.175    

Slack (MET) :             0.186ns  (arrival time - required time)
  Source:                 RAMP_TC_0/u_cnt/ff6/C
                            (rising edge-triggered cell FDRE clocked by clk_out1_clk_wiz_0  {rise@0.000ns fall@20.000ns period=40.000ns})
  Destination:            RAMP_TC_0/u_cnt/ff10/D
                            (rising edge-triggered cell FDRE clocked by clk_out1_clk_wiz_0  {rise@0.000ns fall@20.000ns period=40.000ns})
  Path Group:             clk_out1_clk_wiz_0
  Path Type:              Hold (Min at Fast Process Corner)
  Requirement:            0.000ns  (clk_out1_clk_wiz_0 rise@0.000ns - clk_out1_clk_wiz_0 rise@0.000ns)
  Data Path Delay:        0.319ns  (logic 0.186ns (58.378%)  route 0.133ns (41.622%))
  Logic Levels:           1  (LUT6=1)
  Clock Path Skew:        0.013ns (DCD - SCD - CPR)
    Destination Clock Delay (DCD):    -0.864ns
    Source Clock Delay      (SCD):    -0.623ns
    Clock Pessimism Removal (CPR):    -0.253ns

    Location             Delay type                Incr(ns)  Path(ns)    Netlist Resource(s)
  -------------------------------------------------------------------    -------------------
                         (clock clk_out1_clk_wiz_0 rise edge)
                                                      0.000     0.000 r  
    W5                                                0.000     0.000 r  clkin (IN)
                         net (fo=0)                   0.000     0.000    not_so_slow/my_clk_inst/clkin
    W5                   IBUF (Prop_ibuf_I_O)         0.226     0.226 r  not_so_slow/my_clk_inst/clkin1_ibufg/O
                         net (fo=1, routed)           0.440     0.667    not_so_slow/my_clk_inst/clk_in1_clk_wiz_0
    MMCME2_ADV_X1Y0      MMCME2_ADV (Prop_mmcme2_adv_CLKIN1_CLKOUT0)
                                                     -2.360    -1.693 r  not_so_slow/my_clk_inst/mmcm_adv_inst/CLKOUT0
                         net (fo=1, routed)           0.486    -1.207    not_so_slow/slowclk/clk_int
    BUFGCTRL_X0Y0        BUFG (Prop_bufg_I_O)         0.026    -1.181 r  not_so_slow/slowclk/XLXI_401/O
                         net (fo=369, routed)         0.558    -0.623    RAMP_TC_0/u_cnt/clk_out
    SLICE_X15Y19         FDRE                                         r  RAMP_TC_0/u_cnt/ff6/C
  -------------------------------------------------------------------    -------------------
    SLICE_X15Y19         FDRE (Prop_fdre_C_Q)         0.141    -0.482 r  RAMP_TC_0/u_cnt/ff6/Q
                         net (fo=8, routed)           0.133    -0.350    RAMP_TC_0/u_cnt/ramp_count_0[6]
    SLICE_X14Y19         LUT6 (Prop_lut6_I1_O)        0.045    -0.305 r  RAMP_TC_0/u_cnt/ff10_i_1__1/O
                         net (fo=1, routed)           0.000    -0.305    RAMP_TC_0/u_cnt/alu_sum[10]
    SLICE_X14Y19         FDRE                                         r  RAMP_TC_0/u_cnt/ff10/D
  -------------------------------------------------------------------    -------------------

                         (clock clk_out1_clk_wiz_0 rise edge)
                                                      0.000     0.000 r  
    W5                                                0.000     0.000 r  clkin (IN)
                         net (fo=0)                   0.000     0.000    not_so_slow/my_clk_inst/clkin
    W5                   IBUF (Prop_ibuf_I_O)         0.414     0.414 r  not_so_slow/my_clk_inst/clkin1_ibufg/O
                         net (fo=1, routed)           0.480     0.894    not_so_slow/my_clk_inst/clk_in1_clk_wiz_0
    MMCME2_ADV_X1Y0      MMCME2_ADV (Prop_mmcme2_adv_CLKIN1_CLKOUT0)
                                                     -3.142    -2.248 r  not_so_slow/my_clk_inst/mmcm_adv_inst/CLKOUT0
                         net (fo=1, routed)           0.530    -1.718    not_so_slow/slowclk/clk_int
    BUFGCTRL_X0Y0        BUFG (Prop_bufg_I_O)         0.029    -1.689 r  not_so_slow/slowclk/XLXI_401/O
                         net (fo=369, routed)         0.826    -0.864    RAMP_TC_0/u_cnt/clk_out
    SLICE_X14Y19         FDRE                                         r  RAMP_TC_0/u_cnt/ff10/C
                         clock pessimism              0.253    -0.610    
    SLICE_X14Y19         FDRE (Hold_fdre_C_D)         0.120    -0.490    RAMP_TC_0/u_cnt/ff10
  -------------------------------------------------------------------
                         required time                          0.490    
                         arrival time                          -0.305    
  -------------------------------------------------------------------
                         slack                                  0.186    

Slack (MET) :             0.193ns  (arrival time - required time)
  Source:                 APPLE_FSM0/MISSED_LAT_FF/C
                            (rising edge-triggered cell FDRE clocked by clk_out1_clk_wiz_0  {rise@0.000ns fall@20.000ns period=40.000ns})
  Destination:            APPLE_FSM0/st7/D
                            (rising edge-triggered cell FDRE clocked by clk_out1_clk_wiz_0  {rise@0.000ns fall@20.000ns period=40.000ns})
  Path Group:             clk_out1_clk_wiz_0
  Path Type:              Hold (Min at Fast Process Corner)
  Requirement:            0.000ns  (clk_out1_clk_wiz_0 rise@0.000ns - clk_out1_clk_wiz_0 rise@0.000ns)
  Data Path Delay:        0.330ns  (logic 0.209ns (63.280%)  route 0.121ns (36.720%))
  Logic Levels:           1  (LUT2=1)
  Clock Path Skew:        0.016ns (DCD - SCD - CPR)
    Destination Clock Delay (DCD):    -0.855ns
    Source Clock Delay      (SCD):    -0.616ns
    Clock Pessimism Removal (CPR):    -0.254ns

    Location             Delay type                Incr(ns)  Path(ns)    Netlist Resource(s)
  -------------------------------------------------------------------    -------------------
                         (clock clk_out1_clk_wiz_0 rise edge)
                                                      0.000     0.000 r  
    W5                                                0.000     0.000 r  clkin (IN)
                         net (fo=0)                   0.000     0.000    not_so_slow/my_clk_inst/clkin
    W5                   IBUF (Prop_ibuf_I_O)         0.226     0.226 r  not_so_slow/my_clk_inst/clkin1_ibufg/O
                         net (fo=1, routed)           0.440     0.667    not_so_slow/my_clk_inst/clk_in1_clk_wiz_0
    MMCME2_ADV_X1Y0      MMCME2_ADV (Prop_mmcme2_adv_CLKIN1_CLKOUT0)
                                                     -2.360    -1.693 r  not_so_slow/my_clk_inst/mmcm_adv_inst/CLKOUT0
                         net (fo=1, routed)           0.486    -1.207    not_so_slow/slowclk/clk_int
    BUFGCTRL_X0Y0        BUFG (Prop_bufg_I_O)         0.026    -1.181 r  not_so_slow/slowclk/XLXI_401/O
                         net (fo=369, routed)         0.565    -0.616    APPLE_FSM0/clk_out
    SLICE_X12Y8          FDRE                                         r  APPLE_FSM0/MISSED_LAT_FF/C
  -------------------------------------------------------------------    -------------------
    SLICE_X12Y8          FDRE (Prop_fdre_C_Q)         0.164    -0.452 r  APPLE_FSM0/MISSED_LAT_FF/Q
                         net (fo=2, routed)           0.121    -0.331    APPLE_FSM0/missed_lat
    SLICE_X12Y7          LUT2 (Prop_lut2_I1_O)        0.045    -0.286 r  APPLE_FSM0/st7_i_1/O
                         net (fo=1, routed)           0.000    -0.286    APPLE_FSM0/nxt_7
    SLICE_X12Y7          FDRE                                         r  APPLE_FSM0/st7/D
  -------------------------------------------------------------------    -------------------

                         (clock clk_out1_clk_wiz_0 rise edge)
                                                      0.000     0.000 r  
    W5                                                0.000     0.000 r  clkin (IN)
                         net (fo=0)                   0.000     0.000    not_so_slow/my_clk_inst/clkin
    W5                   IBUF (Prop_ibuf_I_O)         0.414     0.414 r  not_so_slow/my_clk_inst/clkin1_ibufg/O
                         net (fo=1, routed)           0.480     0.894    not_so_slow/my_clk_inst/clk_in1_clk_wiz_0
    MMCME2_ADV_X1Y0      MMCME2_ADV (Prop_mmcme2_adv_CLKIN1_CLKOUT0)
                                                     -3.142    -2.248 r  not_so_slow/my_clk_inst/mmcm_adv_inst/CLKOUT0
                         net (fo=1, routed)           0.530    -1.718    not_so_slow/slowclk/clk_int
    BUFGCTRL_X0Y0        BUFG (Prop_bufg_I_O)         0.029    -1.689 r  not_so_slow/slowclk/XLXI_401/O
                         net (fo=369, routed)         0.835    -0.855    APPLE_FSM0/clk_out
    SLICE_X12Y7          FDRE                                         r  APPLE_FSM0/st7/C
                         clock pessimism              0.254    -0.600    
    SLICE_X12Y7          FDRE (Hold_fdre_C_D)         0.121    -0.479    APPLE_FSM0/st7
  -------------------------------------------------------------------
                         required time                          0.479    
                         arrival time                          -0.286    
  -------------------------------------------------------------------
                         slack                                  0.193    

Slack (MET) :             0.197ns  (arrival time - required time)
  Source:                 RIP4_FF[0]/C
                            (rising edge-triggered cell FDRE clocked by clk_out1_clk_wiz_0  {rise@0.000ns fall@20.000ns period=40.000ns})
  Destination:            RIP4_FF[1]/D
                            (rising edge-triggered cell FDRE clocked by clk_out1_clk_wiz_0  {rise@0.000ns fall@20.000ns period=40.000ns})
  Path Group:             clk_out1_clk_wiz_0
  Path Type:              Hold (Min at Fast Process Corner)
  Requirement:            0.000ns  (clk_out1_clk_wiz_0 rise@0.000ns - clk_out1_clk_wiz_0 rise@0.000ns)
  Data Path Delay:        0.330ns  (logic 0.186ns (56.412%)  route 0.144ns (43.588%))
  Logic Levels:           1  (LUT5=1)
  Clock Path Skew:        0.013ns (DCD - SCD - CPR)
    Destination Clock Delay (DCD):    -0.833ns
    Source Clock Delay      (SCD):    -0.593ns
    Clock Pessimism Removal (CPR):    -0.252ns

    Location             Delay type                Incr(ns)  Path(ns)    Netlist Resource(s)
  -------------------------------------------------------------------    -------------------
                         (clock clk_out1_clk_wiz_0 rise edge)
                                                      0.000     0.000 r  
    W5                                                0.000     0.000 r  clkin (IN)
                         net (fo=0)                   0.000     0.000    not_so_slow/my_clk_inst/clkin
    W5                   IBUF (Prop_ibuf_I_O)         0.226     0.226 r  not_so_slow/my_clk_inst/clkin1_ibufg/O
                         net (fo=1, routed)           0.440     0.667    not_so_slow/my_clk_inst/clk_in1_clk_wiz_0
    MMCME2_ADV_X1Y0      MMCME2_ADV (Prop_mmcme2_adv_CLKIN1_CLKOUT0)
                                                     -2.360    -1.693 r  not_so_slow/my_clk_inst/mmcm_adv_inst/CLKOUT0
                         net (fo=1, routed)           0.486    -1.207    not_so_slow/slowclk/clk_int
    BUFGCTRL_X0Y0        BUFG (Prop_bufg_I_O)         0.026    -1.181 r  not_so_slow/slowclk/XLXI_401/O
                         net (fo=369, routed)         0.588    -0.593    clk
    SLICE_X3Y18          FDRE                                         r  RIP4_FF[0]/C
  -------------------------------------------------------------------    -------------------
    SLICE_X3Y18          FDRE (Prop_fdre_C_Q)         0.141    -0.452 r  RIP4_FF[0]/Q
                         net (fo=8, routed)           0.144    -0.309    TC_o/u_cnt/RIP4_FF[5]_0[0]
    SLICE_X2Y18          LUT5 (Prop_lut5_I2_O)        0.045    -0.264 r  TC_o/u_cnt/RIP4_FF[1]_i_1/O
                         net (fo=1, routed)           0.000    -0.264    rip4_n[1]
    SLICE_X2Y18          FDRE                                         r  RIP4_FF[1]/D
  -------------------------------------------------------------------    -------------------

                         (clock clk_out1_clk_wiz_0 rise edge)
                                                      0.000     0.000 r  
    W5                                                0.000     0.000 r  clkin (IN)
                         net (fo=0)                   0.000     0.000    not_so_slow/my_clk_inst/clkin
    W5                   IBUF (Prop_ibuf_I_O)         0.414     0.414 r  not_so_slow/my_clk_inst/clkin1_ibufg/O
                         net (fo=1, routed)           0.480     0.894    not_so_slow/my_clk_inst/clk_in1_clk_wiz_0
    MMCME2_ADV_X1Y0      MMCME2_ADV (Prop_mmcme2_adv_CLKIN1_CLKOUT0)
                                                     -3.142    -2.248 r  not_so_slow/my_clk_inst/mmcm_adv_inst/CLKOUT0
                         net (fo=1, routed)           0.530    -1.718    not_so_slow/slowclk/clk_int
    BUFGCTRL_X0Y0        BUFG (Prop_bufg_I_O)         0.029    -1.689 r  not_so_slow/slowclk/XLXI_401/O
                         net (fo=369, routed)         0.857    -0.833    clk
    SLICE_X2Y18          FDRE                                         r  RIP4_FF[1]/C
                         clock pessimism              0.252    -0.580    
    SLICE_X2Y18          FDRE (Hold_fdre_C_D)         0.120    -0.460    RIP4_FF[1]
  -------------------------------------------------------------------
                         required time                          0.460    
                         arrival time                          -0.264    
  -------------------------------------------------------------------
                         slack                                  0.197    

Slack (MET) :             0.198ns  (arrival time - required time)
  Source:                 FLASH_TC_0/u_cnt/ff14/C
                            (rising edge-triggered cell FDRE clocked by clk_out1_clk_wiz_0  {rise@0.000ns fall@20.000ns period=40.000ns})
  Destination:            FLASH_TC_0/u_cnt/ff15/D
                            (rising edge-triggered cell FDRE clocked by clk_out1_clk_wiz_0  {rise@0.000ns fall@20.000ns period=40.000ns})
  Path Group:             clk_out1_clk_wiz_0
  Path Type:              Hold (Min at Fast Process Corner)
  Requirement:            0.000ns  (clk_out1_clk_wiz_0 rise@0.000ns - clk_out1_clk_wiz_0 rise@0.000ns)
  Data Path Delay:        0.319ns  (logic 0.246ns (77.156%)  route 0.073ns (22.844%))
  Logic Levels:           1  (LUT6=1)
  Clock Path Skew:        0.000ns (DCD - SCD - CPR)
    Destination Clock Delay (DCD):    -0.854ns
    Source Clock Delay      (SCD):    -0.615ns
    Clock Pessimism Removal (CPR):    -0.238ns

    Location             Delay type                Incr(ns)  Path(ns)    Netlist Resource(s)
  -------------------------------------------------------------------    -------------------
                         (clock clk_out1_clk_wiz_0 rise edge)
                                                      0.000     0.000 r  
    W5                                                0.000     0.000 r  clkin (IN)
                         net (fo=0)                   0.000     0.000    not_so_slow/my_clk_inst/clkin
    W5                   IBUF (Prop_ibuf_I_O)         0.226     0.226 r  not_so_slow/my_clk_inst/clkin1_ibufg/O
                         net (fo=1, routed)           0.440     0.667    not_so_slow/my_clk_inst/clk_in1_clk_wiz_0
    MMCME2_ADV_X1Y0      MMCME2_ADV (Prop_mmcme2_adv_CLKIN1_CLKOUT0)
                                                     -2.360    -1.693 r  not_so_slow/my_clk_inst/mmcm_adv_inst/CLKOUT0
                         net (fo=1, routed)           0.486    -1.207    not_so_slow/slowclk/clk_int
    BUFGCTRL_X0Y0        BUFG (Prop_bufg_I_O)         0.026    -1.181 r  not_so_slow/slowclk/XLXI_401/O
                         net (fo=369, routed)         0.566    -0.615    FLASH_TC_0/u_cnt/clk_out
    SLICE_X14Y6          FDRE                                         r  FLASH_TC_0/u_cnt/ff14/C
  -------------------------------------------------------------------    -------------------
    SLICE_X14Y6          FDRE (Prop_fdre_C_Q)         0.148    -0.467 r  FLASH_TC_0/u_cnt/ff14/Q
                         net (fo=3, routed)           0.073    -0.395    FLASH_TC_0/u_cnt/flash_count_0[14]
    SLICE_X14Y6          LUT6 (Prop_lut6_I4_O)        0.098    -0.297 r  FLASH_TC_0/u_cnt/ff15_i_1__2/O
                         net (fo=1, routed)           0.000    -0.297    FLASH_TC_0/u_cnt/alu_sum[15]
    SLICE_X14Y6          FDRE                                         r  FLASH_TC_0/u_cnt/ff15/D
  -------------------------------------------------------------------    -------------------

                         (clock clk_out1_clk_wiz_0 rise edge)
                                                      0.000     0.000 r  
    W5                                                0.000     0.000 r  clkin (IN)
                         net (fo=0)                   0.000     0.000    not_so_slow/my_clk_inst/clkin
    W5                   IBUF (Prop_ibuf_I_O)         0.414     0.414 r  not_so_slow/my_clk_inst/clkin1_ibufg/O
                         net (fo=1, routed)           0.480     0.894    not_so_slow/my_clk_inst/clk_in1_clk_wiz_0
    MMCME2_ADV_X1Y0      MMCME2_ADV (Prop_mmcme2_adv_CLKIN1_CLKOUT0)
                                                     -3.142    -2.248 r  not_so_slow/my_clk_inst/mmcm_adv_inst/CLKOUT0
                         net (fo=1, routed)           0.530    -1.718    not_so_slow/slowclk/clk_int
    BUFGCTRL_X0Y0        BUFG (Prop_bufg_I_O)         0.029    -1.689 r  not_so_slow/slowclk/XLXI_401/O
                         net (fo=369, routed)         0.836    -0.854    FLASH_TC_0/u_cnt/clk_out
    SLICE_X14Y6          FDRE                                         r  FLASH_TC_0/u_cnt/ff15/C
                         clock pessimism              0.238    -0.615    
    SLICE_X14Y6          FDRE (Hold_fdre_C_D)         0.121    -0.494    FLASH_TC_0/u_cnt/ff15
  -------------------------------------------------------------------
                         required time                          0.494    
                         arrival time                          -0.297    
  -------------------------------------------------------------------
                         slack                                  0.198    

Slack (MET) :             0.200ns  (arrival time - required time)
  Source:                 RIP4_FF[0]/C
                            (rising edge-triggered cell FDRE clocked by clk_out1_clk_wiz_0  {rise@0.000ns fall@20.000ns period=40.000ns})
  Destination:            RIP4_FF[2]/D
                            (rising edge-triggered cell FDRE clocked by clk_out1_clk_wiz_0  {rise@0.000ns fall@20.000ns period=40.000ns})
  Path Group:             clk_out1_clk_wiz_0
  Path Type:              Hold (Min at Fast Process Corner)
  Requirement:            0.000ns  (clk_out1_clk_wiz_0 rise@0.000ns - clk_out1_clk_wiz_0 rise@0.000ns)
  Data Path Delay:        0.334ns  (logic 0.186ns (55.736%)  route 0.148ns (44.264%))
  Logic Levels:           1  (LUT6=1)
  Clock Path Skew:        0.013ns (DCD - SCD - CPR)
    Destination Clock Delay (DCD):    -0.833ns
    Source Clock Delay      (SCD):    -0.593ns
    Clock Pessimism Removal (CPR):    -0.252ns

    Location             Delay type                Incr(ns)  Path(ns)    Netlist Resource(s)
  -------------------------------------------------------------------    -------------------
                         (clock clk_out1_clk_wiz_0 rise edge)
                                                      0.000     0.000 r  
    W5                                                0.000     0.000 r  clkin (IN)
                         net (fo=0)                   0.000     0.000    not_so_slow/my_clk_inst/clkin
    W5                   IBUF (Prop_ibuf_I_O)         0.226     0.226 r  not_so_slow/my_clk_inst/clkin1_ibufg/O
                         net (fo=1, routed)           0.440     0.667    not_so_slow/my_clk_inst/clk_in1_clk_wiz_0
    MMCME2_ADV_X1Y0      MMCME2_ADV (Prop_mmcme2_adv_CLKIN1_CLKOUT0)
                                                     -2.360    -1.693 r  not_so_slow/my_clk_inst/mmcm_adv_inst/CLKOUT0
                         net (fo=1, routed)           0.486    -1.207    not_so_slow/slowclk/clk_int
    BUFGCTRL_X0Y0        BUFG (Prop_bufg_I_O)         0.026    -1.181 r  not_so_slow/slowclk/XLXI_401/O
                         net (fo=369, routed)         0.588    -0.593    clk
    SLICE_X3Y18          FDRE                                         r  RIP4_FF[0]/C
  -------------------------------------------------------------------    -------------------
    SLICE_X3Y18          FDRE (Prop_fdre_C_Q)         0.141    -0.452 r  RIP4_FF[0]/Q
                         net (fo=8, routed)           0.148    -0.305    TC_o/u_cnt/RIP4_FF[5]_0[0]
    SLICE_X2Y18          LUT6 (Prop_lut6_I4_O)        0.045    -0.260 r  TC_o/u_cnt/RIP4_FF[2]_i_1/O
                         net (fo=1, routed)           0.000    -0.260    rip4_n[2]
    SLICE_X2Y18          FDRE                                         r  RIP4_FF[2]/D
  -------------------------------------------------------------------    -------------------

                         (clock clk_out1_clk_wiz_0 rise edge)
                                                      0.000     0.000 r  
    W5                                                0.000     0.000 r  clkin (IN)
                         net (fo=0)                   0.000     0.000    not_so_slow/my_clk_inst/clkin
    W5                   IBUF (Prop_ibuf_I_O)         0.414     0.414 r  not_so_slow/my_clk_inst/clkin1_ibufg/O
                         net (fo=1, routed)           0.480     0.894    not_so_slow/my_clk_inst/clk_in1_clk_wiz_0
    MMCME2_ADV_X1Y0      MMCME2_ADV (Prop_mmcme2_adv_CLKIN1_CLKOUT0)
                                                     -3.142    -2.248 r  not_so_slow/my_clk_inst/mmcm_adv_inst/CLKOUT0
                         net (fo=1, routed)           0.530    -1.718    not_so_slow/slowclk/clk_int
    BUFGCTRL_X0Y0        BUFG (Prop_bufg_I_O)         0.029    -1.689 r  not_so_slow/slowclk/XLXI_401/O
                         net (fo=369, routed)         0.857    -0.833    clk
    SLICE_X2Y18          FDRE                                         r  RIP4_FF[2]/C
                         clock pessimism              0.252    -0.580    
    SLICE_X2Y18          FDRE (Hold_fdre_C_D)         0.121    -0.459    RIP4_FF[2]
  -------------------------------------------------------------------
                         required time                          0.459    
                         arrival time                          -0.260    
  -------------------------------------------------------------------
                         slack                                  0.200    





Pulse Width Checks
--------------------------------------------------------------------------------------
Clock Name:         clk_out1_clk_wiz_0
Waveform(ns):       { 0.000 20.000 }
Period(ns):         40.000
Sources:            { not_so_slow/my_clk_inst/mmcm_adv_inst/CLKOUT0 }

Check Type        Corner  Lib Pin             Reference Pin  Required(ns)  Actual(ns)  Slack(ns)  Location         Pin
Min Period        n/a     BUFG/I              n/a            2.155         40.000      37.845     BUFGCTRL_X0Y0    not_so_slow/slowclk/XLXI_401/I
Min Period        n/a     MMCME2_ADV/CLKOUT0  n/a            1.249         40.000      38.751     MMCME2_ADV_X1Y0  not_so_slow/my_clk_inst/mmcm_adv_inst/CLKOUT0
Min Period        n/a     FDRE/C              n/a            1.000         40.000      39.000     SLICE_X7Y6       APPLEX_FF_0[0]/C
Min Period        n/a     FDRE/C              n/a            1.000         40.000      39.000     SLICE_X7Y6       APPLEX_FF_0[1]/C
Min Period        n/a     FDRE/C              n/a            1.000         40.000      39.000     SLICE_X7Y6       APPLEX_FF_0[2]/C
Min Period        n/a     FDRE/C              n/a            1.000         40.000      39.000     SLICE_X7Y6       APPLEX_FF_0[3]/C
Min Period        n/a     FDRE/C              n/a            1.000         40.000      39.000     SLICE_X9Y7       APPLEX_FF_0[4]/C
Min Period        n/a     FDRE/C              n/a            1.000         40.000      39.000     SLICE_X9Y7       APPLEX_FF_0[5]/C
Min Period        n/a     FDRE/C              n/a            1.000         40.000      39.000     SLICE_X9Y7       APPLEX_FF_0[6]/C
Min Period        n/a     FDRE/C              n/a            1.000         40.000      39.000     SLICE_X7Y5       APPLEX_FF_0[7]/C
Max Period        n/a     MMCME2_ADV/CLKOUT0  n/a            213.360       40.000      173.360    MMCME2_ADV_X1Y0  not_so_slow/my_clk_inst/mmcm_adv_inst/CLKOUT0
Low Pulse Width   Slow    FDRE/C              n/a            0.500         20.000      19.500     SLICE_X7Y6       APPLEX_FF_0[0]/C
Low Pulse Width   Fast    FDRE/C              n/a            0.500         20.000      19.500     SLICE_X7Y6       APPLEX_FF_0[0]/C
Low Pulse Width   Slow    FDRE/C              n/a            0.500         20.000      19.500     SLICE_X7Y6       APPLEX_FF_0[1]/C
Low Pulse Width   Fast    FDRE/C              n/a            0.500         20.000      19.500     SLICE_X7Y6       APPLEX_FF_0[1]/C
Low Pulse Width   Slow    FDRE/C              n/a            0.500         20.000      19.500     SLICE_X7Y6       APPLEX_FF_0[2]/C
Low Pulse Width   Fast    FDRE/C              n/a            0.500         20.000      19.500     SLICE_X7Y6       APPLEX_FF_0[2]/C
Low Pulse Width   Slow    FDRE/C              n/a            0.500         20.000      19.500     SLICE_X7Y6       APPLEX_FF_0[3]/C
Low Pulse Width   Fast    FDRE/C              n/a            0.500         20.000      19.500     SLICE_X7Y6       APPLEX_FF_0[3]/C
Low Pulse Width   Slow    FDRE/C              n/a            0.500         20.000      19.500     SLICE_X9Y7       APPLEX_FF_0[4]/C
Low Pulse Width   Fast    FDRE/C              n/a            0.500         20.000      19.500     SLICE_X9Y7       APPLEX_FF_0[4]/C
High Pulse Width  Slow    FDRE/C              n/a            0.500         20.000      19.500     SLICE_X7Y6       APPLEX_FF_0[0]/C
High Pulse Width  Fast    FDRE/C              n/a            0.500         20.000      19.500     SLICE_X7Y6       APPLEX_FF_0[0]/C
High Pulse Width  Slow    FDRE/C              n/a            0.500         20.000      19.500     SLICE_X7Y6       APPLEX_FF_0[1]/C
High Pulse Width  Fast    FDRE/C              n/a            0.500         20.000      19.500     SLICE_X7Y6       APPLEX_FF_0[1]/C
High Pulse Width  Slow    FDRE/C              n/a            0.500         20.000      19.500     SLICE_X7Y6       APPLEX_FF_0[2]/C
High Pulse Width  Fast    FDRE/C              n/a            0.500         20.000      19.500     SLICE_X7Y6       APPLEX_FF_0[2]/C
High Pulse Width  Slow    FDRE/C              n/a            0.500         20.000      19.500     SLICE_X7Y6       APPLEX_FF_0[3]/C
High Pulse Width  Fast    FDRE/C              n/a            0.500         20.000      19.500     SLICE_X7Y6       APPLEX_FF_0[3]/C
High Pulse Width  Slow    FDRE/C              n/a            0.500         20.000      19.500     SLICE_X9Y7       APPLEX_FF_0[4]/C
High Pulse Width  Fast    FDRE/C              n/a            0.500         20.000      19.500     SLICE_X9Y7       APPLEX_FF_0[4]/C



---------------------------------------------------------------------------------------------------
From Clock:  clkfbout_clk_wiz_0
  To Clock:  clkfbout_clk_wiz_0

Setup :           NA  Failing Endpoints,  Worst Slack           NA  ,  Total Violation           NA
Hold  :           NA  Failing Endpoints,  Worst Slack           NA  ,  Total Violation           NA
PW    :            0  Failing Endpoints,  Worst Slack        7.845ns,  Total Violation        0.000ns
---------------------------------------------------------------------------------------------------


Pulse Width Checks
--------------------------------------------------------------------------------------
Clock Name:         clkfbout_clk_wiz_0
Waveform(ns):       { 0.000 5.000 }
Period(ns):         10.000
Sources:            { not_so_slow/my_clk_inst/mmcm_adv_inst/CLKFBOUT }

Check Type  Corner  Lib Pin              Reference Pin  Required(ns)  Actual(ns)  Slack(ns)  Location         Pin
Min Period  n/a     BUFG/I               n/a            2.155         10.000      7.845      BUFGCTRL_X0Y1    not_so_slow/my_clk_inst/clkf_buf/I
Min Period  n/a     MMCME2_ADV/CLKFBOUT  n/a            1.249         10.000      8.751      MMCME2_ADV_X1Y0  not_so_slow/my_clk_inst/mmcm_adv_inst/CLKFBOUT
Min Period  n/a     MMCME2_ADV/CLKFBIN   n/a            1.249         10.000      8.751      MMCME2_ADV_X1Y0  not_so_slow/my_clk_inst/mmcm_adv_inst/CLKFBIN
Max Period  n/a     MMCME2_ADV/CLKFBIN   n/a            100.000       10.000      90.000     MMCME2_ADV_X1Y0  not_so_slow/my_clk_inst/mmcm_adv_inst/CLKFBIN
Max Period  n/a     MMCME2_ADV/CLKFBOUT  n/a            213.360       10.000      203.360    MMCME2_ADV_X1Y0  not_so_slow/my_clk_inst/mmcm_adv_inst/CLKFBOUT



--------------------------------------------------------------------------------------
Path Group:  (none)
From Clock:  
  To Clock:  

Max Delay            10 Endpoints
Min Delay            10 Endpoints
--------------------------------------------------------------------------------------


Max Delay Paths
--------------------------------------------------------------------------------------
Slack:                    inf
  Source:                 sw[7]
                            (input port)
  Destination:            vgaGreen[3]
                            (output port)
  Path Group:             (none)
  Path Type:              Max at Slow Process Corner
  Data Path Delay:        30.327ns  (logic 11.158ns (36.793%)  route 19.169ns (63.207%))
  Logic Levels:           25  (CARRY4=5 IBUF=1 LUT2=4 LUT3=1 LUT4=3 LUT5=2 LUT6=8 OBUF=1)

    Location             Delay type                Incr(ns)  Path(ns)    Netlist Resource(s)
  -------------------------------------------------------------------    -------------------
    W13                                               0.000     0.000 r  sw[7] (IN)
                         net (fo=0)                   0.000     0.000    sw[7]
    W13                  IBUF (Prop_ibuf_I_O)         1.459     1.459 r  sw_IBUF[7]_inst/O
                         net (fo=6, routed)           1.678     3.137    rand/sw_IBUF[7]
    SLICE_X0Y7           LUT4 (Prop_lut4_I0_O)        0.152     3.289 r  rand/SLOT_LAT_FF_0[1]_i_28/O
                         net (fo=4, routed)           0.831     4.121    rand/SLOT_LAT_FF_0[1]_i_28_n_0
    SLICE_X2Y7           LUT6 (Prop_lut6_I0_O)        0.326     4.447 r  rand/SLOT_LAT_FF_0[1]_i_13/O
                         net (fo=5, routed)           0.597     5.044    rand/SLOT_LAT_FF_0[1]_i_13_n_0
    SLICE_X3Y5           LUT2 (Prop_lut2_I1_O)        0.150     5.194 f  rand/SLOT_LAT_FF_0[1]_i_6/O
                         net (fo=5, routed)           0.685     5.879    rand/SLOT_LAT_FF_0[1]_i_6_n_0
    SLICE_X3Y4           LUT6 (Prop_lut6_I0_O)        0.332     6.211 r  rand/SLOT_LAT_FF_0[1]_i_2/O
                         net (fo=14, routed)          0.475     6.686    rand/SLOT_LAT_FF_0[1]_i_2_n_0
    SLICE_X6Y5           LUT2 (Prop_lut2_I1_O)        0.124     6.810 f  rand/APPLEX_FF_0[8]_i_4/O
                         net (fo=2, routed)           0.632     7.442    rand/APPLEX_FF_0[8]_i_4_n_0
    SLICE_X7Y5           LUT6 (Prop_lut6_I1_O)        0.124     7.566 r  rand/APPLEX_FF_0[7]_i_2/O
                         net (fo=7, routed)           0.343     7.909    rand/APPLEX_FF_0[7]_i_2_n_0
    SLICE_X5Y6           LUT6 (Prop_lut6_I1_O)        0.124     8.033 r  rand/SLOT_LAT_FF_1[1]_i_2/O
                         net (fo=1, routed)           0.956     8.989    rand/SLOT_LAT_FF_1[1]_i_2_n_0
    SLICE_X5Y8           LUT3 (Prop_lut3_I0_O)        0.152     9.141 r  rand/SLOT_LAT_FF_1[1]_i_1/O
                         net (fo=18, routed)          1.393    10.534    rand/slot_use_1[1]
    SLICE_X2Y16          LUT6 (Prop_lut6_I2_O)        0.326    10.860 r  rand/st3_i_10/O
                         net (fo=1, routed)           0.927    11.787    rand/st3_i_10_n_0
    SLICE_X1Y11          LUT5 (Prop_lut5_I3_O)        0.124    11.911 r  rand/st3_i_6/O
                         net (fo=1, routed)           0.801    12.712    rand/st3_i_6_n_0
    SLICE_X4Y13          LUT6 (Prop_lut6_I4_O)        0.124    12.836 r  rand/st3_i_2__0/O
                         net (fo=9, routed)           0.769    13.605    rand/st3_0
    SLICE_X4Y6           LUT4 (Prop_lut4_I3_O)        0.124    13.729 r  rand/CAUGHT_LAT_FF_i_65/O
                         net (fo=1, routed)           0.000    13.729    rand/CAUGHT_LAT_FF_i_65_n_0
    SLICE_X4Y6           CARRY4 (Prop_carry4_S[1]_CO[3])
                                                      0.550    14.279 r  rand/CAUGHT_LAT_FF_i_58/CO[3]
                         net (fo=1, routed)           0.000    14.279    rand/CAUGHT_LAT_FF_i_58_n_0
    SLICE_X4Y7           CARRY4 (Prop_carry4_CI_O[1])
                                                      0.334    14.613 r  rand/CAUGHT_LAT_FF_i_56/O[1]
                         net (fo=5, routed)           0.482    15.095    rand/appleX_draw_1[5]
    SLICE_X3Y9           CARRY4 (Prop_carry4_S[1]_CO[3])
                                                      0.853    15.948 r  rand/CAUGHT_LAT_FF_i_60/CO[3]
                         net (fo=1, routed)           0.000    15.948    rand/CAUGHT_LAT_FF_i_60_n_0
    SLICE_X3Y10          CARRY4 (Prop_carry4_CI_O[1])
                                                      0.334    16.282 r  rand/CAUGHT_LAT_FF_i_53/O[1]
                         net (fo=4, routed)           0.838    17.120    rand/a1_x1[9]
    SLICE_X6Y10          LUT4 (Prop_lut4_I0_O)        0.303    17.423 r  rand/vgaRed_OBUF[3]_inst_i_90/O
                         net (fo=1, routed)           0.000    17.423    PA/HPX_counter/vgaRed_OBUF[3]_inst_i_26_0[0]
    SLICE_X6Y10          CARRY4 (Prop_carry4_S[0]_CO[3])
                                                      0.513    17.936 f  PA/HPX_counter/vgaRed_OBUF[3]_inst_i_46/CO[3]
                         net (fo=1, routed)           1.259    19.196    PA/VPX_counter/vgaRed_OBUF[1]_inst_i_11_0[0]
    SLICE_X7Y14          LUT6 (Prop_lut6_I4_O)        0.124    19.320 f  PA/VPX_counter/vgaRed_OBUF[3]_inst_i_26/O
                         net (fo=2, routed)           0.665    19.984    APPLE_FSM0/vgaRed_OBUF[1]_inst_i_3
    SLICE_X7Y14          LUT2 (Prop_lut2_I1_O)        0.152    20.136 r  APPLE_FSM0/vgaRed_OBUF[1]_inst_i_11/O
                         net (fo=10, routed)          1.055    21.192    rand/vgaRed_OBUF[2]_inst_i_2
    SLICE_X2Y13          LUT2 (Prop_lut2_I1_O)        0.352    21.544 r  rand/vgaRed_OBUF[3]_inst_i_25/O
                         net (fo=3, routed)           0.827    22.371    PA/VPX_counter/vgaGreen_OBUF[3]_inst_i_1_0
    SLICE_X3Y16          LUT5 (Prop_lut5_I3_O)        0.348    22.719 r  PA/VPX_counter/vgaRed_OBUF[2]_inst_i_2/O
                         net (fo=7, routed)           1.017    23.736    rand/vgaRed[2]
    SLICE_X2Y16          LUT6 (Prop_lut6_I5_O)        0.124    23.860 r  rand/vgaGreen_OBUF[3]_inst_i_1/O
                         net (fo=1, routed)           2.937    26.797    vgaGreen_OBUF[3]
    D17                  OBUF (Prop_obuf_I_O)         3.530    30.327 r  vgaGreen_OBUF[3]_inst/O
                         net (fo=0)                   0.000    30.327    vgaGreen[3]
    D17                                                               r  vgaGreen[3] (OUT)
  -------------------------------------------------------------------    -------------------

Slack:                    inf
  Source:                 sw[7]
                            (input port)
  Destination:            vgaGreen[1]
                            (output port)
  Path Group:             (none)
  Path Type:              Max at Slow Process Corner
  Data Path Delay:        30.146ns  (logic 11.133ns (36.932%)  route 19.012ns (63.068%))
  Logic Levels:           25  (CARRY4=5 IBUF=1 LUT2=4 LUT3=1 LUT4=3 LUT5=2 LUT6=8 OBUF=1)

    Location             Delay type                Incr(ns)  Path(ns)    Netlist Resource(s)
  -------------------------------------------------------------------    -------------------
    W13                                               0.000     0.000 r  sw[7] (IN)
                         net (fo=0)                   0.000     0.000    sw[7]
    W13                  IBUF (Prop_ibuf_I_O)         1.459     1.459 r  sw_IBUF[7]_inst/O
                         net (fo=6, routed)           1.678     3.137    rand/sw_IBUF[7]
    SLICE_X0Y7           LUT4 (Prop_lut4_I0_O)        0.152     3.289 r  rand/SLOT_LAT_FF_0[1]_i_28/O
                         net (fo=4, routed)           0.831     4.121    rand/SLOT_LAT_FF_0[1]_i_28_n_0
    SLICE_X2Y7           LUT6 (Prop_lut6_I0_O)        0.326     4.447 r  rand/SLOT_LAT_FF_0[1]_i_13/O
                         net (fo=5, routed)           0.597     5.044    rand/SLOT_LAT_FF_0[1]_i_13_n_0
    SLICE_X3Y5           LUT2 (Prop_lut2_I1_O)        0.150     5.194 f  rand/SLOT_LAT_FF_0[1]_i_6/O
                         net (fo=5, routed)           0.685     5.879    rand/SLOT_LAT_FF_0[1]_i_6_n_0
    SLICE_X3Y4           LUT6 (Prop_lut6_I0_O)        0.332     6.211 r  rand/SLOT_LAT_FF_0[1]_i_2/O
                         net (fo=14, routed)          0.475     6.686    rand/SLOT_LAT_FF_0[1]_i_2_n_0
    SLICE_X6Y5           LUT2 (Prop_lut2_I1_O)        0.124     6.810 f  rand/APPLEX_FF_0[8]_i_4/O
                         net (fo=2, routed)           0.632     7.442    rand/APPLEX_FF_0[8]_i_4_n_0
    SLICE_X7Y5           LUT6 (Prop_lut6_I1_O)        0.124     7.566 r  rand/APPLEX_FF_0[7]_i_2/O
                         net (fo=7, routed)           0.343     7.909    rand/APPLEX_FF_0[7]_i_2_n_0
    SLICE_X5Y6           LUT6 (Prop_lut6_I1_O)        0.124     8.033 r  rand/SLOT_LAT_FF_1[1]_i_2/O
                         net (fo=1, routed)           0.956     8.989    rand/SLOT_LAT_FF_1[1]_i_2_n_0
    SLICE_X5Y8           LUT3 (Prop_lut3_I0_O)        0.152     9.141 r  rand/SLOT_LAT_FF_1[1]_i_1/O
                         net (fo=18, routed)          1.393    10.534    rand/slot_use_1[1]
    SLICE_X2Y16          LUT6 (Prop_lut6_I2_O)        0.326    10.860 r  rand/st3_i_10/O
                         net (fo=1, routed)           0.927    11.787    rand/st3_i_10_n_0
    SLICE_X1Y11          LUT5 (Prop_lut5_I3_O)        0.124    11.911 r  rand/st3_i_6/O
                         net (fo=1, routed)           0.801    12.712    rand/st3_i_6_n_0
    SLICE_X4Y13          LUT6 (Prop_lut6_I4_O)        0.124    12.836 r  rand/st3_i_2__0/O
                         net (fo=9, routed)           0.769    13.605    rand/st3_0
    SLICE_X4Y6           LUT4 (Prop_lut4_I3_O)        0.124    13.729 r  rand/CAUGHT_LAT_FF_i_65/O
                         net (fo=1, routed)           0.000    13.729    rand/CAUGHT_LAT_FF_i_65_n_0
    SLICE_X4Y6           CARRY4 (Prop_carry4_S[1]_CO[3])
                                                      0.550    14.279 r  rand/CAUGHT_LAT_FF_i_58/CO[3]
                         net (fo=1, routed)           0.000    14.279    rand/CAUGHT_LAT_FF_i_58_n_0
    SLICE_X4Y7           CARRY4 (Prop_carry4_CI_O[1])
                                                      0.334    14.613 r  rand/CAUGHT_LAT_FF_i_56/O[1]
                         net (fo=5, routed)           0.482    15.095    rand/appleX_draw_1[5]
    SLICE_X3Y9           CARRY4 (Prop_carry4_S[1]_CO[3])
                                                      0.853    15.948 r  rand/CAUGHT_LAT_FF_i_60/CO[3]
                         net (fo=1, routed)           0.000    15.948    rand/CAUGHT_LAT_FF_i_60_n_0
    SLICE_X3Y10          CARRY4 (Prop_carry4_CI_O[1])
                                                      0.334    16.282 r  rand/CAUGHT_LAT_FF_i_53/O[1]
                         net (fo=4, routed)           0.838    17.120    rand/a1_x1[9]
    SLICE_X6Y10          LUT4 (Prop_lut4_I0_O)        0.303    17.423 r  rand/vgaRed_OBUF[3]_inst_i_90/O
                         net (fo=1, routed)           0.000    17.423    PA/HPX_counter/vgaRed_OBUF[3]_inst_i_26_0[0]
    SLICE_X6Y10          CARRY4 (Prop_carry4_S[0]_CO[3])
                                                      0.513    17.936 f  PA/HPX_counter/vgaRed_OBUF[3]_inst_i_46/CO[3]
                         net (fo=1, routed)           1.259    19.196    PA/VPX_counter/vgaRed_OBUF[1]_inst_i_11_0[0]
    SLICE_X7Y14          LUT6 (Prop_lut6_I4_O)        0.124    19.320 f  PA/VPX_counter/vgaRed_OBUF[3]_inst_i_26/O
                         net (fo=2, routed)           0.665    19.984    APPLE_FSM0/vgaRed_OBUF[1]_inst_i_3
    SLICE_X7Y14          LUT2 (Prop_lut2_I1_O)        0.152    20.136 r  APPLE_FSM0/vgaRed_OBUF[1]_inst_i_11/O
                         net (fo=10, routed)          1.055    21.192    rand/vgaRed_OBUF[2]_inst_i_2
    SLICE_X2Y13          LUT2 (Prop_lut2_I1_O)        0.352    21.544 r  rand/vgaRed_OBUF[3]_inst_i_25/O
                         net (fo=3, routed)           1.104    22.648    PA/VPX_counter/vgaGreen_OBUF[3]_inst_i_1_0
    SLICE_X3Y16          LUT6 (Prop_lut6_I4_O)        0.348    22.996 r  PA/VPX_counter/vgaRed_OBUF[3]_inst_i_7/O
                         net (fo=4, routed)           1.036    24.032    rand/vgaGreen[1]_0
    SLICE_X2Y17          LUT5 (Prop_lut5_I4_O)        0.124    24.156 r  rand/vgaGreen_OBUF[1]_inst_i_1/O
                         net (fo=1, routed)           2.485    26.640    vgaGreen_OBUF[1]
    H17                  OBUF (Prop_obuf_I_O)         3.505    30.146 r  vgaGreen_OBUF[1]_inst/O
                         net (fo=0)                   0.000    30.146    vgaGreen[1]
    H17                                                               r  vgaGreen[1] (OUT)
  -------------------------------------------------------------------    -------------------

Slack:                    inf
  Source:                 sw[7]
                            (input port)
  Destination:            vgaGreen[2]
                            (output port)
  Path Group:             (none)
  Path Type:              Max at Slow Process Corner
  Data Path Delay:        29.813ns  (logic 11.157ns (37.423%)  route 18.656ns (62.577%))
  Logic Levels:           25  (CARRY4=5 IBUF=1 LUT2=4 LUT3=1 LUT4=3 LUT5=1 LUT6=9 OBUF=1)

    Location             Delay type                Incr(ns)  Path(ns)    Netlist Resource(s)
  -------------------------------------------------------------------    -------------------
    W13                                               0.000     0.000 r  sw[7] (IN)
                         net (fo=0)                   0.000     0.000    sw[7]
    W13                  IBUF (Prop_ibuf_I_O)         1.459     1.459 r  sw_IBUF[7]_inst/O
                         net (fo=6, routed)           1.678     3.137    rand/sw_IBUF[7]
    SLICE_X0Y7           LUT4 (Prop_lut4_I0_O)        0.152     3.289 r  rand/SLOT_LAT_FF_0[1]_i_28/O
                         net (fo=4, routed)           0.831     4.121    rand/SLOT_LAT_FF_0[1]_i_28_n_0
    SLICE_X2Y7           LUT6 (Prop_lut6_I0_O)        0.326     4.447 r  rand/SLOT_LAT_FF_0[1]_i_13/O
                         net (fo=5, routed)           0.597     5.044    rand/SLOT_LAT_FF_0[1]_i_13_n_0
    SLICE_X3Y5           LUT2 (Prop_lut2_I1_O)        0.150     5.194 f  rand/SLOT_LAT_FF_0[1]_i_6/O
                         net (fo=5, routed)           0.685     5.879    rand/SLOT_LAT_FF_0[1]_i_6_n_0
    SLICE_X3Y4           LUT6 (Prop_lut6_I0_O)        0.332     6.211 r  rand/SLOT_LAT_FF_0[1]_i_2/O
                         net (fo=14, routed)          0.475     6.686    rand/SLOT_LAT_FF_0[1]_i_2_n_0
    SLICE_X6Y5           LUT2 (Prop_lut2_I1_O)        0.124     6.810 f  rand/APPLEX_FF_0[8]_i_4/O
                         net (fo=2, routed)           0.632     7.442    rand/APPLEX_FF_0[8]_i_4_n_0
    SLICE_X7Y5           LUT6 (Prop_lut6_I1_O)        0.124     7.566 r  rand/APPLEX_FF_0[7]_i_2/O
                         net (fo=7, routed)           0.343     7.909    rand/APPLEX_FF_0[7]_i_2_n_0
    SLICE_X5Y6           LUT6 (Prop_lut6_I1_O)        0.124     8.033 r  rand/SLOT_LAT_FF_1[1]_i_2/O
                         net (fo=1, routed)           0.956     8.989    rand/SLOT_LAT_FF_1[1]_i_2_n_0
    SLICE_X5Y8           LUT3 (Prop_lut3_I0_O)        0.152     9.141 r  rand/SLOT_LAT_FF_1[1]_i_1/O
                         net (fo=18, routed)          1.393    10.534    rand/slot_use_1[1]
    SLICE_X2Y16          LUT6 (Prop_lut6_I2_O)        0.326    10.860 r  rand/st3_i_10/O
                         net (fo=1, routed)           0.927    11.787    rand/st3_i_10_n_0
    SLICE_X1Y11          LUT5 (Prop_lut5_I3_O)        0.124    11.911 r  rand/st3_i_6/O
                         net (fo=1, routed)           0.801    12.712    rand/st3_i_6_n_0
    SLICE_X4Y13          LUT6 (Prop_lut6_I4_O)        0.124    12.836 r  rand/st3_i_2__0/O
                         net (fo=9, routed)           0.769    13.605    rand/st3_0
    SLICE_X4Y6           LUT4 (Prop_lut4_I3_O)        0.124    13.729 r  rand/CAUGHT_LAT_FF_i_65/O
                         net (fo=1, routed)           0.000    13.729    rand/CAUGHT_LAT_FF_i_65_n_0
    SLICE_X4Y6           CARRY4 (Prop_carry4_S[1]_CO[3])
                                                      0.550    14.279 r  rand/CAUGHT_LAT_FF_i_58/CO[3]
                         net (fo=1, routed)           0.000    14.279    rand/CAUGHT_LAT_FF_i_58_n_0
    SLICE_X4Y7           CARRY4 (Prop_carry4_CI_O[1])
                                                      0.334    14.613 r  rand/CAUGHT_LAT_FF_i_56/O[1]
                         net (fo=5, routed)           0.482    15.095    rand/appleX_draw_1[5]
    SLICE_X3Y9           CARRY4 (Prop_carry4_S[1]_CO[3])
                                                      0.853    15.948 r  rand/CAUGHT_LAT_FF_i_60/CO[3]
                         net (fo=1, routed)           0.000    15.948    rand/CAUGHT_LAT_FF_i_60_n_0
    SLICE_X3Y10          CARRY4 (Prop_carry4_CI_O[1])
                                                      0.334    16.282 r  rand/CAUGHT_LAT_FF_i_53/O[1]
                         net (fo=4, routed)           0.838    17.120    rand/a1_x1[9]
    SLICE_X6Y10          LUT4 (Prop_lut4_I0_O)        0.303    17.423 r  rand/vgaRed_OBUF[3]_inst_i_90/O
                         net (fo=1, routed)           0.000    17.423    PA/HPX_counter/vgaRed_OBUF[3]_inst_i_26_0[0]
    SLICE_X6Y10          CARRY4 (Prop_carry4_S[0]_CO[3])
                                                      0.513    17.936 f  PA/HPX_counter/vgaRed_OBUF[3]_inst_i_46/CO[3]
                         net (fo=1, routed)           1.259    19.196    PA/VPX_counter/vgaRed_OBUF[1]_inst_i_11_0[0]
    SLICE_X7Y14          LUT6 (Prop_lut6_I4_O)        0.124    19.320 f  PA/VPX_counter/vgaRed_OBUF[3]_inst_i_26/O
                         net (fo=2, routed)           0.665    19.984    APPLE_FSM0/vgaRed_OBUF[1]_inst_i_3
    SLICE_X7Y14          LUT2 (Prop_lut2_I1_O)        0.152    20.136 r  APPLE_FSM0/vgaRed_OBUF[1]_inst_i_11/O
                         net (fo=10, routed)          1.055    21.192    rand/vgaRed_OBUF[2]_inst_i_2
    SLICE_X2Y13          LUT2 (Prop_lut2_I1_O)        0.352    21.544 r  rand/vgaRed_OBUF[3]_inst_i_25/O
                         net (fo=3, routed)           1.104    22.648    PA/VPX_counter/vgaGreen_OBUF[3]_inst_i_1_0
    SLICE_X3Y16          LUT6 (Prop_lut6_I4_O)        0.348    22.996 r  PA/VPX_counter/vgaRed_OBUF[3]_inst_i_7/O
                         net (fo=4, routed)           0.674    23.669    rand/vgaGreen[1]_0
    SLICE_X2Y16          LUT6 (Prop_lut6_I2_O)        0.124    23.793 r  rand/vgaGreen_OBUF[2]_inst_i_1/O
                         net (fo=1, routed)           2.491    26.284    vgaGreen_OBUF[2]
    G17                  OBUF (Prop_obuf_I_O)         3.529    29.813 r  vgaGreen_OBUF[2]_inst/O
                         net (fo=0)                   0.000    29.813    vgaGreen[2]
    G17                                                               r  vgaGreen[2] (OUT)
  -------------------------------------------------------------------    -------------------

Slack:                    inf
  Source:                 sw[7]
                            (input port)
  Destination:            vgaGreen[0]
                            (output port)
  Path Group:             (none)
  Path Type:              Max at Slow Process Corner
  Data Path Delay:        29.775ns  (logic 11.149ns (37.443%)  route 18.627ns (62.557%))
  Logic Levels:           25  (CARRY4=5 IBUF=1 LUT2=4 LUT3=1 LUT4=3 LUT5=1 LUT6=9 OBUF=1)

    Location             Delay type                Incr(ns)  Path(ns)    Netlist Resource(s)
  -------------------------------------------------------------------    -------------------
    W13                                               0.000     0.000 r  sw[7] (IN)
                         net (fo=0)                   0.000     0.000    sw[7]
    W13                  IBUF (Prop_ibuf_I_O)         1.459     1.459 r  sw_IBUF[7]_inst/O
                         net (fo=6, routed)           1.678     3.137    rand/sw_IBUF[7]
    SLICE_X0Y7           LUT4 (Prop_lut4_I0_O)        0.152     3.289 r  rand/SLOT_LAT_FF_0[1]_i_28/O
                         net (fo=4, routed)           0.831     4.121    rand/SLOT_LAT_FF_0[1]_i_28_n_0
    SLICE_X2Y7           LUT6 (Prop_lut6_I0_O)        0.326     4.447 r  rand/SLOT_LAT_FF_0[1]_i_13/O
                         net (fo=5, routed)           0.597     5.044    rand/SLOT_LAT_FF_0[1]_i_13_n_0
    SLICE_X3Y5           LUT2 (Prop_lut2_I1_O)        0.150     5.194 f  rand/SLOT_LAT_FF_0[1]_i_6/O
                         net (fo=5, routed)           0.685     5.879    rand/SLOT_LAT_FF_0[1]_i_6_n_0
    SLICE_X3Y4           LUT6 (Prop_lut6_I0_O)        0.332     6.211 r  rand/SLOT_LAT_FF_0[1]_i_2/O
                         net (fo=14, routed)          0.475     6.686    rand/SLOT_LAT_FF_0[1]_i_2_n_0
    SLICE_X6Y5           LUT2 (Prop_lut2_I1_O)        0.124     6.810 f  rand/APPLEX_FF_0[8]_i_4/O
                         net (fo=2, routed)           0.632     7.442    rand/APPLEX_FF_0[8]_i_4_n_0
    SLICE_X7Y5           LUT6 (Prop_lut6_I1_O)        0.124     7.566 r  rand/APPLEX_FF_0[7]_i_2/O
                         net (fo=7, routed)           0.343     7.909    rand/APPLEX_FF_0[7]_i_2_n_0
    SLICE_X5Y6           LUT6 (Prop_lut6_I1_O)        0.124     8.033 r  rand/SLOT_LAT_FF_1[1]_i_2/O
                         net (fo=1, routed)           0.956     8.989    rand/SLOT_LAT_FF_1[1]_i_2_n_0
    SLICE_X5Y8           LUT3 (Prop_lut3_I0_O)        0.152     9.141 r  rand/SLOT_LAT_FF_1[1]_i_1/O
                         net (fo=18, routed)          1.393    10.534    rand/slot_use_1[1]
    SLICE_X2Y16          LUT6 (Prop_lut6_I2_O)        0.326    10.860 r  rand/st3_i_10/O
                         net (fo=1, routed)           0.927    11.787    rand/st3_i_10_n_0
    SLICE_X1Y11          LUT5 (Prop_lut5_I3_O)        0.124    11.911 r  rand/st3_i_6/O
                         net (fo=1, routed)           0.801    12.712    rand/st3_i_6_n_0
    SLICE_X4Y13          LUT6 (Prop_lut6_I4_O)        0.124    12.836 r  rand/st3_i_2__0/O
                         net (fo=9, routed)           0.769    13.605    rand/st3_0
    SLICE_X4Y6           LUT4 (Prop_lut4_I3_O)        0.124    13.729 r  rand/CAUGHT_LAT_FF_i_65/O
                         net (fo=1, routed)           0.000    13.729    rand/CAUGHT_LAT_FF_i_65_n_0
    SLICE_X4Y6           CARRY4 (Prop_carry4_S[1]_CO[3])
                                                      0.550    14.279 r  rand/CAUGHT_LAT_FF_i_58/CO[3]
                         net (fo=1, routed)           0.000    14.279    rand/CAUGHT_LAT_FF_i_58_n_0
    SLICE_X4Y7           CARRY4 (Prop_carry4_CI_O[1])
                                                      0.334    14.613 r  rand/CAUGHT_LAT_FF_i_56/O[1]
                         net (fo=5, routed)           0.482    15.095    rand/appleX_draw_1[5]
    SLICE_X3Y9           CARRY4 (Prop_carry4_S[1]_CO[3])
                                                      0.853    15.948 r  rand/CAUGHT_LAT_FF_i_60/CO[3]
                         net (fo=1, routed)           0.000    15.948    rand/CAUGHT_LAT_FF_i_60_n_0
    SLICE_X3Y10          CARRY4 (Prop_carry4_CI_O[1])
                                                      0.334    16.282 r  rand/CAUGHT_LAT_FF_i_53/O[1]
                         net (fo=4, routed)           0.838    17.120    rand/a1_x1[9]
    SLICE_X6Y10          LUT4 (Prop_lut4_I0_O)        0.303    17.423 r  rand/vgaRed_OBUF[3]_inst_i_90/O
                         net (fo=1, routed)           0.000    17.423    PA/HPX_counter/vgaRed_OBUF[3]_inst_i_26_0[0]
    SLICE_X6Y10          CARRY4 (Prop_carry4_S[0]_CO[3])
                                                      0.513    17.936 f  PA/HPX_counter/vgaRed_OBUF[3]_inst_i_46/CO[3]
                         net (fo=1, routed)           1.259    19.196    PA/VPX_counter/vgaRed_OBUF[1]_inst_i_11_0[0]
    SLICE_X7Y14          LUT6 (Prop_lut6_I4_O)        0.124    19.320 f  PA/VPX_counter/vgaRed_OBUF[3]_inst_i_26/O
                         net (fo=2, routed)           0.665    19.984    APPLE_FSM0/vgaRed_OBUF[1]_inst_i_3
    SLICE_X7Y14          LUT2 (Prop_lut2_I1_O)        0.152    20.136 r  APPLE_FSM0/vgaRed_OBUF[1]_inst_i_11/O
                         net (fo=10, routed)          1.055    21.192    rand/vgaRed_OBUF[2]_inst_i_2
    SLICE_X2Y13          LUT2 (Prop_lut2_I1_O)        0.352    21.544 r  rand/vgaRed_OBUF[3]_inst_i_25/O
                         net (fo=3, routed)           1.104    22.648    PA/VPX_counter/vgaGreen_OBUF[3]_inst_i_1_0
    SLICE_X3Y16          LUT6 (Prop_lut6_I4_O)        0.348    22.996 r  PA/VPX_counter/vgaRed_OBUF[3]_inst_i_7/O
                         net (fo=4, routed)           0.812    23.807    rand/vgaGreen[1]_0
    SLICE_X0Y16          LUT6 (Prop_lut6_I5_O)        0.124    23.931 r  rand/vgaGreen_OBUF[0]_inst_i_1/O
                         net (fo=1, routed)           2.323    26.255    vgaGreen_OBUF[0]
    J17                  OBUF (Prop_obuf_I_O)         3.521    29.775 r  vgaGreen_OBUF[0]_inst/O
                         net (fo=0)                   0.000    29.775    vgaGreen[0]
    J17                                                               r  vgaGreen[0] (OUT)
  -------------------------------------------------------------------    -------------------

Slack:                    inf
  Source:                 sw[7]
                            (input port)
  Destination:            vgaRed[1]
                            (output port)
  Path Group:             (none)
  Path Type:              Max at Slow Process Corner
  Data Path Delay:        29.722ns  (logic 11.147ns (37.504%)  route 18.575ns (62.496%))
  Logic Levels:           25  (CARRY4=5 IBUF=1 LUT2=4 LUT3=1 LUT4=3 LUT5=3 LUT6=7 OBUF=1)

    Location             Delay type                Incr(ns)  Path(ns)    Netlist Resource(s)
  -------------------------------------------------------------------    -------------------
    W13                                               0.000     0.000 r  sw[7] (IN)
                         net (fo=0)                   0.000     0.000    sw[7]
    W13                  IBUF (Prop_ibuf_I_O)         1.459     1.459 r  sw_IBUF[7]_inst/O
                         net (fo=6, routed)           1.678     3.137    rand/sw_IBUF[7]
    SLICE_X0Y7           LUT4 (Prop_lut4_I0_O)        0.152     3.289 r  rand/SLOT_LAT_FF_0[1]_i_28/O
                         net (fo=4, routed)           0.831     4.121    rand/SLOT_LAT_FF_0[1]_i_28_n_0
    SLICE_X2Y7           LUT6 (Prop_lut6_I0_O)        0.326     4.447 r  rand/SLOT_LAT_FF_0[1]_i_13/O
                         net (fo=5, routed)           0.597     5.044    rand/SLOT_LAT_FF_0[1]_i_13_n_0
    SLICE_X3Y5           LUT2 (Prop_lut2_I1_O)        0.150     5.194 f  rand/SLOT_LAT_FF_0[1]_i_6/O
                         net (fo=5, routed)           0.685     5.879    rand/SLOT_LAT_FF_0[1]_i_6_n_0
    SLICE_X3Y4           LUT6 (Prop_lut6_I0_O)        0.332     6.211 r  rand/SLOT_LAT_FF_0[1]_i_2/O
                         net (fo=14, routed)          0.475     6.686    rand/SLOT_LAT_FF_0[1]_i_2_n_0
    SLICE_X6Y5           LUT2 (Prop_lut2_I1_O)        0.124     6.810 f  rand/APPLEX_FF_0[8]_i_4/O
                         net (fo=2, routed)           0.632     7.442    rand/APPLEX_FF_0[8]_i_4_n_0
    SLICE_X7Y5           LUT6 (Prop_lut6_I1_O)        0.124     7.566 r  rand/APPLEX_FF_0[7]_i_2/O
                         net (fo=7, routed)           0.343     7.909    rand/APPLEX_FF_0[7]_i_2_n_0
    SLICE_X5Y6           LUT6 (Prop_lut6_I1_O)        0.124     8.033 r  rand/SLOT_LAT_FF_1[1]_i_2/O
                         net (fo=1, routed)           0.956     8.989    rand/SLOT_LAT_FF_1[1]_i_2_n_0
    SLICE_X5Y8           LUT3 (Prop_lut3_I0_O)        0.152     9.141 r  rand/SLOT_LAT_FF_1[1]_i_1/O
                         net (fo=18, routed)          1.393    10.534    rand/slot_use_1[1]
    SLICE_X2Y16          LUT6 (Prop_lut6_I2_O)        0.326    10.860 r  rand/st3_i_10/O
                         net (fo=1, routed)           0.927    11.787    rand/st3_i_10_n_0
    SLICE_X1Y11          LUT5 (Prop_lut5_I3_O)        0.124    11.911 r  rand/st3_i_6/O
                         net (fo=1, routed)           0.801    12.712    rand/st3_i_6_n_0
    SLICE_X4Y13          LUT6 (Prop_lut6_I4_O)        0.124    12.836 r  rand/st3_i_2__0/O
                         net (fo=9, routed)           0.769    13.605    rand/st3_0
    SLICE_X4Y6           LUT4 (Prop_lut4_I3_O)        0.124    13.729 r  rand/CAUGHT_LAT_FF_i_65/O
                         net (fo=1, routed)           0.000    13.729    rand/CAUGHT_LAT_FF_i_65_n_0
    SLICE_X4Y6           CARRY4 (Prop_carry4_S[1]_CO[3])
                                                      0.550    14.279 r  rand/CAUGHT_LAT_FF_i_58/CO[3]
                         net (fo=1, routed)           0.000    14.279    rand/CAUGHT_LAT_FF_i_58_n_0
    SLICE_X4Y7           CARRY4 (Prop_carry4_CI_O[1])
                                                      0.334    14.613 r  rand/CAUGHT_LAT_FF_i_56/O[1]
                         net (fo=5, routed)           0.482    15.095    rand/appleX_draw_1[5]
    SLICE_X3Y9           CARRY4 (Prop_carry4_S[1]_CO[3])
                                                      0.853    15.948 r  rand/CAUGHT_LAT_FF_i_60/CO[3]
                         net (fo=1, routed)           0.000    15.948    rand/CAUGHT_LAT_FF_i_60_n_0
    SLICE_X3Y10          CARRY4 (Prop_carry4_CI_O[1])
                                                      0.334    16.282 r  rand/CAUGHT_LAT_FF_i_53/O[1]
                         net (fo=4, routed)           0.838    17.120    rand/a1_x1[9]
    SLICE_X6Y10          LUT4 (Prop_lut4_I0_O)        0.303    17.423 r  rand/vgaRed_OBUF[3]_inst_i_90/O
                         net (fo=1, routed)           0.000    17.423    PA/HPX_counter/vgaRed_OBUF[3]_inst_i_26_0[0]
    SLICE_X6Y10          CARRY4 (Prop_carry4_S[0]_CO[3])
                                                      0.513    17.936 f  PA/HPX_counter/vgaRed_OBUF[3]_inst_i_46/CO[3]
                         net (fo=1, routed)           1.259    19.196    PA/VPX_counter/vgaRed_OBUF[1]_inst_i_11_0[0]
    SLICE_X7Y14          LUT6 (Prop_lut6_I4_O)        0.124    19.320 f  PA/VPX_counter/vgaRed_OBUF[3]_inst_i_26/O
                         net (fo=2, routed)           0.665    19.984    APPLE_FSM0/vgaRed_OBUF[1]_inst_i_3
    SLICE_X7Y14          LUT2 (Prop_lut2_I1_O)        0.152    20.136 r  APPLE_FSM0/vgaRed_OBUF[1]_inst_i_11/O
                         net (fo=10, routed)          1.055    21.192    rand/vgaRed_OBUF[2]_inst_i_2
    SLICE_X2Y13          LUT2 (Prop_lut2_I1_O)        0.352    21.544 r  rand/vgaRed_OBUF[3]_inst_i_25/O
                         net (fo=3, routed)           0.827    22.371    PA/VPX_counter/vgaGreen_OBUF[3]_inst_i_1_0
    SLICE_X3Y16          LUT5 (Prop_lut5_I3_O)        0.348    22.719 r  PA/VPX_counter/vgaRed_OBUF[2]_inst_i_2/O
                         net (fo=7, routed)           0.988    23.707    PA/VPX_counter/ff5_2
    SLICE_X3Y17          LUT5 (Prop_lut5_I3_O)        0.124    23.831 r  PA/VPX_counter/vgaRed_OBUF[1]_inst_i_1/O
                         net (fo=1, routed)           2.372    26.203    vgaRed_OBUF[1]
    H19                  OBUF (Prop_obuf_I_O)         3.519    29.722 r  vgaRed_OBUF[1]_inst/O
                         net (fo=0)                   0.000    29.722    vgaRed[1]
    H19                                                               r  vgaRed[1] (OUT)
  -------------------------------------------------------------------    -------------------

Slack:                    inf
  Source:                 sw[7]
                            (input port)
  Destination:            vgaRed[0]
                            (output port)
  Path Group:             (none)
  Path Type:              Max at Slow Process Corner
  Data Path Delay:        29.720ns  (logic 11.152ns (37.522%)  route 18.569ns (62.478%))
  Logic Levels:           25  (CARRY4=5 IBUF=1 LUT2=4 LUT3=1 LUT4=3 LUT5=3 LUT6=7 OBUF=1)

    Location             Delay type                Incr(ns)  Path(ns)    Netlist Resource(s)
  -------------------------------------------------------------------    -------------------
    W13                                               0.000     0.000 r  sw[7] (IN)
                         net (fo=0)                   0.000     0.000    sw[7]
    W13                  IBUF (Prop_ibuf_I_O)         1.459     1.459 r  sw_IBUF[7]_inst/O
                         net (fo=6, routed)           1.678     3.137    rand/sw_IBUF[7]
    SLICE_X0Y7           LUT4 (Prop_lut4_I0_O)        0.152     3.289 r  rand/SLOT_LAT_FF_0[1]_i_28/O
                         net (fo=4, routed)           0.831     4.121    rand/SLOT_LAT_FF_0[1]_i_28_n_0
    SLICE_X2Y7           LUT6 (Prop_lut6_I0_O)        0.326     4.447 r  rand/SLOT_LAT_FF_0[1]_i_13/O
                         net (fo=5, routed)           0.597     5.044    rand/SLOT_LAT_FF_0[1]_i_13_n_0
    SLICE_X3Y5           LUT2 (Prop_lut2_I1_O)        0.150     5.194 f  rand/SLOT_LAT_FF_0[1]_i_6/O
                         net (fo=5, routed)           0.685     5.879    rand/SLOT_LAT_FF_0[1]_i_6_n_0
    SLICE_X3Y4           LUT6 (Prop_lut6_I0_O)        0.332     6.211 r  rand/SLOT_LAT_FF_0[1]_i_2/O
                         net (fo=14, routed)          0.475     6.686    rand/SLOT_LAT_FF_0[1]_i_2_n_0
    SLICE_X6Y5           LUT2 (Prop_lut2_I1_O)        0.124     6.810 f  rand/APPLEX_FF_0[8]_i_4/O
                         net (fo=2, routed)           0.632     7.442    rand/APPLEX_FF_0[8]_i_4_n_0
    SLICE_X7Y5           LUT6 (Prop_lut6_I1_O)        0.124     7.566 r  rand/APPLEX_FF_0[7]_i_2/O
                         net (fo=7, routed)           0.343     7.909    rand/APPLEX_FF_0[7]_i_2_n_0
    SLICE_X5Y6           LUT6 (Prop_lut6_I1_O)        0.124     8.033 r  rand/SLOT_LAT_FF_1[1]_i_2/O
                         net (fo=1, routed)           0.956     8.989    rand/SLOT_LAT_FF_1[1]_i_2_n_0
    SLICE_X5Y8           LUT3 (Prop_lut3_I0_O)        0.152     9.141 r  rand/SLOT_LAT_FF_1[1]_i_1/O
                         net (fo=18, routed)          1.393    10.534    rand/slot_use_1[1]
    SLICE_X2Y16          LUT6 (Prop_lut6_I2_O)        0.326    10.860 r  rand/st3_i_10/O
                         net (fo=1, routed)           0.927    11.787    rand/st3_i_10_n_0
    SLICE_X1Y11          LUT5 (Prop_lut5_I3_O)        0.124    11.911 r  rand/st3_i_6/O
                         net (fo=1, routed)           0.801    12.712    rand/st3_i_6_n_0
    SLICE_X4Y13          LUT6 (Prop_lut6_I4_O)        0.124    12.836 r  rand/st3_i_2__0/O
                         net (fo=9, routed)           0.769    13.605    rand/st3_0
    SLICE_X4Y6           LUT4 (Prop_lut4_I3_O)        0.124    13.729 r  rand/CAUGHT_LAT_FF_i_65/O
                         net (fo=1, routed)           0.000    13.729    rand/CAUGHT_LAT_FF_i_65_n_0
    SLICE_X4Y6           CARRY4 (Prop_carry4_S[1]_CO[3])
                                                      0.550    14.279 r  rand/CAUGHT_LAT_FF_i_58/CO[3]
                         net (fo=1, routed)           0.000    14.279    rand/CAUGHT_LAT_FF_i_58_n_0
    SLICE_X4Y7           CARRY4 (Prop_carry4_CI_O[1])
                                                      0.334    14.613 r  rand/CAUGHT_LAT_FF_i_56/O[1]
                         net (fo=5, routed)           0.482    15.095    rand/appleX_draw_1[5]
    SLICE_X3Y9           CARRY4 (Prop_carry4_S[1]_CO[3])
                                                      0.853    15.948 r  rand/CAUGHT_LAT_FF_i_60/CO[3]
                         net (fo=1, routed)           0.000    15.948    rand/CAUGHT_LAT_FF_i_60_n_0
    SLICE_X3Y10          CARRY4 (Prop_carry4_CI_O[1])
                                                      0.334    16.282 r  rand/CAUGHT_LAT_FF_i_53/O[1]
                         net (fo=4, routed)           0.838    17.120    rand/a1_x1[9]
    SLICE_X6Y10          LUT4 (Prop_lut4_I0_O)        0.303    17.423 r  rand/vgaRed_OBUF[3]_inst_i_90/O
                         net (fo=1, routed)           0.000    17.423    PA/HPX_counter/vgaRed_OBUF[3]_inst_i_26_0[0]
    SLICE_X6Y10          CARRY4 (Prop_carry4_S[0]_CO[3])
                                                      0.513    17.936 f  PA/HPX_counter/vgaRed_OBUF[3]_inst_i_46/CO[3]
                         net (fo=1, routed)           1.259    19.196    PA/VPX_counter/vgaRed_OBUF[1]_inst_i_11_0[0]
    SLICE_X7Y14          LUT6 (Prop_lut6_I4_O)        0.124    19.320 f  PA/VPX_counter/vgaRed_OBUF[3]_inst_i_26/O
                         net (fo=2, routed)           0.665    19.984    APPLE_FSM0/vgaRed_OBUF[1]_inst_i_3
    SLICE_X7Y14          LUT2 (Prop_lut2_I1_O)        0.152    20.136 r  APPLE_FSM0/vgaRed_OBUF[1]_inst_i_11/O
                         net (fo=10, routed)          1.055    21.192    rand/vgaRed_OBUF[2]_inst_i_2
    SLICE_X2Y13          LUT2 (Prop_lut2_I1_O)        0.352    21.544 r  rand/vgaRed_OBUF[3]_inst_i_25/O
                         net (fo=3, routed)           0.827    22.371    PA/VPX_counter/vgaGreen_OBUF[3]_inst_i_1_0
    SLICE_X3Y16          LUT5 (Prop_lut5_I3_O)        0.348    22.719 r  PA/VPX_counter/vgaRed_OBUF[2]_inst_i_2/O
                         net (fo=7, routed)           0.861    23.579    PA/VPX_counter/ff5_2
    SLICE_X0Y17          LUT5 (Prop_lut5_I3_O)        0.124    23.703 r  PA/VPX_counter/vgaRed_OBUF[0]_inst_i_1/O
                         net (fo=1, routed)           2.493    26.197    vgaRed_OBUF[0]
    G19                  OBUF (Prop_obuf_I_O)         3.524    29.720 r  vgaRed_OBUF[0]_inst/O
                         net (fo=0)                   0.000    29.720    vgaRed[0]
    G19                                                               r  vgaRed[0] (OUT)
  -------------------------------------------------------------------    -------------------

Slack:                    inf
  Source:                 sw[7]
                            (input port)
  Destination:            vgaBlue[3]
                            (output port)
  Path Group:             (none)
  Path Type:              Max at Slow Process Corner
  Data Path Delay:        29.470ns  (logic 11.349ns (38.509%)  route 18.121ns (61.491%))
  Logic Levels:           25  (CARRY4=5 IBUF=1 LUT2=5 LUT3=1 LUT4=3 LUT5=2 LUT6=7 OBUF=1)

    Location             Delay type                Incr(ns)  Path(ns)    Netlist Resource(s)
  -------------------------------------------------------------------    -------------------
    W13                                               0.000     0.000 r  sw[7] (IN)
                         net (fo=0)                   0.000     0.000    sw[7]
    W13                  IBUF (Prop_ibuf_I_O)         1.459     1.459 r  sw_IBUF[7]_inst/O
                         net (fo=6, routed)           1.678     3.137    rand/sw_IBUF[7]
    SLICE_X0Y7           LUT4 (Prop_lut4_I0_O)        0.152     3.289 r  rand/SLOT_LAT_FF_0[1]_i_28/O
                         net (fo=4, routed)           0.831     4.121    rand/SLOT_LAT_FF_0[1]_i_28_n_0
    SLICE_X2Y7           LUT6 (Prop_lut6_I0_O)        0.326     4.447 r  rand/SLOT_LAT_FF_0[1]_i_13/O
                         net (fo=5, routed)           0.597     5.044    rand/SLOT_LAT_FF_0[1]_i_13_n_0
    SLICE_X3Y5           LUT2 (Prop_lut2_I1_O)        0.150     5.194 f  rand/SLOT_LAT_FF_0[1]_i_6/O
                         net (fo=5, routed)           0.685     5.879    rand/SLOT_LAT_FF_0[1]_i_6_n_0
    SLICE_X3Y4           LUT6 (Prop_lut6_I0_O)        0.332     6.211 r  rand/SLOT_LAT_FF_0[1]_i_2/O
                         net (fo=14, routed)          0.475     6.686    rand/SLOT_LAT_FF_0[1]_i_2_n_0
    SLICE_X6Y5           LUT2 (Prop_lut2_I1_O)        0.124     6.810 f  rand/APPLEX_FF_0[8]_i_4/O
                         net (fo=2, routed)           0.632     7.442    rand/APPLEX_FF_0[8]_i_4_n_0
    SLICE_X7Y5           LUT6 (Prop_lut6_I1_O)        0.124     7.566 r  rand/APPLEX_FF_0[7]_i_2/O
                         net (fo=7, routed)           0.343     7.909    rand/APPLEX_FF_0[7]_i_2_n_0
    SLICE_X5Y6           LUT6 (Prop_lut6_I1_O)        0.124     8.033 r  rand/SLOT_LAT_FF_1[1]_i_2/O
                         net (fo=1, routed)           0.956     8.989    rand/SLOT_LAT_FF_1[1]_i_2_n_0
    SLICE_X5Y8           LUT3 (Prop_lut3_I0_O)        0.152     9.141 r  rand/SLOT_LAT_FF_1[1]_i_1/O
                         net (fo=18, routed)          1.393    10.534    rand/slot_use_1[1]
    SLICE_X2Y16          LUT6 (Prop_lut6_I2_O)        0.326    10.860 r  rand/st3_i_10/O
                         net (fo=1, routed)           0.927    11.787    rand/st3_i_10_n_0
    SLICE_X1Y11          LUT5 (Prop_lut5_I3_O)        0.124    11.911 r  rand/st3_i_6/O
                         net (fo=1, routed)           0.801    12.712    rand/st3_i_6_n_0
    SLICE_X4Y13          LUT6 (Prop_lut6_I4_O)        0.124    12.836 r  rand/st3_i_2__0/O
                         net (fo=9, routed)           0.769    13.605    rand/st3_0
    SLICE_X4Y6           LUT4 (Prop_lut4_I3_O)        0.124    13.729 r  rand/CAUGHT_LAT_FF_i_65/O
                         net (fo=1, routed)           0.000    13.729    rand/CAUGHT_LAT_FF_i_65_n_0
    SLICE_X4Y6           CARRY4 (Prop_carry4_S[1]_CO[3])
                                                      0.550    14.279 r  rand/CAUGHT_LAT_FF_i_58/CO[3]
                         net (fo=1, routed)           0.000    14.279    rand/CAUGHT_LAT_FF_i_58_n_0
    SLICE_X4Y7           CARRY4 (Prop_carry4_CI_O[1])
                                                      0.334    14.613 r  rand/CAUGHT_LAT_FF_i_56/O[1]
                         net (fo=5, routed)           0.482    15.095    rand/appleX_draw_1[5]
    SLICE_X3Y9           CARRY4 (Prop_carry4_S[1]_CO[3])
                                                      0.853    15.948 r  rand/CAUGHT_LAT_FF_i_60/CO[3]
                         net (fo=1, routed)           0.000    15.948    rand/CAUGHT_LAT_FF_i_60_n_0
    SLICE_X3Y10          CARRY4 (Prop_carry4_CI_O[1])
                                                      0.334    16.282 r  rand/CAUGHT_LAT_FF_i_53/O[1]
                         net (fo=4, routed)           0.838    17.120    rand/a1_x1[9]
    SLICE_X6Y10          LUT4 (Prop_lut4_I0_O)        0.303    17.423 r  rand/vgaRed_OBUF[3]_inst_i_90/O
                         net (fo=1, routed)           0.000    17.423    PA/HPX_counter/vgaRed_OBUF[3]_inst_i_26_0[0]
    SLICE_X6Y10          CARRY4 (Prop_carry4_S[0]_CO[3])
                                                      0.513    17.936 f  PA/HPX_counter/vgaRed_OBUF[3]_inst_i_46/CO[3]
                         net (fo=1, routed)           1.259    19.196    PA/VPX_counter/vgaRed_OBUF[1]_inst_i_11_0[0]
    SLICE_X7Y14          LUT6 (Prop_lut6_I4_O)        0.124    19.320 f  PA/VPX_counter/vgaRed_OBUF[3]_inst_i_26/O
                         net (fo=2, routed)           0.665    19.984    APPLE_FSM0/vgaRed_OBUF[1]_inst_i_3
    SLICE_X7Y14          LUT2 (Prop_lut2_I1_O)        0.152    20.136 r  APPLE_FSM0/vgaRed_OBUF[1]_inst_i_11/O
                         net (fo=10, routed)          1.055    21.192    rand/vgaRed_OBUF[2]_inst_i_2
    SLICE_X2Y13          LUT2 (Prop_lut2_I1_O)        0.352    21.544 r  rand/vgaRed_OBUF[3]_inst_i_25/O
                         net (fo=3, routed)           0.827    22.371    PA/VPX_counter/vgaGreen_OBUF[3]_inst_i_1_0
    SLICE_X3Y16          LUT5 (Prop_lut5_I3_O)        0.348    22.719 r  PA/VPX_counter/vgaRed_OBUF[2]_inst_i_2/O
                         net (fo=7, routed)           0.608    23.327    PA/VPX_counter/ff5_2
    SLICE_X0Y19          LUT2 (Prop_lut2_I0_O)        0.118    23.445 r  PA/VPX_counter/vgaBlue_OBUF[3]_inst_i_1/O
                         net (fo=1, routed)           2.298    25.743    vgaBlue_OBUF[3]
    J18                  OBUF (Prop_obuf_I_O)         3.727    29.470 r  vgaBlue_OBUF[3]_inst/O
                         net (fo=0)                   0.000    29.470    vgaBlue[3]
    J18                                                               r  vgaBlue[3] (OUT)
  -------------------------------------------------------------------    -------------------

Slack:                    inf
  Source:                 sw[7]
                            (input port)
  Destination:            vgaRed[2]
                            (output port)
  Path Group:             (none)
  Path Type:              Max at Slow Process Corner
  Data Path Delay:        29.403ns  (logic 11.152ns (37.928%)  route 18.251ns (62.072%))
  Logic Levels:           25  (CARRY4=5 IBUF=1 LUT2=4 LUT3=1 LUT4=3 LUT5=3 LUT6=7 OBUF=1)

    Location             Delay type                Incr(ns)  Path(ns)    Netlist Resource(s)
  -------------------------------------------------------------------    -------------------
    W13                                               0.000     0.000 r  sw[7] (IN)
                         net (fo=0)                   0.000     0.000    sw[7]
    W13                  IBUF (Prop_ibuf_I_O)         1.459     1.459 r  sw_IBUF[7]_inst/O
                         net (fo=6, routed)           1.678     3.137    rand/sw_IBUF[7]
    SLICE_X0Y7           LUT4 (Prop_lut4_I0_O)        0.152     3.289 r  rand/SLOT_LAT_FF_0[1]_i_28/O
                         net (fo=4, routed)           0.831     4.121    rand/SLOT_LAT_FF_0[1]_i_28_n_0
    SLICE_X2Y7           LUT6 (Prop_lut6_I0_O)        0.326     4.447 r  rand/SLOT_LAT_FF_0[1]_i_13/O
                         net (fo=5, routed)           0.597     5.044    rand/SLOT_LAT_FF_0[1]_i_13_n_0
    SLICE_X3Y5           LUT2 (Prop_lut2_I1_O)        0.150     5.194 f  rand/SLOT_LAT_FF_0[1]_i_6/O
                         net (fo=5, routed)           0.685     5.879    rand/SLOT_LAT_FF_0[1]_i_6_n_0
    SLICE_X3Y4           LUT6 (Prop_lut6_I0_O)        0.332     6.211 r  rand/SLOT_LAT_FF_0[1]_i_2/O
                         net (fo=14, routed)          0.475     6.686    rand/SLOT_LAT_FF_0[1]_i_2_n_0
    SLICE_X6Y5           LUT2 (Prop_lut2_I1_O)        0.124     6.810 f  rand/APPLEX_FF_0[8]_i_4/O
                         net (fo=2, routed)           0.632     7.442    rand/APPLEX_FF_0[8]_i_4_n_0
    SLICE_X7Y5           LUT6 (Prop_lut6_I1_O)        0.124     7.566 r  rand/APPLEX_FF_0[7]_i_2/O
                         net (fo=7, routed)           0.343     7.909    rand/APPLEX_FF_0[7]_i_2_n_0
    SLICE_X5Y6           LUT6 (Prop_lut6_I1_O)        0.124     8.033 r  rand/SLOT_LAT_FF_1[1]_i_2/O
                         net (fo=1, routed)           0.956     8.989    rand/SLOT_LAT_FF_1[1]_i_2_n_0
    SLICE_X5Y8           LUT3 (Prop_lut3_I0_O)        0.152     9.141 r  rand/SLOT_LAT_FF_1[1]_i_1/O
                         net (fo=18, routed)          1.393    10.534    rand/slot_use_1[1]
    SLICE_X2Y16          LUT6 (Prop_lut6_I2_O)        0.326    10.860 r  rand/st3_i_10/O
                         net (fo=1, routed)           0.927    11.787    rand/st3_i_10_n_0
    SLICE_X1Y11          LUT5 (Prop_lut5_I3_O)        0.124    11.911 r  rand/st3_i_6/O
                         net (fo=1, routed)           0.801    12.712    rand/st3_i_6_n_0
    SLICE_X4Y13          LUT6 (Prop_lut6_I4_O)        0.124    12.836 r  rand/st3_i_2__0/O
                         net (fo=9, routed)           0.769    13.605    rand/st3_0
    SLICE_X4Y6           LUT4 (Prop_lut4_I3_O)        0.124    13.729 r  rand/CAUGHT_LAT_FF_i_65/O
                         net (fo=1, routed)           0.000    13.729    rand/CAUGHT_LAT_FF_i_65_n_0
    SLICE_X4Y6           CARRY4 (Prop_carry4_S[1]_CO[3])
                                                      0.550    14.279 r  rand/CAUGHT_LAT_FF_i_58/CO[3]
                         net (fo=1, routed)           0.000    14.279    rand/CAUGHT_LAT_FF_i_58_n_0
    SLICE_X4Y7           CARRY4 (Prop_carry4_CI_O[1])
                                                      0.334    14.613 r  rand/CAUGHT_LAT_FF_i_56/O[1]
                         net (fo=5, routed)           0.482    15.095    rand/appleX_draw_1[5]
    SLICE_X3Y9           CARRY4 (Prop_carry4_S[1]_CO[3])
                                                      0.853    15.948 r  rand/CAUGHT_LAT_FF_i_60/CO[3]
                         net (fo=1, routed)           0.000    15.948    rand/CAUGHT_LAT_FF_i_60_n_0
    SLICE_X3Y10          CARRY4 (Prop_carry4_CI_O[1])
                                                      0.334    16.282 r  rand/CAUGHT_LAT_FF_i_53/O[1]
                         net (fo=4, routed)           0.838    17.120    rand/a1_x1[9]
    SLICE_X6Y10          LUT4 (Prop_lut4_I0_O)        0.303    17.423 r  rand/vgaRed_OBUF[3]_inst_i_90/O
                         net (fo=1, routed)           0.000    17.423    PA/HPX_counter/vgaRed_OBUF[3]_inst_i_26_0[0]
    SLICE_X6Y10          CARRY4 (Prop_carry4_S[0]_CO[3])
                                                      0.513    17.936 r  PA/HPX_counter/vgaRed_OBUF[3]_inst_i_46/CO[3]
                         net (fo=1, routed)           1.259    19.196    PA/VPX_counter/vgaRed_OBUF[1]_inst_i_11_0[0]
    SLICE_X7Y14          LUT6 (Prop_lut6_I4_O)        0.124    19.320 r  PA/VPX_counter/vgaRed_OBUF[3]_inst_i_26/O
                         net (fo=2, routed)           0.665    19.984    APPLE_FSM0/vgaRed_OBUF[1]_inst_i_3
    SLICE_X7Y14          LUT2 (Prop_lut2_I1_O)        0.152    20.136 f  APPLE_FSM0/vgaRed_OBUF[1]_inst_i_11/O
                         net (fo=10, routed)          1.055    21.192    rand/vgaRed_OBUF[2]_inst_i_2
    SLICE_X2Y13          LUT2 (Prop_lut2_I1_O)        0.352    21.544 f  rand/vgaRed_OBUF[3]_inst_i_25/O
                         net (fo=3, routed)           0.827    22.371    PA/VPX_counter/vgaGreen_OBUF[3]_inst_i_1_0
    SLICE_X3Y16          LUT5 (Prop_lut5_I3_O)        0.348    22.719 f  PA/VPX_counter/vgaRed_OBUF[2]_inst_i_2/O
                         net (fo=7, routed)           0.683    23.401    rand/vgaRed[2]
    SLICE_X0Y16          LUT5 (Prop_lut5_I0_O)        0.124    23.525 r  rand/vgaRed_OBUF[2]_inst_i_1/O
                         net (fo=1, routed)           2.353    25.879    vgaRed_OBUF[2]
    J19                  OBUF (Prop_obuf_I_O)         3.524    29.403 r  vgaRed_OBUF[2]_inst/O
                         net (fo=0)                   0.000    29.403    vgaRed[2]
    J19                                                               r  vgaRed[2] (OUT)
  -------------------------------------------------------------------    -------------------

Slack:                    inf
  Source:                 sw[7]
                            (input port)
  Destination:            vgaRed[3]
                            (output port)
  Path Group:             (none)
  Path Type:              Max at Slow Process Corner
  Data Path Delay:        29.360ns  (logic 11.110ns (37.842%)  route 18.249ns (62.158%))
  Logic Levels:           25  (CARRY4=5 IBUF=1 LUT2=3 LUT3=1 LUT4=3 LUT5=3 LUT6=8 OBUF=1)

    Location             Delay type                Incr(ns)  Path(ns)    Netlist Resource(s)
  -------------------------------------------------------------------    -------------------
    W13                                               0.000     0.000 r  sw[7] (IN)
                         net (fo=0)                   0.000     0.000    sw[7]
    W13                  IBUF (Prop_ibuf_I_O)         1.459     1.459 r  sw_IBUF[7]_inst/O
                         net (fo=6, routed)           1.678     3.137    rand/sw_IBUF[7]
    SLICE_X0Y7           LUT4 (Prop_lut4_I0_O)        0.152     3.289 r  rand/SLOT_LAT_FF_0[1]_i_28/O
                         net (fo=4, routed)           0.831     4.121    rand/SLOT_LAT_FF_0[1]_i_28_n_0
    SLICE_X2Y7           LUT6 (Prop_lut6_I0_O)        0.326     4.447 r  rand/SLOT_LAT_FF_0[1]_i_13/O
                         net (fo=5, routed)           0.597     5.044    rand/SLOT_LAT_FF_0[1]_i_13_n_0
    SLICE_X3Y5           LUT2 (Prop_lut2_I1_O)        0.150     5.194 f  rand/SLOT_LAT_FF_0[1]_i_6/O
                         net (fo=5, routed)           0.685     5.879    rand/SLOT_LAT_FF_0[1]_i_6_n_0
    SLICE_X3Y4           LUT6 (Prop_lut6_I0_O)        0.332     6.211 r  rand/SLOT_LAT_FF_0[1]_i_2/O
                         net (fo=14, routed)          0.475     6.686    rand/SLOT_LAT_FF_0[1]_i_2_n_0
    SLICE_X6Y5           LUT2 (Prop_lut2_I1_O)        0.124     6.810 f  rand/APPLEX_FF_0[8]_i_4/O
                         net (fo=2, routed)           0.632     7.442    rand/APPLEX_FF_0[8]_i_4_n_0
    SLICE_X7Y5           LUT6 (Prop_lut6_I1_O)        0.124     7.566 r  rand/APPLEX_FF_0[7]_i_2/O
                         net (fo=7, routed)           0.343     7.909    rand/APPLEX_FF_0[7]_i_2_n_0
    SLICE_X5Y6           LUT6 (Prop_lut6_I1_O)        0.124     8.033 r  rand/SLOT_LAT_FF_1[1]_i_2/O
                         net (fo=1, routed)           0.956     8.989    rand/SLOT_LAT_FF_1[1]_i_2_n_0
    SLICE_X5Y8           LUT3 (Prop_lut3_I0_O)        0.152     9.141 r  rand/SLOT_LAT_FF_1[1]_i_1/O
                         net (fo=18, routed)          1.393    10.534    rand/slot_use_1[1]
    SLICE_X2Y16          LUT6 (Prop_lut6_I2_O)        0.326    10.860 r  rand/st3_i_10/O
                         net (fo=1, routed)           0.927    11.787    rand/st3_i_10_n_0
    SLICE_X1Y11          LUT5 (Prop_lut5_I3_O)        0.124    11.911 r  rand/st3_i_6/O
                         net (fo=1, routed)           0.801    12.712    rand/st3_i_6_n_0
    SLICE_X4Y13          LUT6 (Prop_lut6_I4_O)        0.124    12.836 r  rand/st3_i_2__0/O
                         net (fo=9, routed)           0.769    13.605    rand/st3_0
    SLICE_X4Y6           LUT4 (Prop_lut4_I3_O)        0.124    13.729 r  rand/CAUGHT_LAT_FF_i_65/O
                         net (fo=1, routed)           0.000    13.729    rand/CAUGHT_LAT_FF_i_65_n_0
    SLICE_X4Y6           CARRY4 (Prop_carry4_S[1]_CO[3])
                                                      0.550    14.279 r  rand/CAUGHT_LAT_FF_i_58/CO[3]
                         net (fo=1, routed)           0.000    14.279    rand/CAUGHT_LAT_FF_i_58_n_0
    SLICE_X4Y7           CARRY4 (Prop_carry4_CI_O[1])
                                                      0.334    14.613 r  rand/CAUGHT_LAT_FF_i_56/O[1]
                         net (fo=5, routed)           0.482    15.095    rand/appleX_draw_1[5]
    SLICE_X3Y9           CARRY4 (Prop_carry4_S[1]_CO[3])
                                                      0.853    15.948 r  rand/CAUGHT_LAT_FF_i_60/CO[3]
                         net (fo=1, routed)           0.000    15.948    rand/CAUGHT_LAT_FF_i_60_n_0
    SLICE_X3Y10          CARRY4 (Prop_carry4_CI_O[1])
                                                      0.334    16.282 r  rand/CAUGHT_LAT_FF_i_53/O[1]
                         net (fo=4, routed)           0.838    17.120    rand/a1_x1[9]
    SLICE_X6Y10          LUT4 (Prop_lut4_I0_O)        0.303    17.423 r  rand/vgaRed_OBUF[3]_inst_i_90/O
                         net (fo=1, routed)           0.000    17.423    PA/HPX_counter/vgaRed_OBUF[3]_inst_i_26_0[0]
    SLICE_X6Y10          CARRY4 (Prop_carry4_S[0]_CO[3])
                                                      0.513    17.936 f  PA/HPX_counter/vgaRed_OBUF[3]_inst_i_46/CO[3]
                         net (fo=1, routed)           1.259    19.196    PA/VPX_counter/vgaRed_OBUF[1]_inst_i_11_0[0]
    SLICE_X7Y14          LUT6 (Prop_lut6_I4_O)        0.124    19.320 f  PA/VPX_counter/vgaRed_OBUF[3]_inst_i_26/O
                         net (fo=2, routed)           0.665    19.984    APPLE_FSM0/vgaRed_OBUF[1]_inst_i_3
    SLICE_X7Y14          LUT2 (Prop_lut2_I1_O)        0.152    20.136 r  APPLE_FSM0/vgaRed_OBUF[1]_inst_i_11/O
                         net (fo=10, routed)          1.094    21.231    rand/vgaRed_OBUF[2]_inst_i_2
    SLICE_X3Y15          LUT5 (Prop_lut5_I4_O)        0.326    21.557 r  rand/vgaRed_OBUF[3]_inst_i_11/O
                         net (fo=1, routed)           0.665    22.222    rand/vgaRed_OBUF[3]_inst_i_11_n_0
    SLICE_X3Y15          LUT5 (Prop_lut5_I4_O)        0.152    22.374 r  rand/vgaRed_OBUF[3]_inst_i_2/O
                         net (fo=1, routed)           1.012    23.385    rand/vgaRed_OBUF[3]_inst_i_2_n_0
    SLICE_X3Y16          LUT6 (Prop_lut6_I0_O)        0.326    23.711 r  rand/vgaRed_OBUF[3]_inst_i_1/O
                         net (fo=1, routed)           2.146    25.857    vgaRed_OBUF[3]
    N19                  OBUF (Prop_obuf_I_O)         3.502    29.360 r  vgaRed_OBUF[3]_inst/O
                         net (fo=0)                   0.000    29.360    vgaRed[3]
    N19                                                               r  vgaRed[3] (OUT)
  -------------------------------------------------------------------    -------------------

Slack:                    inf
  Source:                 sw[7]
                            (input port)
  Destination:            vgaBlue[0]
                            (output port)
  Path Group:             (none)
  Path Type:              Max at Slow Process Corner
  Data Path Delay:        29.062ns  (logic 11.123ns (38.274%)  route 17.939ns (61.726%))
  Logic Levels:           25  (CARRY4=5 IBUF=1 LUT2=4 LUT3=2 LUT4=3 LUT5=2 LUT6=7 OBUF=1)

    Location             Delay type                Incr(ns)  Path(ns)    Netlist Resource(s)
  -------------------------------------------------------------------    -------------------
    W13                                               0.000     0.000 r  sw[7] (IN)
                         net (fo=0)                   0.000     0.000    sw[7]
    W13                  IBUF (Prop_ibuf_I_O)         1.459     1.459 r  sw_IBUF[7]_inst/O
                         net (fo=6, routed)           1.678     3.137    rand/sw_IBUF[7]
    SLICE_X0Y7           LUT4 (Prop_lut4_I0_O)        0.152     3.289 r  rand/SLOT_LAT_FF_0[1]_i_28/O
                         net (fo=4, routed)           0.831     4.121    rand/SLOT_LAT_FF_0[1]_i_28_n_0
    SLICE_X2Y7           LUT6 (Prop_lut6_I0_O)        0.326     4.447 r  rand/SLOT_LAT_FF_0[1]_i_13/O
                         net (fo=5, routed)           0.597     5.044    rand/SLOT_LAT_FF_0[1]_i_13_n_0
    SLICE_X3Y5           LUT2 (Prop_lut2_I1_O)        0.150     5.194 f  rand/SLOT_LAT_FF_0[1]_i_6/O
                         net (fo=5, routed)           0.685     5.879    rand/SLOT_LAT_FF_0[1]_i_6_n_0
    SLICE_X3Y4           LUT6 (Prop_lut6_I0_O)        0.332     6.211 r  rand/SLOT_LAT_FF_0[1]_i_2/O
                         net (fo=14, routed)          0.475     6.686    rand/SLOT_LAT_FF_0[1]_i_2_n_0
    SLICE_X6Y5           LUT2 (Prop_lut2_I1_O)        0.124     6.810 f  rand/APPLEX_FF_0[8]_i_4/O
                         net (fo=2, routed)           0.632     7.442    rand/APPLEX_FF_0[8]_i_4_n_0
    SLICE_X7Y5           LUT6 (Prop_lut6_I1_O)        0.124     7.566 r  rand/APPLEX_FF_0[7]_i_2/O
                         net (fo=7, routed)           0.343     7.909    rand/APPLEX_FF_0[7]_i_2_n_0
    SLICE_X5Y6           LUT6 (Prop_lut6_I1_O)        0.124     8.033 r  rand/SLOT_LAT_FF_1[1]_i_2/O
                         net (fo=1, routed)           0.956     8.989    rand/SLOT_LAT_FF_1[1]_i_2_n_0
    SLICE_X5Y8           LUT3 (Prop_lut3_I0_O)        0.152     9.141 r  rand/SLOT_LAT_FF_1[1]_i_1/O
                         net (fo=18, routed)          1.393    10.534    rand/slot_use_1[1]
    SLICE_X2Y16          LUT6 (Prop_lut6_I2_O)        0.326    10.860 r  rand/st3_i_10/O
                         net (fo=1, routed)           0.927    11.787    rand/st3_i_10_n_0
    SLICE_X1Y11          LUT5 (Prop_lut5_I3_O)        0.124    11.911 r  rand/st3_i_6/O
                         net (fo=1, routed)           0.801    12.712    rand/st3_i_6_n_0
    SLICE_X4Y13          LUT6 (Prop_lut6_I4_O)        0.124    12.836 r  rand/st3_i_2__0/O
                         net (fo=9, routed)           0.769    13.605    rand/st3_0
    SLICE_X4Y6           LUT4 (Prop_lut4_I3_O)        0.124    13.729 r  rand/CAUGHT_LAT_FF_i_65/O
                         net (fo=1, routed)           0.000    13.729    rand/CAUGHT_LAT_FF_i_65_n_0
    SLICE_X4Y6           CARRY4 (Prop_carry4_S[1]_CO[3])
                                                      0.550    14.279 r  rand/CAUGHT_LAT_FF_i_58/CO[3]
                         net (fo=1, routed)           0.000    14.279    rand/CAUGHT_LAT_FF_i_58_n_0
    SLICE_X4Y7           CARRY4 (Prop_carry4_CI_O[1])
                                                      0.334    14.613 r  rand/CAUGHT_LAT_FF_i_56/O[1]
                         net (fo=5, routed)           0.482    15.095    rand/appleX_draw_1[5]
    SLICE_X3Y9           CARRY4 (Prop_carry4_S[1]_CO[3])
                                                      0.853    15.948 r  rand/CAUGHT_LAT_FF_i_60/CO[3]
                         net (fo=1, routed)           0.000    15.948    rand/CAUGHT_LAT_FF_i_60_n_0
    SLICE_X3Y10          CARRY4 (Prop_carry4_CI_O[1])
                                                      0.334    16.282 r  rand/CAUGHT_LAT_FF_i_53/O[1]
                         net (fo=4, routed)           0.838    17.120    rand/a1_x1[9]
    SLICE_X6Y10          LUT4 (Prop_lut4_I0_O)        0.303    17.423 r  rand/vgaRed_OBUF[3]_inst_i_90/O
                         net (fo=1, routed)           0.000    17.423    PA/HPX_counter/vgaRed_OBUF[3]_inst_i_26_0[0]
    SLICE_X6Y10          CARRY4 (Prop_carry4_S[0]_CO[3])
                                                      0.513    17.936 f  PA/HPX_counter/vgaRed_OBUF[3]_inst_i_46/CO[3]
                         net (fo=1, routed)           1.259    19.196    PA/VPX_counter/vgaRed_OBUF[1]_inst_i_11_0[0]
    SLICE_X7Y14          LUT6 (Prop_lut6_I4_O)        0.124    19.320 f  PA/VPX_counter/vgaRed_OBUF[3]_inst_i_26/O
                         net (fo=2, routed)           0.665    19.984    APPLE_FSM0/vgaRed_OBUF[1]_inst_i_3
    SLICE_X7Y14          LUT2 (Prop_lut2_I1_O)        0.152    20.136 r  APPLE_FSM0/vgaRed_OBUF[1]_inst_i_11/O
                         net (fo=10, routed)          1.055    21.192    rand/vgaRed_OBUF[2]_inst_i_2
    SLICE_X2Y13          LUT2 (Prop_lut2_I1_O)        0.352    21.544 r  rand/vgaRed_OBUF[3]_inst_i_25/O
                         net (fo=3, routed)           0.827    22.371    PA/VPX_counter/vgaGreen_OBUF[3]_inst_i_1_0
    SLICE_X3Y16          LUT5 (Prop_lut5_I3_O)        0.348    22.719 r  PA/VPX_counter/vgaRed_OBUF[2]_inst_i_2/O
                         net (fo=7, routed)           0.608    23.327    PA/VPX_counter/ff5_2
    SLICE_X0Y19          LUT3 (Prop_lut3_I1_O)        0.124    23.451 r  PA/VPX_counter/vgaBlue_OBUF[0]_inst_i_1/O
                         net (fo=1, routed)           2.116    25.567    vgaBlue_OBUF[0]
    N18                  OBUF (Prop_obuf_I_O)         3.495    29.062 r  vgaBlue_OBUF[0]_inst/O
                         net (fo=0)                   0.000    29.062    vgaBlue[0]
    N18                                                               r  vgaBlue[0] (OUT)
  -------------------------------------------------------------------    -------------------





Min Delay Paths
--------------------------------------------------------------------------------------
Slack:                    inf
  Source:                 sw[5]
                            (input port)
  Destination:            vgaRed[3]
                            (output port)
  Path Group:             (none)
  Path Type:              Min at Fast Process Corner
  Data Path Delay:        4.338ns  (logic 1.798ns (41.441%)  route 2.540ns (58.559%))
  Logic Levels:           10  (IBUF=1 LUT3=1 LUT6=7 OBUF=1)

    Location             Delay type                Incr(ns)  Path(ns)    Netlist Resource(s)
  -------------------------------------------------------------------    -------------------
    V15                                               0.000     0.000 f  sw[5] (IN)
                         net (fo=0)                   0.000     0.000    sw[5]
    V15                  IBUF (Prop_ibuf_I_O)         0.234     0.234 f  sw_IBUF[5]_inst/O
                         net (fo=6, routed)           0.452     0.686    rand/sw_IBUF[5]
    SLICE_X0Y7           LUT6 (Prop_lut6_I1_O)        0.045     0.731 f  rand/SLOT_LAT_FF_0[1]_i_32/O
                         net (fo=4, routed)           0.246     0.978    rand/SLOT_LAT_FF_0[1]_i_32_n_0
    SLICE_X4Y5           LUT6 (Prop_lut6_I0_O)        0.045     1.023 r  rand/SLOT_LAT_FF_0[1]_i_19/O
                         net (fo=4, routed)           0.082     1.105    rand/SLOT_LAT_FF_0[1]_i_19_n_0
    SLICE_X4Y5           LUT6 (Prop_lut6_I2_O)        0.045     1.150 r  rand/SLOT_LAT_FF_0[0]_i_2/O
                         net (fo=2, routed)           0.161     1.311    rand/SLOT_LAT_FF_0[0]_i_2_n_0
    SLICE_X4Y4           LUT6 (Prop_lut6_I2_O)        0.045     1.356 r  rand/SLOT_LAT_FF_0[0]_i_1/O
                         net (fo=21, routed)          0.420     1.777    rand/slot_use_0[0]
    SLICE_X3Y12          LUT3 (Prop_lut3_I0_O)        0.045     1.822 f  rand/RIP2_FF[5]_i_4/O
                         net (fo=2, routed)           0.174     1.995    rand/RIP2_FF[5]_i_4_n_0
    SLICE_X2Y12          LUT6 (Prop_lut6_I4_O)        0.045     2.040 r  rand/vgaRed_OBUF[3]_inst_i_21/O
                         net (fo=5, routed)           0.250     2.290    rand/vgaRed_OBUF[3]_inst_i_21_n_0
    SLICE_X2Y15          LUT6 (Prop_lut6_I3_O)        0.045     2.335 r  rand/vgaRed_OBUF[3]_inst_i_6/O
                         net (fo=2, routed)           0.195     2.530    rand/vgaRed_OBUF[3]_inst_i_6_n_0
    SLICE_X3Y16          LUT6 (Prop_lut6_I4_O)        0.045     2.575 r  rand/vgaRed_OBUF[3]_inst_i_1/O
                         net (fo=1, routed)           0.560     3.134    vgaRed_OBUF[3]
    N19                  OBUF (Prop_obuf_I_O)         1.204     4.338 r  vgaRed_OBUF[3]_inst/O
                         net (fo=0)                   0.000     4.338    vgaRed[3]
    N19                                                               r  vgaRed[3] (OUT)
  -------------------------------------------------------------------    -------------------

Slack:                    inf
  Source:                 sw[5]
                            (input port)
  Destination:            vgaRed[2]
                            (output port)
  Path Group:             (none)
  Path Type:              Min at Fast Process Corner
  Data Path Delay:        4.481ns  (logic 1.864ns (41.593%)  route 2.617ns (58.407%))
  Logic Levels:           11  (IBUF=1 LUT3=2 LUT5=2 LUT6=5 OBUF=1)

    Location             Delay type                Incr(ns)  Path(ns)    Netlist Resource(s)
  -------------------------------------------------------------------    -------------------
    V15                                               0.000     0.000 f  sw[5] (IN)
                         net (fo=0)                   0.000     0.000    sw[5]
    V15                  IBUF (Prop_ibuf_I_O)         0.234     0.234 f  sw_IBUF[5]_inst/O
                         net (fo=6, routed)           0.452     0.686    rand/sw_IBUF[5]
    SLICE_X0Y7           LUT6 (Prop_lut6_I1_O)        0.045     0.731 f  rand/SLOT_LAT_FF_0[1]_i_32/O
                         net (fo=4, routed)           0.246     0.978    rand/SLOT_LAT_FF_0[1]_i_32_n_0
    SLICE_X4Y5           LUT6 (Prop_lut6_I0_O)        0.045     1.023 r  rand/SLOT_LAT_FF_0[1]_i_19/O
                         net (fo=4, routed)           0.082     1.105    rand/SLOT_LAT_FF_0[1]_i_19_n_0
    SLICE_X4Y5           LUT6 (Prop_lut6_I2_O)        0.045     1.150 r  rand/SLOT_LAT_FF_0[0]_i_2/O
                         net (fo=2, routed)           0.161     1.311    rand/SLOT_LAT_FF_0[0]_i_2_n_0
    SLICE_X4Y4           LUT6 (Prop_lut6_I2_O)        0.045     1.356 r  rand/SLOT_LAT_FF_0[0]_i_1/O
                         net (fo=21, routed)          0.420     1.777    rand/slot_use_0[0]
    SLICE_X3Y12          LUT3 (Prop_lut3_I0_O)        0.045     1.822 f  rand/RIP2_FF[5]_i_4/O
                         net (fo=2, routed)           0.174     1.995    rand/RIP2_FF[5]_i_4_n_0
    SLICE_X2Y12          LUT6 (Prop_lut6_I4_O)        0.045     2.040 r  rand/vgaRed_OBUF[3]_inst_i_21/O
                         net (fo=5, routed)           0.116     2.157    rand/vgaRed_OBUF[3]_inst_i_21_n_0
    SLICE_X1Y13          LUT3 (Prop_lut3_I1_O)        0.045     2.202 r  rand/vgaRed_OBUF[3]_inst_i_5/O
                         net (fo=8, routed)           0.230     2.431    rand/vgaRed_OBUF[3]_inst_i_5_n_0
    SLICE_X0Y16          LUT5 (Prop_lut5_I0_O)        0.045     2.476 f  rand/vgaRed_OBUF[2]_inst_i_4/O
                         net (fo=1, routed)           0.099     2.575    rand/vgaRed_OBUF[2]_inst_i_4_n_0
    SLICE_X0Y16          LUT5 (Prop_lut5_I2_O)        0.045     2.620 r  rand/vgaRed_OBUF[2]_inst_i_1/O
                         net (fo=1, routed)           0.636     3.256    vgaRed_OBUF[2]
    J19                  OBUF (Prop_obuf_I_O)         1.225     4.481 r  vgaRed_OBUF[2]_inst/O
                         net (fo=0)                   0.000     4.481    vgaRed[2]
    J19                                                               r  vgaRed[2] (OUT)
  -------------------------------------------------------------------    -------------------

Slack:                    inf
  Source:                 sw[5]
                            (input port)
  Destination:            vgaGreen[0]
                            (output port)
  Path Group:             (none)
  Path Type:              Min at Fast Process Corner
  Data Path Delay:        4.488ns  (logic 1.771ns (39.461%)  route 2.717ns (60.539%))
  Logic Levels:           9  (IBUF=1 LUT6=7 OBUF=1)

    Location             Delay type                Incr(ns)  Path(ns)    Netlist Resource(s)
  -------------------------------------------------------------------    -------------------
    V15                                               0.000     0.000 f  sw[5] (IN)
                         net (fo=0)                   0.000     0.000    sw[5]
    V15                  IBUF (Prop_ibuf_I_O)         0.234     0.234 f  sw_IBUF[5]_inst/O
                         net (fo=6, routed)           0.452     0.686    rand/sw_IBUF[5]
    SLICE_X0Y7           LUT6 (Prop_lut6_I1_O)        0.045     0.731 f  rand/SLOT_LAT_FF_0[1]_i_32/O
                         net (fo=4, routed)           0.246     0.978    rand/SLOT_LAT_FF_0[1]_i_32_n_0
    SLICE_X4Y5           LUT6 (Prop_lut6_I0_O)        0.045     1.023 r  rand/SLOT_LAT_FF_0[1]_i_19/O
                         net (fo=4, routed)           0.082     1.105    rand/SLOT_LAT_FF_0[1]_i_19_n_0
    SLICE_X4Y5           LUT6 (Prop_lut6_I2_O)        0.045     1.150 r  rand/SLOT_LAT_FF_0[0]_i_2/O
                         net (fo=2, routed)           0.161     1.311    rand/SLOT_LAT_FF_0[0]_i_2_n_0
    SLICE_X4Y4           LUT6 (Prop_lut6_I2_O)        0.045     1.356 r  rand/SLOT_LAT_FF_0[0]_i_1/O
                         net (fo=21, routed)          0.606     1.963    rand/slot_use_0[0]
    SLICE_X4Y12          LUT6 (Prop_lut6_I0_O)        0.045     2.008 f  rand/vgaGreen_OBUF[0]_inst_i_9/O
                         net (fo=1, routed)           0.109     2.116    rand/vgaGreen_OBUF[0]_inst_i_9_n_0
    SLICE_X3Y12          LUT6 (Prop_lut6_I1_O)        0.045     2.161 f  rand/vgaGreen_OBUF[0]_inst_i_3/O
                         net (fo=10, routed)          0.433     2.595    rand/vgaGreen_OBUF[0]_inst_i_3_n_0
    SLICE_X0Y16          LUT6 (Prop_lut6_I1_O)        0.045     2.640 r  rand/vgaGreen_OBUF[0]_inst_i_1/O
                         net (fo=1, routed)           0.626     3.266    vgaGreen_OBUF[0]
    J17                  OBUF (Prop_obuf_I_O)         1.222     4.488 r  vgaGreen_OBUF[0]_inst/O
                         net (fo=0)                   0.000     4.488    vgaGreen[0]
    J17                                                               r  vgaGreen[0] (OUT)
  -------------------------------------------------------------------    -------------------

Slack:                    inf
  Source:                 sw[5]
                            (input port)
  Destination:            vgaRed[1]
                            (output port)
  Path Group:             (none)
  Path Type:              Min at Fast Process Corner
  Data Path Delay:        4.501ns  (logic 1.814ns (40.314%)  route 2.686ns (59.686%))
  Logic Levels:           10  (IBUF=1 LUT3=1 LUT5=1 LUT6=6 OBUF=1)

    Location             Delay type                Incr(ns)  Path(ns)    Netlist Resource(s)
  -------------------------------------------------------------------    -------------------
    V15                                               0.000     0.000 f  sw[5] (IN)
                         net (fo=0)                   0.000     0.000    sw[5]
    V15                  IBUF (Prop_ibuf_I_O)         0.234     0.234 f  sw_IBUF[5]_inst/O
                         net (fo=6, routed)           0.452     0.686    rand/sw_IBUF[5]
    SLICE_X0Y7           LUT6 (Prop_lut6_I1_O)        0.045     0.731 f  rand/SLOT_LAT_FF_0[1]_i_32/O
                         net (fo=4, routed)           0.246     0.978    rand/SLOT_LAT_FF_0[1]_i_32_n_0
    SLICE_X4Y5           LUT6 (Prop_lut6_I0_O)        0.045     1.023 r  rand/SLOT_LAT_FF_0[1]_i_19/O
                         net (fo=4, routed)           0.082     1.105    rand/SLOT_LAT_FF_0[1]_i_19_n_0
    SLICE_X4Y5           LUT6 (Prop_lut6_I2_O)        0.045     1.150 r  rand/SLOT_LAT_FF_0[0]_i_2/O
                         net (fo=2, routed)           0.161     1.311    rand/SLOT_LAT_FF_0[0]_i_2_n_0
    SLICE_X4Y4           LUT6 (Prop_lut6_I2_O)        0.045     1.356 r  rand/SLOT_LAT_FF_0[0]_i_1/O
                         net (fo=21, routed)          0.420     1.777    rand/slot_use_0[0]
    SLICE_X3Y12          LUT3 (Prop_lut3_I0_O)        0.045     1.822 f  rand/RIP2_FF[5]_i_4/O
                         net (fo=2, routed)           0.174     1.995    rand/RIP2_FF[5]_i_4_n_0
    SLICE_X2Y12          LUT6 (Prop_lut6_I4_O)        0.045     2.040 r  rand/vgaRed_OBUF[3]_inst_i_21/O
                         net (fo=5, routed)           0.130     2.170    rand/vgaRed_OBUF[3]_inst_i_21_n_0
    SLICE_X2Y13          LUT6 (Prop_lut6_I1_O)        0.045     2.215 f  rand/vgaRed_OBUF[1]_inst_i_4/O
                         net (fo=2, routed)           0.422     2.637    PA/VPX_counter/vgaRed[1]_0
    SLICE_X3Y17          LUT5 (Prop_lut5_I2_O)        0.045     2.682 r  PA/VPX_counter/vgaRed_OBUF[1]_inst_i_1/O
                         net (fo=1, routed)           0.598     3.280    vgaRed_OBUF[1]
    H19                  OBUF (Prop_obuf_I_O)         1.220     4.501 r  vgaRed_OBUF[1]_inst/O
                         net (fo=0)                   0.000     4.501    vgaRed[1]
    H19                                                               r  vgaRed[1] (OUT)
  -------------------------------------------------------------------    -------------------

Slack:                    inf
  Source:                 sw[5]
                            (input port)
  Destination:            vgaGreen[2]
                            (output port)
  Path Group:             (none)
  Path Type:              Min at Fast Process Corner
  Data Path Delay:        4.541ns  (logic 1.824ns (40.173%)  route 2.716ns (59.827%))
  Logic Levels:           10  (IBUF=1 LUT3=1 LUT6=7 OBUF=1)

    Location             Delay type                Incr(ns)  Path(ns)    Netlist Resource(s)
  -------------------------------------------------------------------    -------------------
    V15                                               0.000     0.000 f  sw[5] (IN)
                         net (fo=0)                   0.000     0.000    sw[5]
    V15                  IBUF (Prop_ibuf_I_O)         0.234     0.234 f  sw_IBUF[5]_inst/O
                         net (fo=6, routed)           0.452     0.686    rand/sw_IBUF[5]
    SLICE_X0Y7           LUT6 (Prop_lut6_I1_O)        0.045     0.731 f  rand/SLOT_LAT_FF_0[1]_i_32/O
                         net (fo=4, routed)           0.246     0.978    rand/SLOT_LAT_FF_0[1]_i_32_n_0
    SLICE_X4Y5           LUT6 (Prop_lut6_I0_O)        0.045     1.023 r  rand/SLOT_LAT_FF_0[1]_i_19/O
                         net (fo=4, routed)           0.082     1.105    rand/SLOT_LAT_FF_0[1]_i_19_n_0
    SLICE_X4Y5           LUT6 (Prop_lut6_I2_O)        0.045     1.150 r  rand/SLOT_LAT_FF_0[0]_i_2/O
                         net (fo=2, routed)           0.161     1.311    rand/SLOT_LAT_FF_0[0]_i_2_n_0
    SLICE_X4Y4           LUT6 (Prop_lut6_I2_O)        0.045     1.356 r  rand/SLOT_LAT_FF_0[0]_i_1/O
                         net (fo=21, routed)          0.420     1.777    rand/slot_use_0[0]
    SLICE_X3Y12          LUT3 (Prop_lut3_I0_O)        0.045     1.822 f  rand/RIP2_FF[5]_i_4/O
                         net (fo=2, routed)           0.174     1.995    rand/RIP2_FF[5]_i_4_n_0
    SLICE_X2Y12          LUT6 (Prop_lut6_I4_O)        0.045     2.040 r  rand/vgaRed_OBUF[3]_inst_i_21/O
                         net (fo=5, routed)           0.376     2.417    rand/vgaRed_OBUF[3]_inst_i_21_n_0
    SLICE_X2Y14          LUT6 (Prop_lut6_I3_O)        0.045     2.462 f  rand/vgaRed_OBUF[2]_inst_i_3/O
                         net (fo=2, routed)           0.124     2.586    rand/vgaRed_OBUF[2]_inst_i_3_n_0
    SLICE_X2Y16          LUT6 (Prop_lut6_I0_O)        0.045     2.631 r  rand/vgaGreen_OBUF[2]_inst_i_1/O
                         net (fo=1, routed)           0.680     3.310    vgaGreen_OBUF[2]
    G17                  OBUF (Prop_obuf_I_O)         1.230     4.541 r  vgaGreen_OBUF[2]_inst/O
                         net (fo=0)                   0.000     4.541    vgaGreen[2]
    G17                                                               r  vgaGreen[2] (OUT)
  -------------------------------------------------------------------    -------------------

Slack:                    inf
  Source:                 sw[5]
                            (input port)
  Destination:            vgaRed[0]
                            (output port)
  Path Group:             (none)
  Path Type:              Min at Fast Process Corner
  Data Path Delay:        4.553ns  (logic 1.864ns (40.934%)  route 2.689ns (59.066%))
  Logic Levels:           11  (IBUF=1 LUT3=1 LUT5=2 LUT6=6 OBUF=1)

    Location             Delay type                Incr(ns)  Path(ns)    Netlist Resource(s)
  -------------------------------------------------------------------    -------------------
    V15                                               0.000     0.000 f  sw[5] (IN)
                         net (fo=0)                   0.000     0.000    sw[5]
    V15                  IBUF (Prop_ibuf_I_O)         0.234     0.234 f  sw_IBUF[5]_inst/O
                         net (fo=6, routed)           0.452     0.686    rand/sw_IBUF[5]
    SLICE_X0Y7           LUT6 (Prop_lut6_I1_O)        0.045     0.731 f  rand/SLOT_LAT_FF_0[1]_i_32/O
                         net (fo=4, routed)           0.246     0.978    rand/SLOT_LAT_FF_0[1]_i_32_n_0
    SLICE_X4Y5           LUT6 (Prop_lut6_I0_O)        0.045     1.023 r  rand/SLOT_LAT_FF_0[1]_i_19/O
                         net (fo=4, routed)           0.082     1.105    rand/SLOT_LAT_FF_0[1]_i_19_n_0
    SLICE_X4Y5           LUT6 (Prop_lut6_I2_O)        0.045     1.150 r  rand/SLOT_LAT_FF_0[0]_i_2/O
                         net (fo=2, routed)           0.161     1.311    rand/SLOT_LAT_FF_0[0]_i_2_n_0
    SLICE_X4Y4           LUT6 (Prop_lut6_I2_O)        0.045     1.356 f  rand/SLOT_LAT_FF_0[0]_i_1/O
                         net (fo=21, routed)          0.353     1.709    rand/slot_use_0[0]
    SLICE_X4Y11          LUT3 (Prop_lut3_I1_O)        0.045     1.754 r  rand/RIP0_FF[5]_i_4/O
                         net (fo=2, routed)           0.119     1.873    rand/RIP0_FF[5]_i_4_n_0
    SLICE_X3Y11          LUT6 (Prop_lut6_I4_O)        0.045     1.918 r  rand/vgaRed_OBUF[1]_inst_i_10/O
                         net (fo=10, routed)          0.238     2.156    rand/st1_0
    SLICE_X2Y13          LUT5 (Prop_lut5_I3_O)        0.045     2.201 r  rand/vgaRed_OBUF[0]_inst_i_6/O
                         net (fo=1, routed)           0.111     2.312    APPLE_FSM0/vgaRed_OBUF[0]_inst_i_1_0
    SLICE_X5Y13          LUT6 (Prop_lut6_I3_O)        0.045     2.357 f  APPLE_FSM0/vgaRed_OBUF[0]_inst_i_2/O
                         net (fo=1, routed)           0.230     2.587    PA/VPX_counter/vgaRed[0]
    SLICE_X0Y17          LUT5 (Prop_lut5_I0_O)        0.045     2.632 r  PA/VPX_counter/vgaRed_OBUF[0]_inst_i_1/O
                         net (fo=1, routed)           0.696     3.328    vgaRed_OBUF[0]
    G19                  OBUF (Prop_obuf_I_O)         1.225     4.553 r  vgaRed_OBUF[0]_inst/O
                         net (fo=0)                   0.000     4.553    vgaRed[0]
    G19                                                               r  vgaRed[0] (OUT)
  -------------------------------------------------------------------    -------------------

Slack:                    inf
  Source:                 sw[5]
                            (input port)
  Destination:            vgaGreen[1]
                            (output port)
  Path Group:             (none)
  Path Type:              Min at Fast Process Corner
  Data Path Delay:        4.644ns  (logic 1.801ns (38.770%)  route 2.844ns (61.230%))
  Logic Levels:           10  (IBUF=1 LUT4=1 LUT5=1 LUT6=6 OBUF=1)

    Location             Delay type                Incr(ns)  Path(ns)    Netlist Resource(s)
  -------------------------------------------------------------------    -------------------
    V15                                               0.000     0.000 f  sw[5] (IN)
                         net (fo=0)                   0.000     0.000    sw[5]
    V15                  IBUF (Prop_ibuf_I_O)         0.234     0.234 f  sw_IBUF[5]_inst/O
                         net (fo=6, routed)           0.452     0.686    rand/sw_IBUF[5]
    SLICE_X0Y7           LUT6 (Prop_lut6_I1_O)        0.045     0.731 f  rand/SLOT_LAT_FF_0[1]_i_32/O
                         net (fo=4, routed)           0.246     0.978    rand/SLOT_LAT_FF_0[1]_i_32_n_0
    SLICE_X4Y5           LUT6 (Prop_lut6_I0_O)        0.045     1.023 r  rand/SLOT_LAT_FF_0[1]_i_19/O
                         net (fo=4, routed)           0.082     1.105    rand/SLOT_LAT_FF_0[1]_i_19_n_0
    SLICE_X4Y5           LUT6 (Prop_lut6_I2_O)        0.045     1.150 r  rand/SLOT_LAT_FF_0[0]_i_2/O
                         net (fo=2, routed)           0.161     1.311    rand/SLOT_LAT_FF_0[0]_i_2_n_0
    SLICE_X4Y4           LUT6 (Prop_lut6_I2_O)        0.045     1.356 r  rand/SLOT_LAT_FF_0[0]_i_1/O
                         net (fo=21, routed)          0.606     1.963    rand/slot_use_0[0]
    SLICE_X4Y12          LUT6 (Prop_lut6_I0_O)        0.045     2.008 f  rand/vgaGreen_OBUF[0]_inst_i_9/O
                         net (fo=1, routed)           0.109     2.116    rand/vgaGreen_OBUF[0]_inst_i_9_n_0
    SLICE_X3Y12          LUT6 (Prop_lut6_I1_O)        0.045     2.161 f  rand/vgaGreen_OBUF[0]_inst_i_3/O
                         net (fo=10, routed)          0.446     2.607    rand/vgaGreen_OBUF[0]_inst_i_3_n_0
    SLICE_X2Y17          LUT4 (Prop_lut4_I3_O)        0.045     2.652 f  rand/vgaGreen_OBUF[1]_inst_i_3/O
                         net (fo=1, routed)           0.052     2.704    rand/vgaGreen_OBUF[1]_inst_i_3_n_0
    SLICE_X2Y17          LUT5 (Prop_lut5_I2_O)        0.045     2.749 r  rand/vgaGreen_OBUF[1]_inst_i_1/O
                         net (fo=1, routed)           0.689     3.438    vgaGreen_OBUF[1]
    H17                  OBUF (Prop_obuf_I_O)         1.207     4.644 r  vgaGreen_OBUF[1]_inst/O
                         net (fo=0)                   0.000     4.644    vgaGreen[1]
    H17                                                               r  vgaGreen[1] (OUT)
  -------------------------------------------------------------------    -------------------

Slack:                    inf
  Source:                 sw[5]
                            (input port)
  Destination:            vgaGreen[3]
                            (output port)
  Path Group:             (none)
  Path Type:              Min at Fast Process Corner
  Data Path Delay:        4.676ns  (logic 1.825ns (39.037%)  route 2.851ns (60.963%))
  Logic Levels:           10  (IBUF=1 LUT3=1 LUT6=7 OBUF=1)

    Location             Delay type                Incr(ns)  Path(ns)    Netlist Resource(s)
  -------------------------------------------------------------------    -------------------
    V15                                               0.000     0.000 f  sw[5] (IN)
                         net (fo=0)                   0.000     0.000    sw[5]
    V15                  IBUF (Prop_ibuf_I_O)         0.234     0.234 f  sw_IBUF[5]_inst/O
                         net (fo=6, routed)           0.452     0.686    rand/sw_IBUF[5]
    SLICE_X0Y7           LUT6 (Prop_lut6_I1_O)        0.045     0.731 f  rand/SLOT_LAT_FF_0[1]_i_32/O
                         net (fo=4, routed)           0.246     0.978    rand/SLOT_LAT_FF_0[1]_i_32_n_0
    SLICE_X4Y5           LUT6 (Prop_lut6_I0_O)        0.045     1.023 r  rand/SLOT_LAT_FF_0[1]_i_19/O
                         net (fo=4, routed)           0.082     1.105    rand/SLOT_LAT_FF_0[1]_i_19_n_0
    SLICE_X4Y5           LUT6 (Prop_lut6_I2_O)        0.045     1.150 r  rand/SLOT_LAT_FF_0[0]_i_2/O
                         net (fo=2, routed)           0.161     1.311    rand/SLOT_LAT_FF_0[0]_i_2_n_0
    SLICE_X4Y4           LUT6 (Prop_lut6_I2_O)        0.045     1.356 f  rand/SLOT_LAT_FF_0[0]_i_1/O
                         net (fo=21, routed)          0.353     1.709    rand/slot_use_0[0]
    SLICE_X4Y11          LUT3 (Prop_lut3_I1_O)        0.045     1.754 r  rand/RIP0_FF[5]_i_4/O
                         net (fo=2, routed)           0.119     1.873    rand/RIP0_FF[5]_i_4_n_0
    SLICE_X3Y11          LUT6 (Prop_lut6_I4_O)        0.045     1.918 r  rand/vgaRed_OBUF[1]_inst_i_10/O
                         net (fo=10, routed)          0.388     2.305    rand/st1_0
    SLICE_X3Y15          LUT6 (Prop_lut6_I4_O)        0.045     2.350 r  rand/vgaGreen_OBUF[3]_inst_i_4/O
                         net (fo=1, routed)           0.178     2.529    rand/vgaGreen_OBUF[3]_inst_i_4_n_0
    SLICE_X2Y16          LUT6 (Prop_lut6_I3_O)        0.045     2.574 r  rand/vgaGreen_OBUF[3]_inst_i_1/O
                         net (fo=1, routed)           0.871     3.445    vgaGreen_OBUF[3]
    D17                  OBUF (Prop_obuf_I_O)         1.231     4.676 r  vgaGreen_OBUF[3]_inst/O
                         net (fo=0)                   0.000     4.676    vgaGreen[3]
    D17                                                               r  vgaGreen[3] (OUT)
  -------------------------------------------------------------------    -------------------

Slack:                    inf
  Source:                 sw[5]
                            (input port)
  Destination:            vgaBlue[0]
                            (output port)
  Path Group:             (none)
  Path Type:              Min at Fast Process Corner
  Data Path Delay:        4.680ns  (logic 1.911ns (40.828%)  route 2.769ns (59.172%))
  Logic Levels:           11  (IBUF=1 LUT2=1 LUT3=2 LUT5=1 LUT6=5 OBUF=1)

    Location             Delay type                Incr(ns)  Path(ns)    Netlist Resource(s)
  -------------------------------------------------------------------    -------------------
    V15                                               0.000     0.000 f  sw[5] (IN)
                         net (fo=0)                   0.000     0.000    sw[5]
    V15                  IBUF (Prop_ibuf_I_O)         0.234     0.234 f  sw_IBUF[5]_inst/O
                         net (fo=6, routed)           0.452     0.686    rand/sw_IBUF[5]
    SLICE_X0Y7           LUT6 (Prop_lut6_I1_O)        0.045     0.731 f  rand/SLOT_LAT_FF_0[1]_i_32/O
                         net (fo=4, routed)           0.246     0.978    rand/SLOT_LAT_FF_0[1]_i_32_n_0
    SLICE_X4Y5           LUT6 (Prop_lut6_I0_O)        0.045     1.023 r  rand/SLOT_LAT_FF_0[1]_i_19/O
                         net (fo=4, routed)           0.082     1.105    rand/SLOT_LAT_FF_0[1]_i_19_n_0
    SLICE_X4Y5           LUT6 (Prop_lut6_I2_O)        0.045     1.150 r  rand/SLOT_LAT_FF_0[0]_i_2/O
                         net (fo=2, routed)           0.161     1.311    rand/SLOT_LAT_FF_0[0]_i_2_n_0
    SLICE_X4Y4           LUT6 (Prop_lut6_I2_O)        0.045     1.356 f  rand/SLOT_LAT_FF_0[0]_i_1/O
                         net (fo=21, routed)          0.353     1.709    rand/slot_use_0[0]
    SLICE_X4Y11          LUT3 (Prop_lut3_I1_O)        0.045     1.754 r  rand/RIP0_FF[5]_i_4/O
                         net (fo=2, routed)           0.119     1.873    rand/RIP0_FF[5]_i_4_n_0
    SLICE_X3Y11          LUT6 (Prop_lut6_I4_O)        0.045     1.918 r  rand/vgaRed_OBUF[1]_inst_i_10/O
                         net (fo=10, routed)          0.238     2.156    rand/st1_0
    SLICE_X2Y13          LUT2 (Prop_lut2_I0_O)        0.047     2.203 r  rand/vgaRed_OBUF[3]_inst_i_25/O
                         net (fo=3, routed)           0.318     2.521    PA/VPX_counter/vgaGreen_OBUF[3]_inst_i_1_0
    SLICE_X3Y16          LUT5 (Prop_lut5_I3_O)        0.118     2.639 r  PA/VPX_counter/vgaRed_OBUF[2]_inst_i_2/O
                         net (fo=7, routed)           0.258     2.897    PA/VPX_counter/ff5_2
    SLICE_X0Y19          LUT3 (Prop_lut3_I1_O)        0.045     2.942 r  PA/VPX_counter/vgaBlue_OBUF[0]_inst_i_1/O
                         net (fo=1, routed)           0.541     3.483    vgaBlue_OBUF[0]
    N18                  OBUF (Prop_obuf_I_O)         1.197     4.680 r  vgaBlue_OBUF[0]_inst/O
                         net (fo=0)                   0.000     4.680    vgaBlue[0]
    N18                                                               r  vgaBlue[0] (OUT)
  -------------------------------------------------------------------    -------------------

Slack:                    inf
  Source:                 sw[5]
                            (input port)
  Destination:            vgaBlue[3]
                            (output port)
  Path Group:             (none)
  Path Type:              Min at Fast Process Corner
  Data Path Delay:        4.844ns  (logic 2.005ns (41.385%)  route 2.839ns (58.615%))
  Logic Levels:           11  (IBUF=1 LUT2=2 LUT3=1 LUT5=1 LUT6=5 OBUF=1)

    Location             Delay type                Incr(ns)  Path(ns)    Netlist Resource(s)
  -------------------------------------------------------------------    -------------------
    V15                                               0.000     0.000 f  sw[5] (IN)
                         net (fo=0)                   0.000     0.000    sw[5]
    V15                  IBUF (Prop_ibuf_I_O)         0.234     0.234 f  sw_IBUF[5]_inst/O
                         net (fo=6, routed)           0.452     0.686    rand/sw_IBUF[5]
    SLICE_X0Y7           LUT6 (Prop_lut6_I1_O)        0.045     0.731 f  rand/SLOT_LAT_FF_0[1]_i_32/O
                         net (fo=4, routed)           0.246     0.978    rand/SLOT_LAT_FF_0[1]_i_32_n_0
    SLICE_X4Y5           LUT6 (Prop_lut6_I0_O)        0.045     1.023 r  rand/SLOT_LAT_FF_0[1]_i_19/O
                         net (fo=4, routed)           0.082     1.105    rand/SLOT_LAT_FF_0[1]_i_19_n_0
    SLICE_X4Y5           LUT6 (Prop_lut6_I2_O)        0.045     1.150 r  rand/SLOT_LAT_FF_0[0]_i_2/O
                         net (fo=2, routed)           0.161     1.311    rand/SLOT_LAT_FF_0[0]_i_2_n_0
    SLICE_X4Y4           LUT6 (Prop_lut6_I2_O)        0.045     1.356 f  rand/SLOT_LAT_FF_0[0]_i_1/O
                         net (fo=21, routed)          0.353     1.709    rand/slot_use_0[0]
    SLICE_X4Y11          LUT3 (Prop_lut3_I1_O)        0.045     1.754 r  rand/RIP0_FF[5]_i_4/O
                         net (fo=2, routed)           0.119     1.873    rand/RIP0_FF[5]_i_4_n_0
    SLICE_X3Y11          LUT6 (Prop_lut6_I4_O)        0.045     1.918 r  rand/vgaRed_OBUF[1]_inst_i_10/O
                         net (fo=10, routed)          0.238     2.156    rand/st1_0
    SLICE_X2Y13          LUT2 (Prop_lut2_I0_O)        0.047     2.203 r  rand/vgaRed_OBUF[3]_inst_i_25/O
                         net (fo=3, routed)           0.318     2.521    PA/VPX_counter/vgaGreen_OBUF[3]_inst_i_1_0
    SLICE_X3Y16          LUT5 (Prop_lut5_I3_O)        0.118     2.639 r  PA/VPX_counter/vgaRed_OBUF[2]_inst_i_2/O
                         net (fo=7, routed)           0.258     2.897    PA/VPX_counter/ff5_2
    SLICE_X0Y19          LUT2 (Prop_lut2_I0_O)        0.048     2.945 r  PA/VPX_counter/vgaBlue_OBUF[3]_inst_i_1/O
                         net (fo=1, routed)           0.611     3.556    vgaBlue_OBUF[3]
    J18                  OBUF (Prop_obuf_I_O)         1.288     4.844 r  vgaBlue_OBUF[3]_inst/O
                         net (fo=0)                   0.000     4.844    vgaBlue[3]
    J18                                                               r  vgaBlue[3] (OUT)
  -------------------------------------------------------------------    -------------------





--------------------------------------------------------------------------------------
Path Group:  (none)
From Clock:  clk_out1_clk_wiz_0
  To Clock:  

Max Delay            29 Endpoints
Min Delay            29 Endpoints
--------------------------------------------------------------------------------------


Max Delay Paths
--------------------------------------------------------------------------------------
Slack:                    inf
  Source:                 PA/HPX_counter/ff15/C
                            (rising edge-triggered cell FDRE clocked by clk_out1_clk_wiz_0  {rise@0.000ns fall@20.000ns period=40.000ns})
  Destination:            vgaGreen[3]
                            (output port)
  Path Group:             (none)
  Path Type:              Max at Slow Process Corner
  Data Path Delay:        29.380ns  (logic 10.022ns (34.114%)  route 19.357ns (65.886%))
  Logic Levels:           24  (CARRY4=5 LUT2=3 LUT3=1 LUT4=3 LUT5=2 LUT6=9 OBUF=1)
  Clock Uncertainty:      0.195ns  ((TSJ^2 + DJ^2)^1/2) / 2 + PE
    Total System Jitter     (TSJ):    0.050ns
    Discrete Jitter          (DJ):    0.175ns
    Phase Error              (PE):    0.104ns

    Location             Delay type                Incr(ns)  Path(ns)    Netlist Resource(s)
  -------------------------------------------------------------------    -------------------
                         (clock clk_out1_clk_wiz_0 rise edge)
                                                      0.000     0.000 r  
    W5                                                0.000     0.000 r  clkin (IN)
                         net (fo=0)                   0.000     0.000    not_so_slow/my_clk_inst/clkin
    W5                   IBUF (Prop_ibuf_I_O)         1.458     1.458 r  not_so_slow/my_clk_inst/clkin1_ibufg/O
                         net (fo=1, routed)           1.233     2.691    not_so_slow/my_clk_inst/clk_in1_clk_wiz_0
    MMCME2_ADV_X1Y0      MMCME2_ADV (Prop_mmcme2_adv_CLKIN1_CLKOUT0)
                                                     -6.961    -4.269 r  not_so_slow/my_clk_inst/mmcm_adv_inst/CLKOUT0
                         net (fo=1, routed)           1.661    -2.608    not_so_slow/slowclk/clk_int
    BUFGCTRL_X0Y0        BUFG (Prop_bufg_I_O)         0.096    -2.512 r  not_so_slow/slowclk/XLXI_401/O
                         net (fo=369, routed)         1.564    -0.948    PA/HPX_counter/clk_out
    SLICE_X15Y14         FDRE                                         r  PA/HPX_counter/ff15/C
  -------------------------------------------------------------------    -------------------
    SLICE_X15Y14         FDRE (Prop_fdre_C_Q)         0.419    -0.529 f  PA/HPX_counter/ff15/Q
                         net (fo=16, routed)          0.994     0.466    PA/HPX_counter/ff15_0
    SLICE_X6Y12          LUT2 (Prop_lut2_I1_O)        0.296     0.762 r  PA/HPX_counter/ff0_i_7__2/O
                         net (fo=1, routed)           0.680     1.442    PA/HPX_counter/ff0_i_7__2_n_0
    SLICE_X6Y12          LUT6 (Prop_lut6_I1_O)        0.124     1.566 r  PA/HPX_counter/ff0_i_5__2/O
                         net (fo=9, routed)           0.815     2.380    PA/HPX_counter/ff9_1
    SLICE_X10Y13         LUT6 (Prop_lut6_I1_O)        0.124     2.504 r  PA/HPX_counter/ff0_i_3__5/O
                         net (fo=2, routed)           1.115     3.620    APPLE_FSM1/SLOT_LAT_FF_0[1]_i_4_1
    SLICE_X10Y7          LUT6 (Prop_lut6_I2_O)        0.124     3.744 f  APPLE_FSM1/SLOT_LAT_FF_0[1]_i_16/O
                         net (fo=2, routed)           0.483     4.227    APPLE_FSM1/SLOT_LAT_FF_0[1]_i_16_n_0
    SLICE_X10Y7          LUT4 (Prop_lut4_I3_O)        0.116     4.343 r  APPLE_FSM1/SLOT_LAT_FF_0[1]_i_4/O
                         net (fo=6, routed)           1.000     5.343    rand/SLOT_LAT_FF_0[1]
    SLICE_X7Y5           LUT6 (Prop_lut6_I0_O)        0.328     5.671 r  rand/APPLEX_FF_0[7]_i_2/O
                         net (fo=7, routed)           0.343     6.014    rand/APPLEX_FF_0[7]_i_2_n_0
    SLICE_X5Y6           LUT6 (Prop_lut6_I1_O)        0.124     6.138 r  rand/SLOT_LAT_FF_1[1]_i_2/O
                         net (fo=1, routed)           0.956     7.094    rand/SLOT_LAT_FF_1[1]_i_2_n_0
    SLICE_X5Y8           LUT3 (Prop_lut3_I0_O)        0.152     7.246 r  rand/SLOT_LAT_FF_1[1]_i_1/O
                         net (fo=18, routed)          1.393     8.639    rand/slot_use_1[1]
    SLICE_X2Y16          LUT6 (Prop_lut6_I2_O)        0.326     8.965 r  rand/st3_i_10/O
                         net (fo=1, routed)           0.927     9.892    rand/st3_i_10_n_0
    SLICE_X1Y11          LUT5 (Prop_lut5_I3_O)        0.124    10.016 r  rand/st3_i_6/O
                         net (fo=1, routed)           0.801    10.817    rand/st3_i_6_n_0
    SLICE_X4Y13          LUT6 (Prop_lut6_I4_O)        0.124    10.941 r  rand/st3_i_2__0/O
                         net (fo=9, routed)           0.769    11.710    rand/st3_0
    SLICE_X4Y6           LUT4 (Prop_lut4_I3_O)        0.124    11.834 r  rand/CAUGHT_LAT_FF_i_65/O
                         net (fo=1, routed)           0.000    11.834    rand/CAUGHT_LAT_FF_i_65_n_0
    SLICE_X4Y6           CARRY4 (Prop_carry4_S[1]_CO[3])
                                                      0.550    12.384 r  rand/CAUGHT_LAT_FF_i_58/CO[3]
                         net (fo=1, routed)           0.000    12.384    rand/CAUGHT_LAT_FF_i_58_n_0
    SLICE_X4Y7           CARRY4 (Prop_carry4_CI_O[1])
                                                      0.334    12.718 r  rand/CAUGHT_LAT_FF_i_56/O[1]
                         net (fo=5, routed)           0.482    13.200    rand/appleX_draw_1[5]
    SLICE_X3Y9           CARRY4 (Prop_carry4_S[1]_CO[3])
                                                      0.853    14.053 r  rand/CAUGHT_LAT_FF_i_60/CO[3]
                         net (fo=1, routed)           0.000    14.053    rand/CAUGHT_LAT_FF_i_60_n_0
    SLICE_X3Y10          CARRY4 (Prop_carry4_CI_O[1])
                                                      0.334    14.387 r  rand/CAUGHT_LAT_FF_i_53/O[1]
                         net (fo=4, routed)           0.838    15.225    rand/a1_x1[9]
    SLICE_X6Y10          LUT4 (Prop_lut4_I0_O)        0.303    15.528 r  rand/vgaRed_OBUF[3]_inst_i_90/O
                         net (fo=1, routed)           0.000    15.528    PA/HPX_counter/vgaRed_OBUF[3]_inst_i_26_0[0]
    SLICE_X6Y10          CARRY4 (Prop_carry4_S[0]_CO[3])
                                                      0.513    16.041 f  PA/HPX_counter/vgaRed_OBUF[3]_inst_i_46/CO[3]
                         net (fo=1, routed)           1.259    17.300    PA/VPX_counter/vgaRed_OBUF[1]_inst_i_11_0[0]
    SLICE_X7Y14          LUT6 (Prop_lut6_I4_O)        0.124    17.424 f  PA/VPX_counter/vgaRed_OBUF[3]_inst_i_26/O
                         net (fo=2, routed)           0.665    18.089    APPLE_FSM0/vgaRed_OBUF[1]_inst_i_3
    SLICE_X7Y14          LUT2 (Prop_lut2_I1_O)        0.152    18.241 r  APPLE_FSM0/vgaRed_OBUF[1]_inst_i_11/O
                         net (fo=10, routed)          1.055    19.297    rand/vgaRed_OBUF[2]_inst_i_2
    SLICE_X2Y13          LUT2 (Prop_lut2_I1_O)        0.352    19.649 r  rand/vgaRed_OBUF[3]_inst_i_25/O
                         net (fo=3, routed)           0.827    20.476    PA/VPX_counter/vgaGreen_OBUF[3]_inst_i_1_0
    SLICE_X3Y16          LUT5 (Prop_lut5_I3_O)        0.348    20.824 r  PA/VPX_counter/vgaRed_OBUF[2]_inst_i_2/O
                         net (fo=7, routed)           1.017    21.841    rand/vgaRed[2]
    SLICE_X2Y16          LUT6 (Prop_lut6_I5_O)        0.124    21.965 r  rand/vgaGreen_OBUF[3]_inst_i_1/O
                         net (fo=1, routed)           2.937    24.902    vgaGreen_OBUF[3]
    D17                  OBUF (Prop_obuf_I_O)         3.530    28.432 r  vgaGreen_OBUF[3]_inst/O
                         net (fo=0)                   0.000    28.432    vgaGreen[3]
    D17                                                               r  vgaGreen[3] (OUT)
  -------------------------------------------------------------------    -------------------

Slack:                    inf
  Source:                 PA/HPX_counter/ff15/C
                            (rising edge-triggered cell FDRE clocked by clk_out1_clk_wiz_0  {rise@0.000ns fall@20.000ns period=40.000ns})
  Destination:            vgaGreen[1]
                            (output port)
  Path Group:             (none)
  Path Type:              Max at Slow Process Corner
  Data Path Delay:        29.198ns  (logic 9.997ns (34.240%)  route 19.201ns (65.760%))
  Logic Levels:           24  (CARRY4=5 LUT2=3 LUT3=1 LUT4=3 LUT5=2 LUT6=9 OBUF=1)
  Clock Uncertainty:      0.195ns  ((TSJ^2 + DJ^2)^1/2) / 2 + PE
    Total System Jitter     (TSJ):    0.050ns
    Discrete Jitter          (DJ):    0.175ns
    Phase Error              (PE):    0.104ns

    Location             Delay type                Incr(ns)  Path(ns)    Netlist Resource(s)
  -------------------------------------------------------------------    -------------------
                         (clock clk_out1_clk_wiz_0 rise edge)
                                                      0.000     0.000 r  
    W5                                                0.000     0.000 r  clkin (IN)
                         net (fo=0)                   0.000     0.000    not_so_slow/my_clk_inst/clkin
    W5                   IBUF (Prop_ibuf_I_O)         1.458     1.458 r  not_so_slow/my_clk_inst/clkin1_ibufg/O
                         net (fo=1, routed)           1.233     2.691    not_so_slow/my_clk_inst/clk_in1_clk_wiz_0
    MMCME2_ADV_X1Y0      MMCME2_ADV (Prop_mmcme2_adv_CLKIN1_CLKOUT0)
                                                     -6.961    -4.269 r  not_so_slow/my_clk_inst/mmcm_adv_inst/CLKOUT0
                         net (fo=1, routed)           1.661    -2.608    not_so_slow/slowclk/clk_int
    BUFGCTRL_X0Y0        BUFG (Prop_bufg_I_O)         0.096    -2.512 r  not_so_slow/slowclk/XLXI_401/O
                         net (fo=369, routed)         1.564    -0.948    PA/HPX_counter/clk_out
    SLICE_X15Y14         FDRE                                         r  PA/HPX_counter/ff15/C
  -------------------------------------------------------------------    -------------------
    SLICE_X15Y14         FDRE (Prop_fdre_C_Q)         0.419    -0.529 f  PA/HPX_counter/ff15/Q
                         net (fo=16, routed)          0.994     0.466    PA/HPX_counter/ff15_0
    SLICE_X6Y12          LUT2 (Prop_lut2_I1_O)        0.296     0.762 r  PA/HPX_counter/ff0_i_7__2/O
                         net (fo=1, routed)           0.680     1.442    PA/HPX_counter/ff0_i_7__2_n_0
    SLICE_X6Y12          LUT6 (Prop_lut6_I1_O)        0.124     1.566 r  PA/HPX_counter/ff0_i_5__2/O
                         net (fo=9, routed)           0.815     2.380    PA/HPX_counter/ff9_1
    SLICE_X10Y13         LUT6 (Prop_lut6_I1_O)        0.124     2.504 r  PA/HPX_counter/ff0_i_3__5/O
                         net (fo=2, routed)           1.115     3.620    APPLE_FSM1/SLOT_LAT_FF_0[1]_i_4_1
    SLICE_X10Y7          LUT6 (Prop_lut6_I2_O)        0.124     3.744 f  APPLE_FSM1/SLOT_LAT_FF_0[1]_i_16/O
                         net (fo=2, routed)           0.483     4.227    APPLE_FSM1/SLOT_LAT_FF_0[1]_i_16_n_0
    SLICE_X10Y7          LUT4 (Prop_lut4_I3_O)        0.116     4.343 r  APPLE_FSM1/SLOT_LAT_FF_0[1]_i_4/O
                         net (fo=6, routed)           1.000     5.343    rand/SLOT_LAT_FF_0[1]
    SLICE_X7Y5           LUT6 (Prop_lut6_I0_O)        0.328     5.671 r  rand/APPLEX_FF_0[7]_i_2/O
                         net (fo=7, routed)           0.343     6.014    rand/APPLEX_FF_0[7]_i_2_n_0
    SLICE_X5Y6           LUT6 (Prop_lut6_I1_O)        0.124     6.138 r  rand/SLOT_LAT_FF_1[1]_i_2/O
                         net (fo=1, routed)           0.956     7.094    rand/SLOT_LAT_FF_1[1]_i_2_n_0
    SLICE_X5Y8           LUT3 (Prop_lut3_I0_O)        0.152     7.246 r  rand/SLOT_LAT_FF_1[1]_i_1/O
                         net (fo=18, routed)          1.393     8.639    rand/slot_use_1[1]
    SLICE_X2Y16          LUT6 (Prop_lut6_I2_O)        0.326     8.965 r  rand/st3_i_10/O
                         net (fo=1, routed)           0.927     9.892    rand/st3_i_10_n_0
    SLICE_X1Y11          LUT5 (Prop_lut5_I3_O)        0.124    10.016 r  rand/st3_i_6/O
                         net (fo=1, routed)           0.801    10.817    rand/st3_i_6_n_0
    SLICE_X4Y13          LUT6 (Prop_lut6_I4_O)        0.124    10.941 r  rand/st3_i_2__0/O
                         net (fo=9, routed)           0.769    11.710    rand/st3_0
    SLICE_X4Y6           LUT4 (Prop_lut4_I3_O)        0.124    11.834 r  rand/CAUGHT_LAT_FF_i_65/O
                         net (fo=1, routed)           0.000    11.834    rand/CAUGHT_LAT_FF_i_65_n_0
    SLICE_X4Y6           CARRY4 (Prop_carry4_S[1]_CO[3])
                                                      0.550    12.384 r  rand/CAUGHT_LAT_FF_i_58/CO[3]
                         net (fo=1, routed)           0.000    12.384    rand/CAUGHT_LAT_FF_i_58_n_0
    SLICE_X4Y7           CARRY4 (Prop_carry4_CI_O[1])
                                                      0.334    12.718 r  rand/CAUGHT_LAT_FF_i_56/O[1]
                         net (fo=5, routed)           0.482    13.200    rand/appleX_draw_1[5]
    SLICE_X3Y9           CARRY4 (Prop_carry4_S[1]_CO[3])
                                                      0.853    14.053 r  rand/CAUGHT_LAT_FF_i_60/CO[3]
                         net (fo=1, routed)           0.000    14.053    rand/CAUGHT_LAT_FF_i_60_n_0
    SLICE_X3Y10          CARRY4 (Prop_carry4_CI_O[1])
                                                      0.334    14.387 r  rand/CAUGHT_LAT_FF_i_53/O[1]
                         net (fo=4, routed)           0.838    15.225    rand/a1_x1[9]
    SLICE_X6Y10          LUT4 (Prop_lut4_I0_O)        0.303    15.528 r  rand/vgaRed_OBUF[3]_inst_i_90/O
                         net (fo=1, routed)           0.000    15.528    PA/HPX_counter/vgaRed_OBUF[3]_inst_i_26_0[0]
    SLICE_X6Y10          CARRY4 (Prop_carry4_S[0]_CO[3])
                                                      0.513    16.041 f  PA/HPX_counter/vgaRed_OBUF[3]_inst_i_46/CO[3]
                         net (fo=1, routed)           1.259    17.300    PA/VPX_counter/vgaRed_OBUF[1]_inst_i_11_0[0]
    SLICE_X7Y14          LUT6 (Prop_lut6_I4_O)        0.124    17.424 f  PA/VPX_counter/vgaRed_OBUF[3]_inst_i_26/O
                         net (fo=2, routed)           0.665    18.089    APPLE_FSM0/vgaRed_OBUF[1]_inst_i_3
    SLICE_X7Y14          LUT2 (Prop_lut2_I1_O)        0.152    18.241 r  APPLE_FSM0/vgaRed_OBUF[1]_inst_i_11/O
                         net (fo=10, routed)          1.055    19.297    rand/vgaRed_OBUF[2]_inst_i_2
    SLICE_X2Y13          LUT2 (Prop_lut2_I1_O)        0.352    19.649 r  rand/vgaRed_OBUF[3]_inst_i_25/O
                         net (fo=3, routed)           1.104    20.753    PA/VPX_counter/vgaGreen_OBUF[3]_inst_i_1_0
    SLICE_X3Y16          LUT6 (Prop_lut6_I4_O)        0.348    21.101 r  PA/VPX_counter/vgaRed_OBUF[3]_inst_i_7/O
                         net (fo=4, routed)           1.036    22.137    rand/vgaGreen[1]_0
    SLICE_X2Y17          LUT5 (Prop_lut5_I4_O)        0.124    22.261 r  rand/vgaGreen_OBUF[1]_inst_i_1/O
                         net (fo=1, routed)           2.485    24.745    vgaGreen_OBUF[1]
    H17                  OBUF (Prop_obuf_I_O)         3.505    28.251 r  vgaGreen_OBUF[1]_inst/O
                         net (fo=0)                   0.000    28.251    vgaGreen[1]
    H17                                                               r  vgaGreen[1] (OUT)
  -------------------------------------------------------------------    -------------------

Slack:                    inf
  Source:                 PA/HPX_counter/ff15/C
                            (rising edge-triggered cell FDRE clocked by clk_out1_clk_wiz_0  {rise@0.000ns fall@20.000ns period=40.000ns})
  Destination:            vgaGreen[2]
                            (output port)
  Path Group:             (none)
  Path Type:              Max at Slow Process Corner
  Data Path Delay:        28.865ns  (logic 10.021ns (34.717%)  route 18.844ns (65.283%))
  Logic Levels:           24  (CARRY4=5 LUT2=3 LUT3=1 LUT4=3 LUT5=1 LUT6=10 OBUF=1)
  Clock Uncertainty:      0.195ns  ((TSJ^2 + DJ^2)^1/2) / 2 + PE
    Total System Jitter     (TSJ):    0.050ns
    Discrete Jitter          (DJ):    0.175ns
    Phase Error              (PE):    0.104ns

    Location             Delay type                Incr(ns)  Path(ns)    Netlist Resource(s)
  -------------------------------------------------------------------    -------------------
                         (clock clk_out1_clk_wiz_0 rise edge)
                                                      0.000     0.000 r  
    W5                                                0.000     0.000 r  clkin (IN)
                         net (fo=0)                   0.000     0.000    not_so_slow/my_clk_inst/clkin
    W5                   IBUF (Prop_ibuf_I_O)         1.458     1.458 r  not_so_slow/my_clk_inst/clkin1_ibufg/O
                         net (fo=1, routed)           1.233     2.691    not_so_slow/my_clk_inst/clk_in1_clk_wiz_0
    MMCME2_ADV_X1Y0      MMCME2_ADV (Prop_mmcme2_adv_CLKIN1_CLKOUT0)
                                                     -6.961    -4.269 r  not_so_slow/my_clk_inst/mmcm_adv_inst/CLKOUT0
                         net (fo=1, routed)           1.661    -2.608    not_so_slow/slowclk/clk_int
    BUFGCTRL_X0Y0        BUFG (Prop_bufg_I_O)         0.096    -2.512 r  not_so_slow/slowclk/XLXI_401/O
                         net (fo=369, routed)         1.564    -0.948    PA/HPX_counter/clk_out
    SLICE_X15Y14         FDRE                                         r  PA/HPX_counter/ff15/C
  -------------------------------------------------------------------    -------------------
    SLICE_X15Y14         FDRE (Prop_fdre_C_Q)         0.419    -0.529 f  PA/HPX_counter/ff15/Q
                         net (fo=16, routed)          0.994     0.466    PA/HPX_counter/ff15_0
    SLICE_X6Y12          LUT2 (Prop_lut2_I1_O)        0.296     0.762 r  PA/HPX_counter/ff0_i_7__2/O
                         net (fo=1, routed)           0.680     1.442    PA/HPX_counter/ff0_i_7__2_n_0
    SLICE_X6Y12          LUT6 (Prop_lut6_I1_O)        0.124     1.566 r  PA/HPX_counter/ff0_i_5__2/O
                         net (fo=9, routed)           0.815     2.380    PA/HPX_counter/ff9_1
    SLICE_X10Y13         LUT6 (Prop_lut6_I1_O)        0.124     2.504 r  PA/HPX_counter/ff0_i_3__5/O
                         net (fo=2, routed)           1.115     3.620    APPLE_FSM1/SLOT_LAT_FF_0[1]_i_4_1
    SLICE_X10Y7          LUT6 (Prop_lut6_I2_O)        0.124     3.744 f  APPLE_FSM1/SLOT_LAT_FF_0[1]_i_16/O
                         net (fo=2, routed)           0.483     4.227    APPLE_FSM1/SLOT_LAT_FF_0[1]_i_16_n_0
    SLICE_X10Y7          LUT4 (Prop_lut4_I3_O)        0.116     4.343 r  APPLE_FSM1/SLOT_LAT_FF_0[1]_i_4/O
                         net (fo=6, routed)           1.000     5.343    rand/SLOT_LAT_FF_0[1]
    SLICE_X7Y5           LUT6 (Prop_lut6_I0_O)        0.328     5.671 r  rand/APPLEX_FF_0[7]_i_2/O
                         net (fo=7, routed)           0.343     6.014    rand/APPLEX_FF_0[7]_i_2_n_0
    SLICE_X5Y6           LUT6 (Prop_lut6_I1_O)        0.124     6.138 r  rand/SLOT_LAT_FF_1[1]_i_2/O
                         net (fo=1, routed)           0.956     7.094    rand/SLOT_LAT_FF_1[1]_i_2_n_0
    SLICE_X5Y8           LUT3 (Prop_lut3_I0_O)        0.152     7.246 r  rand/SLOT_LAT_FF_1[1]_i_1/O
                         net (fo=18, routed)          1.393     8.639    rand/slot_use_1[1]
    SLICE_X2Y16          LUT6 (Prop_lut6_I2_O)        0.326     8.965 r  rand/st3_i_10/O
                         net (fo=1, routed)           0.927     9.892    rand/st3_i_10_n_0
    SLICE_X1Y11          LUT5 (Prop_lut5_I3_O)        0.124    10.016 r  rand/st3_i_6/O
                         net (fo=1, routed)           0.801    10.817    rand/st3_i_6_n_0
    SLICE_X4Y13          LUT6 (Prop_lut6_I4_O)        0.124    10.941 r  rand/st3_i_2__0/O
                         net (fo=9, routed)           0.769    11.710    rand/st3_0
    SLICE_X4Y6           LUT4 (Prop_lut4_I3_O)        0.124    11.834 r  rand/CAUGHT_LAT_FF_i_65/O
                         net (fo=1, routed)           0.000    11.834    rand/CAUGHT_LAT_FF_i_65_n_0
    SLICE_X4Y6           CARRY4 (Prop_carry4_S[1]_CO[3])
                                                      0.550    12.384 r  rand/CAUGHT_LAT_FF_i_58/CO[3]
                         net (fo=1, routed)           0.000    12.384    rand/CAUGHT_LAT_FF_i_58_n_0
    SLICE_X4Y7           CARRY4 (Prop_carry4_CI_O[1])
                                                      0.334    12.718 r  rand/CAUGHT_LAT_FF_i_56/O[1]
                         net (fo=5, routed)           0.482    13.200    rand/appleX_draw_1[5]
    SLICE_X3Y9           CARRY4 (Prop_carry4_S[1]_CO[3])
                                                      0.853    14.053 r  rand/CAUGHT_LAT_FF_i_60/CO[3]
                         net (fo=1, routed)           0.000    14.053    rand/CAUGHT_LAT_FF_i_60_n_0
    SLICE_X3Y10          CARRY4 (Prop_carry4_CI_O[1])
                                                      0.334    14.387 r  rand/CAUGHT_LAT_FF_i_53/O[1]
                         net (fo=4, routed)           0.838    15.225    rand/a1_x1[9]
    SLICE_X6Y10          LUT4 (Prop_lut4_I0_O)        0.303    15.528 r  rand/vgaRed_OBUF[3]_inst_i_90/O
                         net (fo=1, routed)           0.000    15.528    PA/HPX_counter/vgaRed_OBUF[3]_inst_i_26_0[0]
    SLICE_X6Y10          CARRY4 (Prop_carry4_S[0]_CO[3])
                                                      0.513    16.041 f  PA/HPX_counter/vgaRed_OBUF[3]_inst_i_46/CO[3]
                         net (fo=1, routed)           1.259    17.300    PA/VPX_counter/vgaRed_OBUF[1]_inst_i_11_0[0]
    SLICE_X7Y14          LUT6 (Prop_lut6_I4_O)        0.124    17.424 f  PA/VPX_counter/vgaRed_OBUF[3]_inst_i_26/O
                         net (fo=2, routed)           0.665    18.089    APPLE_FSM0/vgaRed_OBUF[1]_inst_i_3
    SLICE_X7Y14          LUT2 (Prop_lut2_I1_O)        0.152    18.241 r  APPLE_FSM0/vgaRed_OBUF[1]_inst_i_11/O
                         net (fo=10, routed)          1.055    19.297    rand/vgaRed_OBUF[2]_inst_i_2
    SLICE_X2Y13          LUT2 (Prop_lut2_I1_O)        0.352    19.649 r  rand/vgaRed_OBUF[3]_inst_i_25/O
                         net (fo=3, routed)           1.104    20.753    PA/VPX_counter/vgaGreen_OBUF[3]_inst_i_1_0
    SLICE_X3Y16          LUT6 (Prop_lut6_I4_O)        0.348    21.101 r  PA/VPX_counter/vgaRed_OBUF[3]_inst_i_7/O
                         net (fo=4, routed)           0.674    21.774    rand/vgaGreen[1]_0
    SLICE_X2Y16          LUT6 (Prop_lut6_I2_O)        0.124    21.898 r  rand/vgaGreen_OBUF[2]_inst_i_1/O
                         net (fo=1, routed)           2.491    24.389    vgaGreen_OBUF[2]
    G17                  OBUF (Prop_obuf_I_O)         3.529    27.918 r  vgaGreen_OBUF[2]_inst/O
                         net (fo=0)                   0.000    27.918    vgaGreen[2]
    G17                                                               r  vgaGreen[2] (OUT)
  -------------------------------------------------------------------    -------------------

Slack:                    inf
  Source:                 PA/HPX_counter/ff15/C
                            (rising edge-triggered cell FDRE clocked by clk_out1_clk_wiz_0  {rise@0.000ns fall@20.000ns period=40.000ns})
  Destination:            vgaGreen[0]
                            (output port)
  Path Group:             (none)
  Path Type:              Max at Slow Process Corner
  Data Path Delay:        28.828ns  (logic 10.013ns (34.733%)  route 18.815ns (65.267%))
  Logic Levels:           24  (CARRY4=5 LUT2=3 LUT3=1 LUT4=3 LUT5=1 LUT6=10 OBUF=1)
  Clock Uncertainty:      0.195ns  ((TSJ^2 + DJ^2)^1/2) / 2 + PE
    Total System Jitter     (TSJ):    0.050ns
    Discrete Jitter          (DJ):    0.175ns
    Phase Error              (PE):    0.104ns

    Location             Delay type                Incr(ns)  Path(ns)    Netlist Resource(s)
  -------------------------------------------------------------------    -------------------
                         (clock clk_out1_clk_wiz_0 rise edge)
                                                      0.000     0.000 r  
    W5                                                0.000     0.000 r  clkin (IN)
                         net (fo=0)                   0.000     0.000    not_so_slow/my_clk_inst/clkin
    W5                   IBUF (Prop_ibuf_I_O)         1.458     1.458 r  not_so_slow/my_clk_inst/clkin1_ibufg/O
                         net (fo=1, routed)           1.233     2.691    not_so_slow/my_clk_inst/clk_in1_clk_wiz_0
    MMCME2_ADV_X1Y0      MMCME2_ADV (Prop_mmcme2_adv_CLKIN1_CLKOUT0)
                                                     -6.961    -4.269 r  not_so_slow/my_clk_inst/mmcm_adv_inst/CLKOUT0
                         net (fo=1, routed)           1.661    -2.608    not_so_slow/slowclk/clk_int
    BUFGCTRL_X0Y0        BUFG (Prop_bufg_I_O)         0.096    -2.512 r  not_so_slow/slowclk/XLXI_401/O
                         net (fo=369, routed)         1.564    -0.948    PA/HPX_counter/clk_out
    SLICE_X15Y14         FDRE                                         r  PA/HPX_counter/ff15/C
  -------------------------------------------------------------------    -------------------
    SLICE_X15Y14         FDRE (Prop_fdre_C_Q)         0.419    -0.529 f  PA/HPX_counter/ff15/Q
                         net (fo=16, routed)          0.994     0.466    PA/HPX_counter/ff15_0
    SLICE_X6Y12          LUT2 (Prop_lut2_I1_O)        0.296     0.762 r  PA/HPX_counter/ff0_i_7__2/O
                         net (fo=1, routed)           0.680     1.442    PA/HPX_counter/ff0_i_7__2_n_0
    SLICE_X6Y12          LUT6 (Prop_lut6_I1_O)        0.124     1.566 r  PA/HPX_counter/ff0_i_5__2/O
                         net (fo=9, routed)           0.815     2.380    PA/HPX_counter/ff9_1
    SLICE_X10Y13         LUT6 (Prop_lut6_I1_O)        0.124     2.504 r  PA/HPX_counter/ff0_i_3__5/O
                         net (fo=2, routed)           1.115     3.620    APPLE_FSM1/SLOT_LAT_FF_0[1]_i_4_1
    SLICE_X10Y7          LUT6 (Prop_lut6_I2_O)        0.124     3.744 f  APPLE_FSM1/SLOT_LAT_FF_0[1]_i_16/O
                         net (fo=2, routed)           0.483     4.227    APPLE_FSM1/SLOT_LAT_FF_0[1]_i_16_n_0
    SLICE_X10Y7          LUT4 (Prop_lut4_I3_O)        0.116     4.343 r  APPLE_FSM1/SLOT_LAT_FF_0[1]_i_4/O
                         net (fo=6, routed)           1.000     5.343    rand/SLOT_LAT_FF_0[1]
    SLICE_X7Y5           LUT6 (Prop_lut6_I0_O)        0.328     5.671 r  rand/APPLEX_FF_0[7]_i_2/O
                         net (fo=7, routed)           0.343     6.014    rand/APPLEX_FF_0[7]_i_2_n_0
    SLICE_X5Y6           LUT6 (Prop_lut6_I1_O)        0.124     6.138 r  rand/SLOT_LAT_FF_1[1]_i_2/O
                         net (fo=1, routed)           0.956     7.094    rand/SLOT_LAT_FF_1[1]_i_2_n_0
    SLICE_X5Y8           LUT3 (Prop_lut3_I0_O)        0.152     7.246 r  rand/SLOT_LAT_FF_1[1]_i_1/O
                         net (fo=18, routed)          1.393     8.639    rand/slot_use_1[1]
    SLICE_X2Y16          LUT6 (Prop_lut6_I2_O)        0.326     8.965 r  rand/st3_i_10/O
                         net (fo=1, routed)           0.927     9.892    rand/st3_i_10_n_0
    SLICE_X1Y11          LUT5 (Prop_lut5_I3_O)        0.124    10.016 r  rand/st3_i_6/O
                         net (fo=1, routed)           0.801    10.817    rand/st3_i_6_n_0
    SLICE_X4Y13          LUT6 (Prop_lut6_I4_O)        0.124    10.941 r  rand/st3_i_2__0/O
                         net (fo=9, routed)           0.769    11.710    rand/st3_0
    SLICE_X4Y6           LUT4 (Prop_lut4_I3_O)        0.124    11.834 r  rand/CAUGHT_LAT_FF_i_65/O
                         net (fo=1, routed)           0.000    11.834    rand/CAUGHT_LAT_FF_i_65_n_0
    SLICE_X4Y6           CARRY4 (Prop_carry4_S[1]_CO[3])
                                                      0.550    12.384 r  rand/CAUGHT_LAT_FF_i_58/CO[3]
                         net (fo=1, routed)           0.000    12.384    rand/CAUGHT_LAT_FF_i_58_n_0
    SLICE_X4Y7           CARRY4 (Prop_carry4_CI_O[1])
                                                      0.334    12.718 r  rand/CAUGHT_LAT_FF_i_56/O[1]
                         net (fo=5, routed)           0.482    13.200    rand/appleX_draw_1[5]
    SLICE_X3Y9           CARRY4 (Prop_carry4_S[1]_CO[3])
                                                      0.853    14.053 r  rand/CAUGHT_LAT_FF_i_60/CO[3]
                         net (fo=1, routed)           0.000    14.053    rand/CAUGHT_LAT_FF_i_60_n_0
    SLICE_X3Y10          CARRY4 (Prop_carry4_CI_O[1])
                                                      0.334    14.387 r  rand/CAUGHT_LAT_FF_i_53/O[1]
                         net (fo=4, routed)           0.838    15.225    rand/a1_x1[9]
    SLICE_X6Y10          LUT4 (Prop_lut4_I0_O)        0.303    15.528 r  rand/vgaRed_OBUF[3]_inst_i_90/O
                         net (fo=1, routed)           0.000    15.528    PA/HPX_counter/vgaRed_OBUF[3]_inst_i_26_0[0]
    SLICE_X6Y10          CARRY4 (Prop_carry4_S[0]_CO[3])
                                                      0.513    16.041 f  PA/HPX_counter/vgaRed_OBUF[3]_inst_i_46/CO[3]
                         net (fo=1, routed)           1.259    17.300    PA/VPX_counter/vgaRed_OBUF[1]_inst_i_11_0[0]
    SLICE_X7Y14          LUT6 (Prop_lut6_I4_O)        0.124    17.424 f  PA/VPX_counter/vgaRed_OBUF[3]_inst_i_26/O
                         net (fo=2, routed)           0.665    18.089    APPLE_FSM0/vgaRed_OBUF[1]_inst_i_3
    SLICE_X7Y14          LUT2 (Prop_lut2_I1_O)        0.152    18.241 r  APPLE_FSM0/vgaRed_OBUF[1]_inst_i_11/O
                         net (fo=10, routed)          1.055    19.297    rand/vgaRed_OBUF[2]_inst_i_2
    SLICE_X2Y13          LUT2 (Prop_lut2_I1_O)        0.352    19.649 r  rand/vgaRed_OBUF[3]_inst_i_25/O
                         net (fo=3, routed)           1.104    20.753    PA/VPX_counter/vgaGreen_OBUF[3]_inst_i_1_0
    SLICE_X3Y16          LUT6 (Prop_lut6_I4_O)        0.348    21.101 r  PA/VPX_counter/vgaRed_OBUF[3]_inst_i_7/O
                         net (fo=4, routed)           0.812    21.912    rand/vgaGreen[1]_0
    SLICE_X0Y16          LUT6 (Prop_lut6_I5_O)        0.124    22.036 r  rand/vgaGreen_OBUF[0]_inst_i_1/O
                         net (fo=1, routed)           2.323    24.360    vgaGreen_OBUF[0]
    J17                  OBUF (Prop_obuf_I_O)         3.521    27.880 r  vgaGreen_OBUF[0]_inst/O
                         net (fo=0)                   0.000    27.880    vgaGreen[0]
    J17                                                               r  vgaGreen[0] (OUT)
  -------------------------------------------------------------------    -------------------

Slack:                    inf
  Source:                 PA/HPX_counter/ff15/C
                            (rising edge-triggered cell FDRE clocked by clk_out1_clk_wiz_0  {rise@0.000ns fall@20.000ns period=40.000ns})
  Destination:            vgaRed[1]
                            (output port)
  Path Group:             (none)
  Path Type:              Max at Slow Process Corner
  Data Path Delay:        28.775ns  (logic 10.011ns (34.792%)  route 18.764ns (65.208%))
  Logic Levels:           24  (CARRY4=5 LUT2=3 LUT3=1 LUT4=3 LUT5=3 LUT6=8 OBUF=1)
  Clock Uncertainty:      0.195ns  ((TSJ^2 + DJ^2)^1/2) / 2 + PE
    Total System Jitter     (TSJ):    0.050ns
    Discrete Jitter          (DJ):    0.175ns
    Phase Error              (PE):    0.104ns

    Location             Delay type                Incr(ns)  Path(ns)    Netlist Resource(s)
  -------------------------------------------------------------------    -------------------
                         (clock clk_out1_clk_wiz_0 rise edge)
                                                      0.000     0.000 r  
    W5                                                0.000     0.000 r  clkin (IN)
                         net (fo=0)                   0.000     0.000    not_so_slow/my_clk_inst/clkin
    W5                   IBUF (Prop_ibuf_I_O)         1.458     1.458 r  not_so_slow/my_clk_inst/clkin1_ibufg/O
                         net (fo=1, routed)           1.233     2.691    not_so_slow/my_clk_inst/clk_in1_clk_wiz_0
    MMCME2_ADV_X1Y0      MMCME2_ADV (Prop_mmcme2_adv_CLKIN1_CLKOUT0)
                                                     -6.961    -4.269 r  not_so_slow/my_clk_inst/mmcm_adv_inst/CLKOUT0
                         net (fo=1, routed)           1.661    -2.608    not_so_slow/slowclk/clk_int
    BUFGCTRL_X0Y0        BUFG (Prop_bufg_I_O)         0.096    -2.512 r  not_so_slow/slowclk/XLXI_401/O
                         net (fo=369, routed)         1.564    -0.948    PA/HPX_counter/clk_out
    SLICE_X15Y14         FDRE                                         r  PA/HPX_counter/ff15/C
  -------------------------------------------------------------------    -------------------
    SLICE_X15Y14         FDRE (Prop_fdre_C_Q)         0.419    -0.529 f  PA/HPX_counter/ff15/Q
                         net (fo=16, routed)          0.994     0.466    PA/HPX_counter/ff15_0
    SLICE_X6Y12          LUT2 (Prop_lut2_I1_O)        0.296     0.762 r  PA/HPX_counter/ff0_i_7__2/O
                         net (fo=1, routed)           0.680     1.442    PA/HPX_counter/ff0_i_7__2_n_0
    SLICE_X6Y12          LUT6 (Prop_lut6_I1_O)        0.124     1.566 r  PA/HPX_counter/ff0_i_5__2/O
                         net (fo=9, routed)           0.815     2.380    PA/HPX_counter/ff9_1
    SLICE_X10Y13         LUT6 (Prop_lut6_I1_O)        0.124     2.504 r  PA/HPX_counter/ff0_i_3__5/O
                         net (fo=2, routed)           1.115     3.620    APPLE_FSM1/SLOT_LAT_FF_0[1]_i_4_1
    SLICE_X10Y7          LUT6 (Prop_lut6_I2_O)        0.124     3.744 f  APPLE_FSM1/SLOT_LAT_FF_0[1]_i_16/O
                         net (fo=2, routed)           0.483     4.227    APPLE_FSM1/SLOT_LAT_FF_0[1]_i_16_n_0
    SLICE_X10Y7          LUT4 (Prop_lut4_I3_O)        0.116     4.343 r  APPLE_FSM1/SLOT_LAT_FF_0[1]_i_4/O
                         net (fo=6, routed)           1.000     5.343    rand/SLOT_LAT_FF_0[1]
    SLICE_X7Y5           LUT6 (Prop_lut6_I0_O)        0.328     5.671 r  rand/APPLEX_FF_0[7]_i_2/O
                         net (fo=7, routed)           0.343     6.014    rand/APPLEX_FF_0[7]_i_2_n_0
    SLICE_X5Y6           LUT6 (Prop_lut6_I1_O)        0.124     6.138 r  rand/SLOT_LAT_FF_1[1]_i_2/O
                         net (fo=1, routed)           0.956     7.094    rand/SLOT_LAT_FF_1[1]_i_2_n_0
    SLICE_X5Y8           LUT3 (Prop_lut3_I0_O)        0.152     7.246 r  rand/SLOT_LAT_FF_1[1]_i_1/O
                         net (fo=18, routed)          1.393     8.639    rand/slot_use_1[1]
    SLICE_X2Y16          LUT6 (Prop_lut6_I2_O)        0.326     8.965 r  rand/st3_i_10/O
                         net (fo=1, routed)           0.927     9.892    rand/st3_i_10_n_0
    SLICE_X1Y11          LUT5 (Prop_lut5_I3_O)        0.124    10.016 r  rand/st3_i_6/O
                         net (fo=1, routed)           0.801    10.817    rand/st3_i_6_n_0
    SLICE_X4Y13          LUT6 (Prop_lut6_I4_O)        0.124    10.941 r  rand/st3_i_2__0/O
                         net (fo=9, routed)           0.769    11.710    rand/st3_0
    SLICE_X4Y6           LUT4 (Prop_lut4_I3_O)        0.124    11.834 r  rand/CAUGHT_LAT_FF_i_65/O
                         net (fo=1, routed)           0.000    11.834    rand/CAUGHT_LAT_FF_i_65_n_0
    SLICE_X4Y6           CARRY4 (Prop_carry4_S[1]_CO[3])
                                                      0.550    12.384 r  rand/CAUGHT_LAT_FF_i_58/CO[3]
                         net (fo=1, routed)           0.000    12.384    rand/CAUGHT_LAT_FF_i_58_n_0
    SLICE_X4Y7           CARRY4 (Prop_carry4_CI_O[1])
                                                      0.334    12.718 r  rand/CAUGHT_LAT_FF_i_56/O[1]
                         net (fo=5, routed)           0.482    13.200    rand/appleX_draw_1[5]
    SLICE_X3Y9           CARRY4 (Prop_carry4_S[1]_CO[3])
                                                      0.853    14.053 r  rand/CAUGHT_LAT_FF_i_60/CO[3]
                         net (fo=1, routed)           0.000    14.053    rand/CAUGHT_LAT_FF_i_60_n_0
    SLICE_X3Y10          CARRY4 (Prop_carry4_CI_O[1])
                                                      0.334    14.387 r  rand/CAUGHT_LAT_FF_i_53/O[1]
                         net (fo=4, routed)           0.838    15.225    rand/a1_x1[9]
    SLICE_X6Y10          LUT4 (Prop_lut4_I0_O)        0.303    15.528 r  rand/vgaRed_OBUF[3]_inst_i_90/O
                         net (fo=1, routed)           0.000    15.528    PA/HPX_counter/vgaRed_OBUF[3]_inst_i_26_0[0]
    SLICE_X6Y10          CARRY4 (Prop_carry4_S[0]_CO[3])
                                                      0.513    16.041 f  PA/HPX_counter/vgaRed_OBUF[3]_inst_i_46/CO[3]
                         net (fo=1, routed)           1.259    17.300    PA/VPX_counter/vgaRed_OBUF[1]_inst_i_11_0[0]
    SLICE_X7Y14          LUT6 (Prop_lut6_I4_O)        0.124    17.424 f  PA/VPX_counter/vgaRed_OBUF[3]_inst_i_26/O
                         net (fo=2, routed)           0.665    18.089    APPLE_FSM0/vgaRed_OBUF[1]_inst_i_3
    SLICE_X7Y14          LUT2 (Prop_lut2_I1_O)        0.152    18.241 r  APPLE_FSM0/vgaRed_OBUF[1]_inst_i_11/O
                         net (fo=10, routed)          1.055    19.297    rand/vgaRed_OBUF[2]_inst_i_2
    SLICE_X2Y13          LUT2 (Prop_lut2_I1_O)        0.352    19.649 r  rand/vgaRed_OBUF[3]_inst_i_25/O
                         net (fo=3, routed)           0.827    20.476    PA/VPX_counter/vgaGreen_OBUF[3]_inst_i_1_0
    SLICE_X3Y16          LUT5 (Prop_lut5_I3_O)        0.348    20.824 r  PA/VPX_counter/vgaRed_OBUF[2]_inst_i_2/O
                         net (fo=7, routed)           0.988    21.812    PA/VPX_counter/ff5_2
    SLICE_X3Y17          LUT5 (Prop_lut5_I3_O)        0.124    21.936 r  PA/VPX_counter/vgaRed_OBUF[1]_inst_i_1/O
                         net (fo=1, routed)           2.372    24.308    vgaRed_OBUF[1]
    H19                  OBUF (Prop_obuf_I_O)         3.519    27.827 r  vgaRed_OBUF[1]_inst/O
                         net (fo=0)                   0.000    27.827    vgaRed[1]
    H19                                                               r  vgaRed[1] (OUT)
  -------------------------------------------------------------------    -------------------

Slack:                    inf
  Source:                 PA/HPX_counter/ff15/C
                            (rising edge-triggered cell FDRE clocked by clk_out1_clk_wiz_0  {rise@0.000ns fall@20.000ns period=40.000ns})
  Destination:            vgaRed[0]
                            (output port)
  Path Group:             (none)
  Path Type:              Max at Slow Process Corner
  Data Path Delay:        28.773ns  (logic 10.016ns (34.810%)  route 18.757ns (65.190%))
  Logic Levels:           24  (CARRY4=5 LUT2=3 LUT3=1 LUT4=3 LUT5=3 LUT6=8 OBUF=1)
  Clock Uncertainty:      0.195ns  ((TSJ^2 + DJ^2)^1/2) / 2 + PE
    Total System Jitter     (TSJ):    0.050ns
    Discrete Jitter          (DJ):    0.175ns
    Phase Error              (PE):    0.104ns

    Location             Delay type                Incr(ns)  Path(ns)    Netlist Resource(s)
  -------------------------------------------------------------------    -------------------
                         (clock clk_out1_clk_wiz_0 rise edge)
                                                      0.000     0.000 r  
    W5                                                0.000     0.000 r  clkin (IN)
                         net (fo=0)                   0.000     0.000    not_so_slow/my_clk_inst/clkin
    W5                   IBUF (Prop_ibuf_I_O)         1.458     1.458 r  not_so_slow/my_clk_inst/clkin1_ibufg/O
                         net (fo=1, routed)           1.233     2.691    not_so_slow/my_clk_inst/clk_in1_clk_wiz_0
    MMCME2_ADV_X1Y0      MMCME2_ADV (Prop_mmcme2_adv_CLKIN1_CLKOUT0)
                                                     -6.961    -4.269 r  not_so_slow/my_clk_inst/mmcm_adv_inst/CLKOUT0
                         net (fo=1, routed)           1.661    -2.608    not_so_slow/slowclk/clk_int
    BUFGCTRL_X0Y0        BUFG (Prop_bufg_I_O)         0.096    -2.512 r  not_so_slow/slowclk/XLXI_401/O
                         net (fo=369, routed)         1.564    -0.948    PA/HPX_counter/clk_out
    SLICE_X15Y14         FDRE                                         r  PA/HPX_counter/ff15/C
  -------------------------------------------------------------------    -------------------
    SLICE_X15Y14         FDRE (Prop_fdre_C_Q)         0.419    -0.529 f  PA/HPX_counter/ff15/Q
                         net (fo=16, routed)          0.994     0.466    PA/HPX_counter/ff15_0
    SLICE_X6Y12          LUT2 (Prop_lut2_I1_O)        0.296     0.762 r  PA/HPX_counter/ff0_i_7__2/O
                         net (fo=1, routed)           0.680     1.442    PA/HPX_counter/ff0_i_7__2_n_0
    SLICE_X6Y12          LUT6 (Prop_lut6_I1_O)        0.124     1.566 r  PA/HPX_counter/ff0_i_5__2/O
                         net (fo=9, routed)           0.815     2.380    PA/HPX_counter/ff9_1
    SLICE_X10Y13         LUT6 (Prop_lut6_I1_O)        0.124     2.504 r  PA/HPX_counter/ff0_i_3__5/O
                         net (fo=2, routed)           1.115     3.620    APPLE_FSM1/SLOT_LAT_FF_0[1]_i_4_1
    SLICE_X10Y7          LUT6 (Prop_lut6_I2_O)        0.124     3.744 f  APPLE_FSM1/SLOT_LAT_FF_0[1]_i_16/O
                         net (fo=2, routed)           0.483     4.227    APPLE_FSM1/SLOT_LAT_FF_0[1]_i_16_n_0
    SLICE_X10Y7          LUT4 (Prop_lut4_I3_O)        0.116     4.343 r  APPLE_FSM1/SLOT_LAT_FF_0[1]_i_4/O
                         net (fo=6, routed)           1.000     5.343    rand/SLOT_LAT_FF_0[1]
    SLICE_X7Y5           LUT6 (Prop_lut6_I0_O)        0.328     5.671 r  rand/APPLEX_FF_0[7]_i_2/O
                         net (fo=7, routed)           0.343     6.014    rand/APPLEX_FF_0[7]_i_2_n_0
    SLICE_X5Y6           LUT6 (Prop_lut6_I1_O)        0.124     6.138 r  rand/SLOT_LAT_FF_1[1]_i_2/O
                         net (fo=1, routed)           0.956     7.094    rand/SLOT_LAT_FF_1[1]_i_2_n_0
    SLICE_X5Y8           LUT3 (Prop_lut3_I0_O)        0.152     7.246 r  rand/SLOT_LAT_FF_1[1]_i_1/O
                         net (fo=18, routed)          1.393     8.639    rand/slot_use_1[1]
    SLICE_X2Y16          LUT6 (Prop_lut6_I2_O)        0.326     8.965 r  rand/st3_i_10/O
                         net (fo=1, routed)           0.927     9.892    rand/st3_i_10_n_0
    SLICE_X1Y11          LUT5 (Prop_lut5_I3_O)        0.124    10.016 r  rand/st3_i_6/O
                         net (fo=1, routed)           0.801    10.817    rand/st3_i_6_n_0
    SLICE_X4Y13          LUT6 (Prop_lut6_I4_O)        0.124    10.941 r  rand/st3_i_2__0/O
                         net (fo=9, routed)           0.769    11.710    rand/st3_0
    SLICE_X4Y6           LUT4 (Prop_lut4_I3_O)        0.124    11.834 r  rand/CAUGHT_LAT_FF_i_65/O
                         net (fo=1, routed)           0.000    11.834    rand/CAUGHT_LAT_FF_i_65_n_0
    SLICE_X4Y6           CARRY4 (Prop_carry4_S[1]_CO[3])
                                                      0.550    12.384 r  rand/CAUGHT_LAT_FF_i_58/CO[3]
                         net (fo=1, routed)           0.000    12.384    rand/CAUGHT_LAT_FF_i_58_n_0
    SLICE_X4Y7           CARRY4 (Prop_carry4_CI_O[1])
                                                      0.334    12.718 r  rand/CAUGHT_LAT_FF_i_56/O[1]
                         net (fo=5, routed)           0.482    13.200    rand/appleX_draw_1[5]
    SLICE_X3Y9           CARRY4 (Prop_carry4_S[1]_CO[3])
                                                      0.853    14.053 r  rand/CAUGHT_LAT_FF_i_60/CO[3]
                         net (fo=1, routed)           0.000    14.053    rand/CAUGHT_LAT_FF_i_60_n_0
    SLICE_X3Y10          CARRY4 (Prop_carry4_CI_O[1])
                                                      0.334    14.387 r  rand/CAUGHT_LAT_FF_i_53/O[1]
                         net (fo=4, routed)           0.838    15.225    rand/a1_x1[9]
    SLICE_X6Y10          LUT4 (Prop_lut4_I0_O)        0.303    15.528 r  rand/vgaRed_OBUF[3]_inst_i_90/O
                         net (fo=1, routed)           0.000    15.528    PA/HPX_counter/vgaRed_OBUF[3]_inst_i_26_0[0]
    SLICE_X6Y10          CARRY4 (Prop_carry4_S[0]_CO[3])
                                                      0.513    16.041 f  PA/HPX_counter/vgaRed_OBUF[3]_inst_i_46/CO[3]
                         net (fo=1, routed)           1.259    17.300    PA/VPX_counter/vgaRed_OBUF[1]_inst_i_11_0[0]
    SLICE_X7Y14          LUT6 (Prop_lut6_I4_O)        0.124    17.424 f  PA/VPX_counter/vgaRed_OBUF[3]_inst_i_26/O
                         net (fo=2, routed)           0.665    18.089    APPLE_FSM0/vgaRed_OBUF[1]_inst_i_3
    SLICE_X7Y14          LUT2 (Prop_lut2_I1_O)        0.152    18.241 r  APPLE_FSM0/vgaRed_OBUF[1]_inst_i_11/O
                         net (fo=10, routed)          1.055    19.297    rand/vgaRed_OBUF[2]_inst_i_2
    SLICE_X2Y13          LUT2 (Prop_lut2_I1_O)        0.352    19.649 r  rand/vgaRed_OBUF[3]_inst_i_25/O
                         net (fo=3, routed)           0.827    20.476    PA/VPX_counter/vgaGreen_OBUF[3]_inst_i_1_0
    SLICE_X3Y16          LUT5 (Prop_lut5_I3_O)        0.348    20.824 r  PA/VPX_counter/vgaRed_OBUF[2]_inst_i_2/O
                         net (fo=7, routed)           0.861    21.684    PA/VPX_counter/ff5_2
    SLICE_X0Y17          LUT5 (Prop_lut5_I3_O)        0.124    21.808 r  PA/VPX_counter/vgaRed_OBUF[0]_inst_i_1/O
                         net (fo=1, routed)           2.493    24.301    vgaRed_OBUF[0]
    G19                  OBUF (Prop_obuf_I_O)         3.524    27.825 r  vgaRed_OBUF[0]_inst/O
                         net (fo=0)                   0.000    27.825    vgaRed[0]
    G19                                                               r  vgaRed[0] (OUT)
  -------------------------------------------------------------------    -------------------

Slack:                    inf
  Source:                 PA/HPX_counter/ff15/C
                            (rising edge-triggered cell FDRE clocked by clk_out1_clk_wiz_0  {rise@0.000ns fall@20.000ns period=40.000ns})
  Destination:            vgaBlue[3]
                            (output port)
  Path Group:             (none)
  Path Type:              Max at Slow Process Corner
  Data Path Delay:        28.522ns  (logic 10.213ns (35.806%)  route 18.309ns (64.194%))
  Logic Levels:           24  (CARRY4=5 LUT2=4 LUT3=1 LUT4=3 LUT5=2 LUT6=8 OBUF=1)
  Clock Uncertainty:      0.195ns  ((TSJ^2 + DJ^2)^1/2) / 2 + PE
    Total System Jitter     (TSJ):    0.050ns
    Discrete Jitter          (DJ):    0.175ns
    Phase Error              (PE):    0.104ns

    Location             Delay type                Incr(ns)  Path(ns)    Netlist Resource(s)
  -------------------------------------------------------------------    -------------------
                         (clock clk_out1_clk_wiz_0 rise edge)
                                                      0.000     0.000 r  
    W5                                                0.000     0.000 r  clkin (IN)
                         net (fo=0)                   0.000     0.000    not_so_slow/my_clk_inst/clkin
    W5                   IBUF (Prop_ibuf_I_O)         1.458     1.458 r  not_so_slow/my_clk_inst/clkin1_ibufg/O
                         net (fo=1, routed)           1.233     2.691    not_so_slow/my_clk_inst/clk_in1_clk_wiz_0
    MMCME2_ADV_X1Y0      MMCME2_ADV (Prop_mmcme2_adv_CLKIN1_CLKOUT0)
                                                     -6.961    -4.269 r  not_so_slow/my_clk_inst/mmcm_adv_inst/CLKOUT0
                         net (fo=1, routed)           1.661    -2.608    not_so_slow/slowclk/clk_int
    BUFGCTRL_X0Y0        BUFG (Prop_bufg_I_O)         0.096    -2.512 r  not_so_slow/slowclk/XLXI_401/O
                         net (fo=369, routed)         1.564    -0.948    PA/HPX_counter/clk_out
    SLICE_X15Y14         FDRE                                         r  PA/HPX_counter/ff15/C
  -------------------------------------------------------------------    -------------------
    SLICE_X15Y14         FDRE (Prop_fdre_C_Q)         0.419    -0.529 f  PA/HPX_counter/ff15/Q
                         net (fo=16, routed)          0.994     0.466    PA/HPX_counter/ff15_0
    SLICE_X6Y12          LUT2 (Prop_lut2_I1_O)        0.296     0.762 r  PA/HPX_counter/ff0_i_7__2/O
                         net (fo=1, routed)           0.680     1.442    PA/HPX_counter/ff0_i_7__2_n_0
    SLICE_X6Y12          LUT6 (Prop_lut6_I1_O)        0.124     1.566 r  PA/HPX_counter/ff0_i_5__2/O
                         net (fo=9, routed)           0.815     2.380    PA/HPX_counter/ff9_1
    SLICE_X10Y13         LUT6 (Prop_lut6_I1_O)        0.124     2.504 r  PA/HPX_counter/ff0_i_3__5/O
                         net (fo=2, routed)           1.115     3.620    APPLE_FSM1/SLOT_LAT_FF_0[1]_i_4_1
    SLICE_X10Y7          LUT6 (Prop_lut6_I2_O)        0.124     3.744 f  APPLE_FSM1/SLOT_LAT_FF_0[1]_i_16/O
                         net (fo=2, routed)           0.483     4.227    APPLE_FSM1/SLOT_LAT_FF_0[1]_i_16_n_0
    SLICE_X10Y7          LUT4 (Prop_lut4_I3_O)        0.116     4.343 r  APPLE_FSM1/SLOT_LAT_FF_0[1]_i_4/O
                         net (fo=6, routed)           1.000     5.343    rand/SLOT_LAT_FF_0[1]
    SLICE_X7Y5           LUT6 (Prop_lut6_I0_O)        0.328     5.671 r  rand/APPLEX_FF_0[7]_i_2/O
                         net (fo=7, routed)           0.343     6.014    rand/APPLEX_FF_0[7]_i_2_n_0
    SLICE_X5Y6           LUT6 (Prop_lut6_I1_O)        0.124     6.138 r  rand/SLOT_LAT_FF_1[1]_i_2/O
                         net (fo=1, routed)           0.956     7.094    rand/SLOT_LAT_FF_1[1]_i_2_n_0
    SLICE_X5Y8           LUT3 (Prop_lut3_I0_O)        0.152     7.246 r  rand/SLOT_LAT_FF_1[1]_i_1/O
                         net (fo=18, routed)          1.393     8.639    rand/slot_use_1[1]
    SLICE_X2Y16          LUT6 (Prop_lut6_I2_O)        0.326     8.965 r  rand/st3_i_10/O
                         net (fo=1, routed)           0.927     9.892    rand/st3_i_10_n_0
    SLICE_X1Y11          LUT5 (Prop_lut5_I3_O)        0.124    10.016 r  rand/st3_i_6/O
                         net (fo=1, routed)           0.801    10.817    rand/st3_i_6_n_0
    SLICE_X4Y13          LUT6 (Prop_lut6_I4_O)        0.124    10.941 r  rand/st3_i_2__0/O
                         net (fo=9, routed)           0.769    11.710    rand/st3_0
    SLICE_X4Y6           LUT4 (Prop_lut4_I3_O)        0.124    11.834 r  rand/CAUGHT_LAT_FF_i_65/O
                         net (fo=1, routed)           0.000    11.834    rand/CAUGHT_LAT_FF_i_65_n_0
    SLICE_X4Y6           CARRY4 (Prop_carry4_S[1]_CO[3])
                                                      0.550    12.384 r  rand/CAUGHT_LAT_FF_i_58/CO[3]
                         net (fo=1, routed)           0.000    12.384    rand/CAUGHT_LAT_FF_i_58_n_0
    SLICE_X4Y7           CARRY4 (Prop_carry4_CI_O[1])
                                                      0.334    12.718 r  rand/CAUGHT_LAT_FF_i_56/O[1]
                         net (fo=5, routed)           0.482    13.200    rand/appleX_draw_1[5]
    SLICE_X3Y9           CARRY4 (Prop_carry4_S[1]_CO[3])
                                                      0.853    14.053 r  rand/CAUGHT_LAT_FF_i_60/CO[3]
                         net (fo=1, routed)           0.000    14.053    rand/CAUGHT_LAT_FF_i_60_n_0
    SLICE_X3Y10          CARRY4 (Prop_carry4_CI_O[1])
                                                      0.334    14.387 r  rand/CAUGHT_LAT_FF_i_53/O[1]
                         net (fo=4, routed)           0.838    15.225    rand/a1_x1[9]
    SLICE_X6Y10          LUT4 (Prop_lut4_I0_O)        0.303    15.528 r  rand/vgaRed_OBUF[3]_inst_i_90/O
                         net (fo=1, routed)           0.000    15.528    PA/HPX_counter/vgaRed_OBUF[3]_inst_i_26_0[0]
    SLICE_X6Y10          CARRY4 (Prop_carry4_S[0]_CO[3])
                                                      0.513    16.041 f  PA/HPX_counter/vgaRed_OBUF[3]_inst_i_46/CO[3]
                         net (fo=1, routed)           1.259    17.300    PA/VPX_counter/vgaRed_OBUF[1]_inst_i_11_0[0]
    SLICE_X7Y14          LUT6 (Prop_lut6_I4_O)        0.124    17.424 f  PA/VPX_counter/vgaRed_OBUF[3]_inst_i_26/O
                         net (fo=2, routed)           0.665    18.089    APPLE_FSM0/vgaRed_OBUF[1]_inst_i_3
    SLICE_X7Y14          LUT2 (Prop_lut2_I1_O)        0.152    18.241 r  APPLE_FSM0/vgaRed_OBUF[1]_inst_i_11/O
                         net (fo=10, routed)          1.055    19.297    rand/vgaRed_OBUF[2]_inst_i_2
    SLICE_X2Y13          LUT2 (Prop_lut2_I1_O)        0.352    19.649 r  rand/vgaRed_OBUF[3]_inst_i_25/O
                         net (fo=3, routed)           0.827    20.476    PA/VPX_counter/vgaGreen_OBUF[3]_inst_i_1_0
    SLICE_X3Y16          LUT5 (Prop_lut5_I3_O)        0.348    20.824 r  PA/VPX_counter/vgaRed_OBUF[2]_inst_i_2/O
                         net (fo=7, routed)           0.608    21.431    PA/VPX_counter/ff5_2
    SLICE_X0Y19          LUT2 (Prop_lut2_I0_O)        0.118    21.549 r  PA/VPX_counter/vgaBlue_OBUF[3]_inst_i_1/O
                         net (fo=1, routed)           2.298    23.848    vgaBlue_OBUF[3]
    J18                  OBUF (Prop_obuf_I_O)         3.727    27.575 r  vgaBlue_OBUF[3]_inst/O
                         net (fo=0)                   0.000    27.575    vgaBlue[3]
    J18                                                               r  vgaBlue[3] (OUT)
  -------------------------------------------------------------------    -------------------

Slack:                    inf
  Source:                 PA/HPX_counter/ff15/C
                            (rising edge-triggered cell FDRE clocked by clk_out1_clk_wiz_0  {rise@0.000ns fall@20.000ns period=40.000ns})
  Destination:            vgaRed[2]
                            (output port)
  Path Group:             (none)
  Path Type:              Max at Slow Process Corner
  Data Path Delay:        28.455ns  (logic 10.016ns (35.199%)  route 18.439ns (64.801%))
  Logic Levels:           24  (CARRY4=5 LUT2=3 LUT3=1 LUT4=3 LUT5=3 LUT6=8 OBUF=1)
  Clock Uncertainty:      0.195ns  ((TSJ^2 + DJ^2)^1/2) / 2 + PE
    Total System Jitter     (TSJ):    0.050ns
    Discrete Jitter          (DJ):    0.175ns
    Phase Error              (PE):    0.104ns

    Location             Delay type                Incr(ns)  Path(ns)    Netlist Resource(s)
  -------------------------------------------------------------------    -------------------
                         (clock clk_out1_clk_wiz_0 rise edge)
                                                      0.000     0.000 r  
    W5                                                0.000     0.000 r  clkin (IN)
                         net (fo=0)                   0.000     0.000    not_so_slow/my_clk_inst/clkin
    W5                   IBUF (Prop_ibuf_I_O)         1.458     1.458 r  not_so_slow/my_clk_inst/clkin1_ibufg/O
                         net (fo=1, routed)           1.233     2.691    not_so_slow/my_clk_inst/clk_in1_clk_wiz_0
    MMCME2_ADV_X1Y0      MMCME2_ADV (Prop_mmcme2_adv_CLKIN1_CLKOUT0)
                                                     -6.961    -4.269 r  not_so_slow/my_clk_inst/mmcm_adv_inst/CLKOUT0
                         net (fo=1, routed)           1.661    -2.608    not_so_slow/slowclk/clk_int
    BUFGCTRL_X0Y0        BUFG (Prop_bufg_I_O)         0.096    -2.512 r  not_so_slow/slowclk/XLXI_401/O
                         net (fo=369, routed)         1.564    -0.948    PA/HPX_counter/clk_out
    SLICE_X15Y14         FDRE                                         r  PA/HPX_counter/ff15/C
  -------------------------------------------------------------------    -------------------
    SLICE_X15Y14         FDRE (Prop_fdre_C_Q)         0.419    -0.529 f  PA/HPX_counter/ff15/Q
                         net (fo=16, routed)          0.994     0.466    PA/HPX_counter/ff15_0
    SLICE_X6Y12          LUT2 (Prop_lut2_I1_O)        0.296     0.762 r  PA/HPX_counter/ff0_i_7__2/O
                         net (fo=1, routed)           0.680     1.442    PA/HPX_counter/ff0_i_7__2_n_0
    SLICE_X6Y12          LUT6 (Prop_lut6_I1_O)        0.124     1.566 r  PA/HPX_counter/ff0_i_5__2/O
                         net (fo=9, routed)           0.815     2.380    PA/HPX_counter/ff9_1
    SLICE_X10Y13         LUT6 (Prop_lut6_I1_O)        0.124     2.504 r  PA/HPX_counter/ff0_i_3__5/O
                         net (fo=2, routed)           1.115     3.620    APPLE_FSM1/SLOT_LAT_FF_0[1]_i_4_1
    SLICE_X10Y7          LUT6 (Prop_lut6_I2_O)        0.124     3.744 f  APPLE_FSM1/SLOT_LAT_FF_0[1]_i_16/O
                         net (fo=2, routed)           0.483     4.227    APPLE_FSM1/SLOT_LAT_FF_0[1]_i_16_n_0
    SLICE_X10Y7          LUT4 (Prop_lut4_I3_O)        0.116     4.343 r  APPLE_FSM1/SLOT_LAT_FF_0[1]_i_4/O
                         net (fo=6, routed)           1.000     5.343    rand/SLOT_LAT_FF_0[1]
    SLICE_X7Y5           LUT6 (Prop_lut6_I0_O)        0.328     5.671 r  rand/APPLEX_FF_0[7]_i_2/O
                         net (fo=7, routed)           0.343     6.014    rand/APPLEX_FF_0[7]_i_2_n_0
    SLICE_X5Y6           LUT6 (Prop_lut6_I1_O)        0.124     6.138 r  rand/SLOT_LAT_FF_1[1]_i_2/O
                         net (fo=1, routed)           0.956     7.094    rand/SLOT_LAT_FF_1[1]_i_2_n_0
    SLICE_X5Y8           LUT3 (Prop_lut3_I0_O)        0.152     7.246 r  rand/SLOT_LAT_FF_1[1]_i_1/O
                         net (fo=18, routed)          1.393     8.639    rand/slot_use_1[1]
    SLICE_X2Y16          LUT6 (Prop_lut6_I2_O)        0.326     8.965 r  rand/st3_i_10/O
                         net (fo=1, routed)           0.927     9.892    rand/st3_i_10_n_0
    SLICE_X1Y11          LUT5 (Prop_lut5_I3_O)        0.124    10.016 r  rand/st3_i_6/O
                         net (fo=1, routed)           0.801    10.817    rand/st3_i_6_n_0
    SLICE_X4Y13          LUT6 (Prop_lut6_I4_O)        0.124    10.941 r  rand/st3_i_2__0/O
                         net (fo=9, routed)           0.769    11.710    rand/st3_0
    SLICE_X4Y6           LUT4 (Prop_lut4_I3_O)        0.124    11.834 r  rand/CAUGHT_LAT_FF_i_65/O
                         net (fo=1, routed)           0.000    11.834    rand/CAUGHT_LAT_FF_i_65_n_0
    SLICE_X4Y6           CARRY4 (Prop_carry4_S[1]_CO[3])
                                                      0.550    12.384 r  rand/CAUGHT_LAT_FF_i_58/CO[3]
                         net (fo=1, routed)           0.000    12.384    rand/CAUGHT_LAT_FF_i_58_n_0
    SLICE_X4Y7           CARRY4 (Prop_carry4_CI_O[1])
                                                      0.334    12.718 r  rand/CAUGHT_LAT_FF_i_56/O[1]
                         net (fo=5, routed)           0.482    13.200    rand/appleX_draw_1[5]
    SLICE_X3Y9           CARRY4 (Prop_carry4_S[1]_CO[3])
                                                      0.853    14.053 r  rand/CAUGHT_LAT_FF_i_60/CO[3]
                         net (fo=1, routed)           0.000    14.053    rand/CAUGHT_LAT_FF_i_60_n_0
    SLICE_X3Y10          CARRY4 (Prop_carry4_CI_O[1])
                                                      0.334    14.387 r  rand/CAUGHT_LAT_FF_i_53/O[1]
                         net (fo=4, routed)           0.838    15.225    rand/a1_x1[9]
    SLICE_X6Y10          LUT4 (Prop_lut4_I0_O)        0.303    15.528 r  rand/vgaRed_OBUF[3]_inst_i_90/O
                         net (fo=1, routed)           0.000    15.528    PA/HPX_counter/vgaRed_OBUF[3]_inst_i_26_0[0]
    SLICE_X6Y10          CARRY4 (Prop_carry4_S[0]_CO[3])
                                                      0.513    16.041 r  PA/HPX_counter/vgaRed_OBUF[3]_inst_i_46/CO[3]
                         net (fo=1, routed)           1.259    17.300    PA/VPX_counter/vgaRed_OBUF[1]_inst_i_11_0[0]
    SLICE_X7Y14          LUT6 (Prop_lut6_I4_O)        0.124    17.424 r  PA/VPX_counter/vgaRed_OBUF[3]_inst_i_26/O
                         net (fo=2, routed)           0.665    18.089    APPLE_FSM0/vgaRed_OBUF[1]_inst_i_3
    SLICE_X7Y14          LUT2 (Prop_lut2_I1_O)        0.152    18.241 f  APPLE_FSM0/vgaRed_OBUF[1]_inst_i_11/O
                         net (fo=10, routed)          1.055    19.297    rand/vgaRed_OBUF[2]_inst_i_2
    SLICE_X2Y13          LUT2 (Prop_lut2_I1_O)        0.352    19.649 f  rand/vgaRed_OBUF[3]_inst_i_25/O
                         net (fo=3, routed)           0.827    20.476    PA/VPX_counter/vgaGreen_OBUF[3]_inst_i_1_0
    SLICE_X3Y16          LUT5 (Prop_lut5_I3_O)        0.348    20.824 f  PA/VPX_counter/vgaRed_OBUF[2]_inst_i_2/O
                         net (fo=7, routed)           0.683    21.506    rand/vgaRed[2]
    SLICE_X0Y16          LUT5 (Prop_lut5_I0_O)        0.124    21.630 r  rand/vgaRed_OBUF[2]_inst_i_1/O
                         net (fo=1, routed)           2.353    23.984    vgaRed_OBUF[2]
    J19                  OBUF (Prop_obuf_I_O)         3.524    27.508 r  vgaRed_OBUF[2]_inst/O
                         net (fo=0)                   0.000    27.508    vgaRed[2]
    J19                                                               r  vgaRed[2] (OUT)
  -------------------------------------------------------------------    -------------------

Slack:                    inf
  Source:                 PA/HPX_counter/ff15/C
                            (rising edge-triggered cell FDRE clocked by clk_out1_clk_wiz_0  {rise@0.000ns fall@20.000ns period=40.000ns})
  Destination:            vgaRed[3]
                            (output port)
  Path Group:             (none)
  Path Type:              Max at Slow Process Corner
  Data Path Delay:        28.412ns  (logic 9.974ns (35.107%)  route 18.438ns (64.893%))
  Logic Levels:           24  (CARRY4=5 LUT2=2 LUT3=1 LUT4=3 LUT5=3 LUT6=9 OBUF=1)
  Clock Uncertainty:      0.195ns  ((TSJ^2 + DJ^2)^1/2) / 2 + PE
    Total System Jitter     (TSJ):    0.050ns
    Discrete Jitter          (DJ):    0.175ns
    Phase Error              (PE):    0.104ns

    Location             Delay type                Incr(ns)  Path(ns)    Netlist Resource(s)
  -------------------------------------------------------------------    -------------------
                         (clock clk_out1_clk_wiz_0 rise edge)
                                                      0.000     0.000 r  
    W5                                                0.000     0.000 r  clkin (IN)
                         net (fo=0)                   0.000     0.000    not_so_slow/my_clk_inst/clkin
    W5                   IBUF (Prop_ibuf_I_O)         1.458     1.458 r  not_so_slow/my_clk_inst/clkin1_ibufg/O
                         net (fo=1, routed)           1.233     2.691    not_so_slow/my_clk_inst/clk_in1_clk_wiz_0
    MMCME2_ADV_X1Y0      MMCME2_ADV (Prop_mmcme2_adv_CLKIN1_CLKOUT0)
                                                     -6.961    -4.269 r  not_so_slow/my_clk_inst/mmcm_adv_inst/CLKOUT0
                         net (fo=1, routed)           1.661    -2.608    not_so_slow/slowclk/clk_int
    BUFGCTRL_X0Y0        BUFG (Prop_bufg_I_O)         0.096    -2.512 r  not_so_slow/slowclk/XLXI_401/O
                         net (fo=369, routed)         1.564    -0.948    PA/HPX_counter/clk_out
    SLICE_X15Y14         FDRE                                         r  PA/HPX_counter/ff15/C
  -------------------------------------------------------------------    -------------------
    SLICE_X15Y14         FDRE (Prop_fdre_C_Q)         0.419    -0.529 f  PA/HPX_counter/ff15/Q
                         net (fo=16, routed)          0.994     0.466    PA/HPX_counter/ff15_0
    SLICE_X6Y12          LUT2 (Prop_lut2_I1_O)        0.296     0.762 r  PA/HPX_counter/ff0_i_7__2/O
                         net (fo=1, routed)           0.680     1.442    PA/HPX_counter/ff0_i_7__2_n_0
    SLICE_X6Y12          LUT6 (Prop_lut6_I1_O)        0.124     1.566 r  PA/HPX_counter/ff0_i_5__2/O
                         net (fo=9, routed)           0.815     2.380    PA/HPX_counter/ff9_1
    SLICE_X10Y13         LUT6 (Prop_lut6_I1_O)        0.124     2.504 r  PA/HPX_counter/ff0_i_3__5/O
                         net (fo=2, routed)           1.115     3.620    APPLE_FSM1/SLOT_LAT_FF_0[1]_i_4_1
    SLICE_X10Y7          LUT6 (Prop_lut6_I2_O)        0.124     3.744 f  APPLE_FSM1/SLOT_LAT_FF_0[1]_i_16/O
                         net (fo=2, routed)           0.483     4.227    APPLE_FSM1/SLOT_LAT_FF_0[1]_i_16_n_0
    SLICE_X10Y7          LUT4 (Prop_lut4_I3_O)        0.116     4.343 r  APPLE_FSM1/SLOT_LAT_FF_0[1]_i_4/O
                         net (fo=6, routed)           1.000     5.343    rand/SLOT_LAT_FF_0[1]
    SLICE_X7Y5           LUT6 (Prop_lut6_I0_O)        0.328     5.671 r  rand/APPLEX_FF_0[7]_i_2/O
                         net (fo=7, routed)           0.343     6.014    rand/APPLEX_FF_0[7]_i_2_n_0
    SLICE_X5Y6           LUT6 (Prop_lut6_I1_O)        0.124     6.138 r  rand/SLOT_LAT_FF_1[1]_i_2/O
                         net (fo=1, routed)           0.956     7.094    rand/SLOT_LAT_FF_1[1]_i_2_n_0
    SLICE_X5Y8           LUT3 (Prop_lut3_I0_O)        0.152     7.246 r  rand/SLOT_LAT_FF_1[1]_i_1/O
                         net (fo=18, routed)          1.393     8.639    rand/slot_use_1[1]
    SLICE_X2Y16          LUT6 (Prop_lut6_I2_O)        0.326     8.965 r  rand/st3_i_10/O
                         net (fo=1, routed)           0.927     9.892    rand/st3_i_10_n_0
    SLICE_X1Y11          LUT5 (Prop_lut5_I3_O)        0.124    10.016 r  rand/st3_i_6/O
                         net (fo=1, routed)           0.801    10.817    rand/st3_i_6_n_0
    SLICE_X4Y13          LUT6 (Prop_lut6_I4_O)        0.124    10.941 r  rand/st3_i_2__0/O
                         net (fo=9, routed)           0.769    11.710    rand/st3_0
    SLICE_X4Y6           LUT4 (Prop_lut4_I3_O)        0.124    11.834 r  rand/CAUGHT_LAT_FF_i_65/O
                         net (fo=1, routed)           0.000    11.834    rand/CAUGHT_LAT_FF_i_65_n_0
    SLICE_X4Y6           CARRY4 (Prop_carry4_S[1]_CO[3])
                                                      0.550    12.384 r  rand/CAUGHT_LAT_FF_i_58/CO[3]
                         net (fo=1, routed)           0.000    12.384    rand/CAUGHT_LAT_FF_i_58_n_0
    SLICE_X4Y7           CARRY4 (Prop_carry4_CI_O[1])
                                                      0.334    12.718 r  rand/CAUGHT_LAT_FF_i_56/O[1]
                         net (fo=5, routed)           0.482    13.200    rand/appleX_draw_1[5]
    SLICE_X3Y9           CARRY4 (Prop_carry4_S[1]_CO[3])
                                                      0.853    14.053 r  rand/CAUGHT_LAT_FF_i_60/CO[3]
                         net (fo=1, routed)           0.000    14.053    rand/CAUGHT_LAT_FF_i_60_n_0
    SLICE_X3Y10          CARRY4 (Prop_carry4_CI_O[1])
                                                      0.334    14.387 r  rand/CAUGHT_LAT_FF_i_53/O[1]
                         net (fo=4, routed)           0.838    15.225    rand/a1_x1[9]
    SLICE_X6Y10          LUT4 (Prop_lut4_I0_O)        0.303    15.528 r  rand/vgaRed_OBUF[3]_inst_i_90/O
                         net (fo=1, routed)           0.000    15.528    PA/HPX_counter/vgaRed_OBUF[3]_inst_i_26_0[0]
    SLICE_X6Y10          CARRY4 (Prop_carry4_S[0]_CO[3])
                                                      0.513    16.041 f  PA/HPX_counter/vgaRed_OBUF[3]_inst_i_46/CO[3]
                         net (fo=1, routed)           1.259    17.300    PA/VPX_counter/vgaRed_OBUF[1]_inst_i_11_0[0]
    SLICE_X7Y14          LUT6 (Prop_lut6_I4_O)        0.124    17.424 f  PA/VPX_counter/vgaRed_OBUF[3]_inst_i_26/O
                         net (fo=2, routed)           0.665    18.089    APPLE_FSM0/vgaRed_OBUF[1]_inst_i_3
    SLICE_X7Y14          LUT2 (Prop_lut2_I1_O)        0.152    18.241 r  APPLE_FSM0/vgaRed_OBUF[1]_inst_i_11/O
                         net (fo=10, routed)          1.094    19.336    rand/vgaRed_OBUF[2]_inst_i_2
    SLICE_X3Y15          LUT5 (Prop_lut5_I4_O)        0.326    19.662 r  rand/vgaRed_OBUF[3]_inst_i_11/O
                         net (fo=1, routed)           0.665    20.327    rand/vgaRed_OBUF[3]_inst_i_11_n_0
    SLICE_X3Y15          LUT5 (Prop_lut5_I4_O)        0.152    20.479 r  rand/vgaRed_OBUF[3]_inst_i_2/O
                         net (fo=1, routed)           1.012    21.490    rand/vgaRed_OBUF[3]_inst_i_2_n_0
    SLICE_X3Y16          LUT6 (Prop_lut6_I0_O)        0.326    21.816 r  rand/vgaRed_OBUF[3]_inst_i_1/O
                         net (fo=1, routed)           2.146    23.962    vgaRed_OBUF[3]
    N19                  OBUF (Prop_obuf_I_O)         3.502    27.465 r  vgaRed_OBUF[3]_inst/O
                         net (fo=0)                   0.000    27.465    vgaRed[3]
    N19                                                               r  vgaRed[3] (OUT)
  -------------------------------------------------------------------    -------------------

Slack:                    inf
  Source:                 PA/HPX_counter/ff15/C
                            (rising edge-triggered cell FDRE clocked by clk_out1_clk_wiz_0  {rise@0.000ns fall@20.000ns period=40.000ns})
  Destination:            vgaBlue[0]
                            (output port)
  Path Group:             (none)
  Path Type:              Max at Slow Process Corner
  Data Path Delay:        28.114ns  (logic 9.987ns (35.524%)  route 18.127ns (64.476%))
  Logic Levels:           24  (CARRY4=5 LUT2=3 LUT3=2 LUT4=3 LUT5=2 LUT6=8 OBUF=1)
  Clock Uncertainty:      0.195ns  ((TSJ^2 + DJ^2)^1/2) / 2 + PE
    Total System Jitter     (TSJ):    0.050ns
    Discrete Jitter          (DJ):    0.175ns
    Phase Error              (PE):    0.104ns

    Location             Delay type                Incr(ns)  Path(ns)    Netlist Resource(s)
  -------------------------------------------------------------------    -------------------
                         (clock clk_out1_clk_wiz_0 rise edge)
                                                      0.000     0.000 r  
    W5                                                0.000     0.000 r  clkin (IN)
                         net (fo=0)                   0.000     0.000    not_so_slow/my_clk_inst/clkin
    W5                   IBUF (Prop_ibuf_I_O)         1.458     1.458 r  not_so_slow/my_clk_inst/clkin1_ibufg/O
                         net (fo=1, routed)           1.233     2.691    not_so_slow/my_clk_inst/clk_in1_clk_wiz_0
    MMCME2_ADV_X1Y0      MMCME2_ADV (Prop_mmcme2_adv_CLKIN1_CLKOUT0)
                                                     -6.961    -4.269 r  not_so_slow/my_clk_inst/mmcm_adv_inst/CLKOUT0
                         net (fo=1, routed)           1.661    -2.608    not_so_slow/slowclk/clk_int
    BUFGCTRL_X0Y0        BUFG (Prop_bufg_I_O)         0.096    -2.512 r  not_so_slow/slowclk/XLXI_401/O
                         net (fo=369, routed)         1.564    -0.948    PA/HPX_counter/clk_out
    SLICE_X15Y14         FDRE                                         r  PA/HPX_counter/ff15/C
  -------------------------------------------------------------------    -------------------
    SLICE_X15Y14         FDRE (Prop_fdre_C_Q)         0.419    -0.529 f  PA/HPX_counter/ff15/Q
                         net (fo=16, routed)          0.994     0.466    PA/HPX_counter/ff15_0
    SLICE_X6Y12          LUT2 (Prop_lut2_I1_O)        0.296     0.762 r  PA/HPX_counter/ff0_i_7__2/O
                         net (fo=1, routed)           0.680     1.442    PA/HPX_counter/ff0_i_7__2_n_0
    SLICE_X6Y12          LUT6 (Prop_lut6_I1_O)        0.124     1.566 r  PA/HPX_counter/ff0_i_5__2/O
                         net (fo=9, routed)           0.815     2.380    PA/HPX_counter/ff9_1
    SLICE_X10Y13         LUT6 (Prop_lut6_I1_O)        0.124     2.504 r  PA/HPX_counter/ff0_i_3__5/O
                         net (fo=2, routed)           1.115     3.620    APPLE_FSM1/SLOT_LAT_FF_0[1]_i_4_1
    SLICE_X10Y7          LUT6 (Prop_lut6_I2_O)        0.124     3.744 f  APPLE_FSM1/SLOT_LAT_FF_0[1]_i_16/O
                         net (fo=2, routed)           0.483     4.227    APPLE_FSM1/SLOT_LAT_FF_0[1]_i_16_n_0
    SLICE_X10Y7          LUT4 (Prop_lut4_I3_O)        0.116     4.343 r  APPLE_FSM1/SLOT_LAT_FF_0[1]_i_4/O
                         net (fo=6, routed)           1.000     5.343    rand/SLOT_LAT_FF_0[1]
    SLICE_X7Y5           LUT6 (Prop_lut6_I0_O)        0.328     5.671 r  rand/APPLEX_FF_0[7]_i_2/O
                         net (fo=7, routed)           0.343     6.014    rand/APPLEX_FF_0[7]_i_2_n_0
    SLICE_X5Y6           LUT6 (Prop_lut6_I1_O)        0.124     6.138 r  rand/SLOT_LAT_FF_1[1]_i_2/O
                         net (fo=1, routed)           0.956     7.094    rand/SLOT_LAT_FF_1[1]_i_2_n_0
    SLICE_X5Y8           LUT3 (Prop_lut3_I0_O)        0.152     7.246 r  rand/SLOT_LAT_FF_1[1]_i_1/O
                         net (fo=18, routed)          1.393     8.639    rand/slot_use_1[1]
    SLICE_X2Y16          LUT6 (Prop_lut6_I2_O)        0.326     8.965 r  rand/st3_i_10/O
                         net (fo=1, routed)           0.927     9.892    rand/st3_i_10_n_0
    SLICE_X1Y11          LUT5 (Prop_lut5_I3_O)        0.124    10.016 r  rand/st3_i_6/O
                         net (fo=1, routed)           0.801    10.817    rand/st3_i_6_n_0
    SLICE_X4Y13          LUT6 (Prop_lut6_I4_O)        0.124    10.941 r  rand/st3_i_2__0/O
                         net (fo=9, routed)           0.769    11.710    rand/st3_0
    SLICE_X4Y6           LUT4 (Prop_lut4_I3_O)        0.124    11.834 r  rand/CAUGHT_LAT_FF_i_65/O
                         net (fo=1, routed)           0.000    11.834    rand/CAUGHT_LAT_FF_i_65_n_0
    SLICE_X4Y6           CARRY4 (Prop_carry4_S[1]_CO[3])
                                                      0.550    12.384 r  rand/CAUGHT_LAT_FF_i_58/CO[3]
                         net (fo=1, routed)           0.000    12.384    rand/CAUGHT_LAT_FF_i_58_n_0
    SLICE_X4Y7           CARRY4 (Prop_carry4_CI_O[1])
                                                      0.334    12.718 r  rand/CAUGHT_LAT_FF_i_56/O[1]
                         net (fo=5, routed)           0.482    13.200    rand/appleX_draw_1[5]
    SLICE_X3Y9           CARRY4 (Prop_carry4_S[1]_CO[3])
                                                      0.853    14.053 r  rand/CAUGHT_LAT_FF_i_60/CO[3]
                         net (fo=1, routed)           0.000    14.053    rand/CAUGHT_LAT_FF_i_60_n_0
    SLICE_X3Y10          CARRY4 (Prop_carry4_CI_O[1])
                                                      0.334    14.387 r  rand/CAUGHT_LAT_FF_i_53/O[1]
                         net (fo=4, routed)           0.838    15.225    rand/a1_x1[9]
    SLICE_X6Y10          LUT4 (Prop_lut4_I0_O)        0.303    15.528 r  rand/vgaRed_OBUF[3]_inst_i_90/O
                         net (fo=1, routed)           0.000    15.528    PA/HPX_counter/vgaRed_OBUF[3]_inst_i_26_0[0]
    SLICE_X6Y10          CARRY4 (Prop_carry4_S[0]_CO[3])
                                                      0.513    16.041 f  PA/HPX_counter/vgaRed_OBUF[3]_inst_i_46/CO[3]
                         net (fo=1, routed)           1.259    17.300    PA/VPX_counter/vgaRed_OBUF[1]_inst_i_11_0[0]
    SLICE_X7Y14          LUT6 (Prop_lut6_I4_O)        0.124    17.424 f  PA/VPX_counter/vgaRed_OBUF[3]_inst_i_26/O
                         net (fo=2, routed)           0.665    18.089    APPLE_FSM0/vgaRed_OBUF[1]_inst_i_3
    SLICE_X7Y14          LUT2 (Prop_lut2_I1_O)        0.152    18.241 r  APPLE_FSM0/vgaRed_OBUF[1]_inst_i_11/O
                         net (fo=10, routed)          1.055    19.297    rand/vgaRed_OBUF[2]_inst_i_2
    SLICE_X2Y13          LUT2 (Prop_lut2_I1_O)        0.352    19.649 r  rand/vgaRed_OBUF[3]_inst_i_25/O
                         net (fo=3, routed)           0.827    20.476    PA/VPX_counter/vgaGreen_OBUF[3]_inst_i_1_0
    SLICE_X3Y16          LUT5 (Prop_lut5_I3_O)        0.348    20.824 r  PA/VPX_counter/vgaRed_OBUF[2]_inst_i_2/O
                         net (fo=7, routed)           0.608    21.431    PA/VPX_counter/ff5_2
    SLICE_X0Y19          LUT3 (Prop_lut3_I1_O)        0.124    21.555 r  PA/VPX_counter/vgaBlue_OBUF[0]_inst_i_1/O
                         net (fo=1, routed)           2.116    23.672    vgaBlue_OBUF[0]
    N18                  OBUF (Prop_obuf_I_O)         3.495    27.167 r  vgaBlue_OBUF[0]_inst/O
                         net (fo=0)                   0.000    27.167    vgaBlue[0]
    N18                                                               r  vgaBlue[0] (OUT)
  -------------------------------------------------------------------    -------------------





Min Delay Paths
--------------------------------------------------------------------------------------
Slack:                    inf
  Source:                 Vsync_FF/C
                            (rising edge-triggered cell FDRE clocked by clk_out1_clk_wiz_0  {rise@0.000ns fall@20.000ns period=40.000ns})
  Destination:            Vsync
                            (output port)
  Path Group:             (none)
  Path Type:              Min at Fast Process Corner
  Data Path Delay:        1.876ns  (logic 1.345ns (71.717%)  route 0.531ns (28.283%))
  Logic Levels:           1  (OBUF=1)
  Clock Uncertainty:      0.195ns  ((TSJ^2 + DJ^2)^1/2) / 2 + PE
    Total System Jitter     (TSJ):    0.050ns
    Discrete Jitter          (DJ):    0.175ns
    Phase Error              (PE):    0.104ns

    Location             Delay type                Incr(ns)  Path(ns)    Netlist Resource(s)
  -------------------------------------------------------------------    -------------------
                         (clock clk_out1_clk_wiz_0 rise edge)
                                                      0.000     0.000 r  
    W5                                                0.000     0.000 r  clkin (IN)
                         net (fo=0)                   0.000     0.000    not_so_slow/my_clk_inst/clkin
    W5                   IBUF (Prop_ibuf_I_O)         0.226     0.226 r  not_so_slow/my_clk_inst/clkin1_ibufg/O
                         net (fo=1, routed)           0.440     0.667    not_so_slow/my_clk_inst/clk_in1_clk_wiz_0
    MMCME2_ADV_X1Y0      MMCME2_ADV (Prop_mmcme2_adv_CLKIN1_CLKOUT0)
                                                     -2.360    -1.693 r  not_so_slow/my_clk_inst/mmcm_adv_inst/CLKOUT0
                         net (fo=1, routed)           0.486    -1.207    not_so_slow/slowclk/clk_int
    BUFGCTRL_X0Y0        BUFG (Prop_bufg_I_O)         0.026    -1.181 r  not_so_slow/slowclk/XLXI_401/O
                         net (fo=369, routed)         0.585    -0.596    clk
    SLICE_X4Y19          FDRE                                         r  Vsync_FF/C
  -------------------------------------------------------------------    -------------------
    SLICE_X4Y19          FDRE (Prop_fdre_C_Q)         0.141    -0.455 r  Vsync_FF/Q
                         net (fo=1, routed)           0.531     0.075    Vsync_OBUF
    R19                  OBUF (Prop_obuf_I_O)         1.204     1.280 r  Vsync_OBUF_inst/O
                         net (fo=0)                   0.000     1.280    Vsync
    R19                                                               r  Vsync (OUT)
  -------------------------------------------------------------------    -------------------

Slack:                    inf
  Source:                 Hsync_FF/C
                            (rising edge-triggered cell FDRE clocked by clk_out1_clk_wiz_0  {rise@0.000ns fall@20.000ns period=40.000ns})
  Destination:            Hsync
                            (output port)
  Path Group:             (none)
  Path Type:              Min at Fast Process Corner
  Data Path Delay:        2.132ns  (logic 1.339ns (62.801%)  route 0.793ns (37.199%))
  Logic Levels:           1  (OBUF=1)
  Clock Uncertainty:      0.195ns  ((TSJ^2 + DJ^2)^1/2) / 2 + PE
    Total System Jitter     (TSJ):    0.050ns
    Discrete Jitter          (DJ):    0.175ns
    Phase Error              (PE):    0.104ns

    Location             Delay type                Incr(ns)  Path(ns)    Netlist Resource(s)
  -------------------------------------------------------------------    -------------------
                         (clock clk_out1_clk_wiz_0 rise edge)
                                                      0.000     0.000 r  
    W5                                                0.000     0.000 r  clkin (IN)
                         net (fo=0)                   0.000     0.000    not_so_slow/my_clk_inst/clkin
    W5                   IBUF (Prop_ibuf_I_O)         0.226     0.226 r  not_so_slow/my_clk_inst/clkin1_ibufg/O
                         net (fo=1, routed)           0.440     0.667    not_so_slow/my_clk_inst/clk_in1_clk_wiz_0
    MMCME2_ADV_X1Y0      MMCME2_ADV (Prop_mmcme2_adv_CLKIN1_CLKOUT0)
                                                     -2.360    -1.693 r  not_so_slow/my_clk_inst/mmcm_adv_inst/CLKOUT0
                         net (fo=1, routed)           0.486    -1.207    not_so_slow/slowclk/clk_int
    BUFGCTRL_X0Y0        BUFG (Prop_bufg_I_O)         0.026    -1.181 r  not_so_slow/slowclk/XLXI_401/O
                         net (fo=369, routed)         0.563    -0.618    clk
    SLICE_X15Y12         FDRE                                         r  Hsync_FF/C
  -------------------------------------------------------------------    -------------------
    SLICE_X15Y12         FDRE (Prop_fdre_C_Q)         0.141    -0.477 r  Hsync_FF/Q
                         net (fo=1, routed)           0.793     0.316    Hsync_OBUF
    P19                  OBUF (Prop_obuf_I_O)         1.198     1.513 r  Hsync_OBUF_inst/O
                         net (fo=0)                   0.000     1.513    Hsync
    P19                                                               r  Hsync (OUT)
  -------------------------------------------------------------------    -------------------

Slack:                    inf
  Source:                 LIVES2/C
                            (rising edge-triggered cell FDRE clocked by clk_out1_clk_wiz_0  {rise@0.000ns fall@20.000ns period=40.000ns})
  Destination:            led[0]
                            (output port)
  Path Group:             (none)
  Path Type:              Min at Fast Process Corner
  Data Path Delay:        2.359ns  (logic 1.490ns (63.147%)  route 0.870ns (36.853%))
  Logic Levels:           2  (LUT3=1 OBUF=1)
  Clock Uncertainty:      0.195ns  ((TSJ^2 + DJ^2)^1/2) / 2 + PE
    Total System Jitter     (TSJ):    0.050ns
    Discrete Jitter          (DJ):    0.175ns
    Phase Error              (PE):    0.104ns

    Location             Delay type                Incr(ns)  Path(ns)    Netlist Resource(s)
  -------------------------------------------------------------------    -------------------
                         (clock clk_out1_clk_wiz_0 rise edge)
                                                      0.000     0.000 r  
    W5                                                0.000     0.000 r  clkin (IN)
                         net (fo=0)                   0.000     0.000    not_so_slow/my_clk_inst/clkin
    W5                   IBUF (Prop_ibuf_I_O)         0.226     0.226 r  not_so_slow/my_clk_inst/clkin1_ibufg/O
                         net (fo=1, routed)           0.440     0.667    not_so_slow/my_clk_inst/clk_in1_clk_wiz_0
    MMCME2_ADV_X1Y0      MMCME2_ADV (Prop_mmcme2_adv_CLKIN1_CLKOUT0)
                                                     -2.360    -1.693 r  not_so_slow/my_clk_inst/mmcm_adv_inst/CLKOUT0
                         net (fo=1, routed)           0.486    -1.207    not_so_slow/slowclk/clk_int
    BUFGCTRL_X0Y0        BUFG (Prop_bufg_I_O)         0.026    -1.181 r  not_so_slow/slowclk/XLXI_401/O
                         net (fo=369, routed)         0.566    -0.615    clk
    SLICE_X12Y5          FDRE                                         r  LIVES2/C
  -------------------------------------------------------------------    -------------------
    SLICE_X12Y5          FDRE (Prop_fdre_C_Q)         0.164    -0.451 r  LIVES2/Q
                         net (fo=14, routed)          0.278    -0.173    lives[2]
    SLICE_X12Y6          LUT3 (Prop_lut3_I0_O)        0.046    -0.127 r  led_OBUF[0]_inst_i_1/O
                         net (fo=1, routed)           0.591     0.464    led_OBUF[0]
    U16                  OBUF (Prop_obuf_I_O)         1.280     1.744 r  led_OBUF[0]_inst/O
                         net (fo=0)                   0.000     1.744    led[0]
    U16                                                               r  led[0] (OUT)
  -------------------------------------------------------------------    -------------------

Slack:                    inf
  Source:                 LIVES2/C
                            (rising edge-triggered cell FDRE clocked by clk_out1_clk_wiz_0  {rise@0.000ns fall@20.000ns period=40.000ns})
  Destination:            led[2]
                            (output port)
  Path Group:             (none)
  Path Type:              Min at Fast Process Corner
  Data Path Delay:        2.464ns  (logic 1.411ns (57.268%)  route 1.053ns (42.732%))
  Logic Levels:           2  (LUT3=1 OBUF=1)
  Clock Uncertainty:      0.195ns  ((TSJ^2 + DJ^2)^1/2) / 2 + PE
    Total System Jitter     (TSJ):    0.050ns
    Discrete Jitter          (DJ):    0.175ns
    Phase Error              (PE):    0.104ns

    Location             Delay type                Incr(ns)  Path(ns)    Netlist Resource(s)
  -------------------------------------------------------------------    -------------------
                         (clock clk_out1_clk_wiz_0 rise edge)
                                                      0.000     0.000 r  
    W5                                                0.000     0.000 r  clkin (IN)
                         net (fo=0)                   0.000     0.000    not_so_slow/my_clk_inst/clkin
    W5                   IBUF (Prop_ibuf_I_O)         0.226     0.226 r  not_so_slow/my_clk_inst/clkin1_ibufg/O
                         net (fo=1, routed)           0.440     0.667    not_so_slow/my_clk_inst/clk_in1_clk_wiz_0
    MMCME2_ADV_X1Y0      MMCME2_ADV (Prop_mmcme2_adv_CLKIN1_CLKOUT0)
                                                     -2.360    -1.693 r  not_so_slow/my_clk_inst/mmcm_adv_inst/CLKOUT0
                         net (fo=1, routed)           0.486    -1.207    not_so_slow/slowclk/clk_int
    BUFGCTRL_X0Y0        BUFG (Prop_bufg_I_O)         0.026    -1.181 r  not_so_slow/slowclk/XLXI_401/O
                         net (fo=369, routed)         0.566    -0.615    clk
    SLICE_X12Y5          FDRE                                         r  LIVES2/C
  -------------------------------------------------------------------    -------------------
    SLICE_X12Y5          FDRE (Prop_fdre_C_Q)         0.164    -0.451 r  LIVES2/Q
                         net (fo=14, routed)          0.304    -0.148    lives[2]
    SLICE_X12Y8          LUT3 (Prop_lut3_I2_O)        0.045    -0.103 r  led_OBUF[2]_inst_i_1/O
                         net (fo=1, routed)           0.749     0.647    led_OBUF[2]
    U19                  OBUF (Prop_obuf_I_O)         1.202     1.849 r  led_OBUF[2]_inst/O
                         net (fo=0)                   0.000     1.849    led[2]
    U19                                                               r  led[2] (OUT)
  -------------------------------------------------------------------    -------------------

Slack:                    inf
  Source:                 RIP4_FF[5]/C
                            (rising edge-triggered cell FDRE clocked by clk_out1_clk_wiz_0  {rise@0.000ns fall@20.000ns period=40.000ns})
  Destination:            vgaRed[3]
                            (output port)
  Path Group:             (none)
  Path Type:              Min at Fast Process Corner
  Data Path Delay:        2.455ns  (logic 1.458ns (59.367%)  route 0.998ns (40.633%))
  Logic Levels:           3  (LUT6=2 OBUF=1)
  Clock Uncertainty:      0.195ns  ((TSJ^2 + DJ^2)^1/2) / 2 + PE
    Total System Jitter     (TSJ):    0.050ns
    Discrete Jitter          (DJ):    0.175ns
    Phase Error              (PE):    0.104ns

    Location             Delay type                Incr(ns)  Path(ns)    Netlist Resource(s)
  -------------------------------------------------------------------    -------------------
                         (clock clk_out1_clk_wiz_0 rise edge)
                                                      0.000     0.000 r  
    W5                                                0.000     0.000 r  clkin (IN)
                         net (fo=0)                   0.000     0.000    not_so_slow/my_clk_inst/clkin
    W5                   IBUF (Prop_ibuf_I_O)         0.226     0.226 r  not_so_slow/my_clk_inst/clkin1_ibufg/O
                         net (fo=1, routed)           0.440     0.667    not_so_slow/my_clk_inst/clk_in1_clk_wiz_0
    MMCME2_ADV_X1Y0      MMCME2_ADV (Prop_mmcme2_adv_CLKIN1_CLKOUT0)
                                                     -2.360    -1.693 r  not_so_slow/my_clk_inst/mmcm_adv_inst/CLKOUT0
                         net (fo=1, routed)           0.486    -1.207    not_so_slow/slowclk/clk_int
    BUFGCTRL_X0Y0        BUFG (Prop_bufg_I_O)         0.026    -1.181 r  not_so_slow/slowclk/XLXI_401/O
                         net (fo=369, routed)         0.589    -0.592    clk
    SLICE_X2Y17          FDRE                                         r  RIP4_FF[5]/C
  -------------------------------------------------------------------    -------------------
    SLICE_X2Y17          FDRE (Prop_fdre_C_Q)         0.164    -0.428 r  RIP4_FF[5]/Q
                         net (fo=8, routed)           0.243    -0.185    rand/RIP4_FF[3][5]
    SLICE_X2Y15          LUT6 (Prop_lut6_I2_O)        0.045    -0.140 r  rand/vgaRed_OBUF[3]_inst_i_6/O
                         net (fo=2, routed)           0.195     0.055    rand/vgaRed_OBUF[3]_inst_i_6_n_0
    SLICE_X3Y16          LUT6 (Prop_lut6_I4_O)        0.045     0.100 r  rand/vgaRed_OBUF[3]_inst_i_1/O
                         net (fo=1, routed)           0.560     0.659    vgaRed_OBUF[3]
    N19                  OBUF (Prop_obuf_I_O)         1.204     1.863 r  vgaRed_OBUF[3]_inst/O
                         net (fo=0)                   0.000     1.863    vgaRed[3]
    N19                                                               r  vgaRed[3] (OUT)
  -------------------------------------------------------------------    -------------------

Slack:                    inf
  Source:                 LIVES2/C
                            (rising edge-triggered cell FDRE clocked by clk_out1_clk_wiz_0  {rise@0.000ns fall@20.000ns period=40.000ns})
  Destination:            led[3]
                            (output port)
  Path Group:             (none)
  Path Type:              Min at Fast Process Corner
  Data Path Delay:        2.491ns  (logic 1.491ns (59.859%)  route 1.000ns (40.141%))
  Logic Levels:           2  (LUT3=1 OBUF=1)
  Clock Uncertainty:      0.195ns  ((TSJ^2 + DJ^2)^1/2) / 2 + PE
    Total System Jitter     (TSJ):    0.050ns
    Discrete Jitter          (DJ):    0.175ns
    Phase Error              (PE):    0.104ns

    Location             Delay type                Incr(ns)  Path(ns)    Netlist Resource(s)
  -------------------------------------------------------------------    -------------------
                         (clock clk_out1_clk_wiz_0 rise edge)
                                                      0.000     0.000 r  
    W5                                                0.000     0.000 r  clkin (IN)
                         net (fo=0)                   0.000     0.000    not_so_slow/my_clk_inst/clkin
    W5                   IBUF (Prop_ibuf_I_O)         0.226     0.226 r  not_so_slow/my_clk_inst/clkin1_ibufg/O
                         net (fo=1, routed)           0.440     0.667    not_so_slow/my_clk_inst/clk_in1_clk_wiz_0
    MMCME2_ADV_X1Y0      MMCME2_ADV (Prop_mmcme2_adv_CLKIN1_CLKOUT0)
                                                     -2.360    -1.693 r  not_so_slow/my_clk_inst/mmcm_adv_inst/CLKOUT0
                         net (fo=1, routed)           0.486    -1.207    not_so_slow/slowclk/clk_int
    BUFGCTRL_X0Y0        BUFG (Prop_bufg_I_O)         0.026    -1.181 r  not_so_slow/slowclk/XLXI_401/O
                         net (fo=369, routed)         0.566    -0.615    clk
    SLICE_X12Y5          FDRE                                         r  LIVES2/C
  -------------------------------------------------------------------    -------------------
    SLICE_X12Y5          FDRE (Prop_fdre_C_Q)         0.164    -0.451 r  LIVES2/Q
                         net (fo=14, routed)          0.304    -0.148    lives[2]
    SLICE_X12Y8          LUT3 (Prop_lut3_I0_O)        0.049    -0.099 r  led_OBUF[3]_inst_i_1/O
                         net (fo=1, routed)           0.696     0.598    led_OBUF[3]
    V19                  OBUF (Prop_obuf_I_O)         1.278     1.876 r  led_OBUF[3]_inst/O
                         net (fo=0)                   0.000     1.876    led[3]
    V19                                                               r  led[3] (OUT)
  -------------------------------------------------------------------    -------------------

Slack:                    inf
  Source:                 RIP5_FF[3]/C
                            (rising edge-triggered cell FDRE clocked by clk_out1_clk_wiz_0  {rise@0.000ns fall@20.000ns period=40.000ns})
  Destination:            vgaGreen[1]
                            (output port)
  Path Group:             (none)
  Path Type:              Min at Fast Process Corner
  Data Path Delay:        2.505ns  (logic 1.461ns (58.296%)  route 1.045ns (41.704%))
  Logic Levels:           3  (LUT4=1 LUT5=1 OBUF=1)
  Clock Uncertainty:      0.195ns  ((TSJ^2 + DJ^2)^1/2) / 2 + PE
    Total System Jitter     (TSJ):    0.050ns
    Discrete Jitter          (DJ):    0.175ns
    Phase Error              (PE):    0.104ns

    Location             Delay type                Incr(ns)  Path(ns)    Netlist Resource(s)
  -------------------------------------------------------------------    -------------------
                         (clock clk_out1_clk_wiz_0 rise edge)
                                                      0.000     0.000 r  
    W5                                                0.000     0.000 r  clkin (IN)
                         net (fo=0)                   0.000     0.000    not_so_slow/my_clk_inst/clkin
    W5                   IBUF (Prop_ibuf_I_O)         0.226     0.226 r  not_so_slow/my_clk_inst/clkin1_ibufg/O
                         net (fo=1, routed)           0.440     0.667    not_so_slow/my_clk_inst/clk_in1_clk_wiz_0
    MMCME2_ADV_X1Y0      MMCME2_ADV (Prop_mmcme2_adv_CLKIN1_CLKOUT0)
                                                     -2.360    -1.693 r  not_so_slow/my_clk_inst/mmcm_adv_inst/CLKOUT0
                         net (fo=1, routed)           0.486    -1.207    not_so_slow/slowclk/clk_int
    BUFGCTRL_X0Y0        BUFG (Prop_bufg_I_O)         0.026    -1.181 r  not_so_slow/slowclk/XLXI_401/O
                         net (fo=369, routed)         0.588    -0.593    clk
    SLICE_X2Y18          FDRE                                         r  RIP5_FF[3]/C
  -------------------------------------------------------------------    -------------------
    SLICE_X2Y18          FDRE (Prop_fdre_C_Q)         0.164    -0.429 f  RIP5_FF[3]/Q
                         net (fo=7, routed)           0.304    -0.125    rand/RIP5_FF[3]_0[3]
    SLICE_X2Y17          LUT4 (Prop_lut4_I0_O)        0.045    -0.080 f  rand/vgaGreen_OBUF[1]_inst_i_3/O
                         net (fo=1, routed)           0.052    -0.028    rand/vgaGreen_OBUF[1]_inst_i_3_n_0
    SLICE_X2Y17          LUT5 (Prop_lut5_I2_O)        0.045     0.017 r  rand/vgaGreen_OBUF[1]_inst_i_1/O
                         net (fo=1, routed)           0.689     0.705    vgaGreen_OBUF[1]
    H17                  OBUF (Prop_obuf_I_O)         1.207     1.912 r  vgaGreen_OBUF[1]_inst/O
                         net (fo=0)                   0.000     1.912    vgaGreen[1]
    H17                                                               r  vgaGreen[1] (OUT)
  -------------------------------------------------------------------    -------------------

Slack:                    inf
  Source:                 RIP2_FF[4]/C
                            (rising edge-triggered cell FDRE clocked by clk_out1_clk_wiz_0  {rise@0.000ns fall@20.000ns period=40.000ns})
  Destination:            vgaGreen[2]
                            (output port)
  Path Group:             (none)
  Path Type:              Min at Fast Process Corner
  Data Path Delay:        2.582ns  (logic 1.461ns (56.593%)  route 1.121ns (43.407%))
  Logic Levels:           3  (LUT6=2 OBUF=1)
  Clock Uncertainty:      0.195ns  ((TSJ^2 + DJ^2)^1/2) / 2 + PE
    Total System Jitter     (TSJ):    0.050ns
    Discrete Jitter          (DJ):    0.175ns
    Phase Error              (PE):    0.104ns

    Location             Delay type                Incr(ns)  Path(ns)    Netlist Resource(s)
  -------------------------------------------------------------------    -------------------
                         (clock clk_out1_clk_wiz_0 rise edge)
                                                      0.000     0.000 r  
    W5                                                0.000     0.000 r  clkin (IN)
                         net (fo=0)                   0.000     0.000    not_so_slow/my_clk_inst/clkin
    W5                   IBUF (Prop_ibuf_I_O)         0.226     0.226 r  not_so_slow/my_clk_inst/clkin1_ibufg/O
                         net (fo=1, routed)           0.440     0.667    not_so_slow/my_clk_inst/clk_in1_clk_wiz_0
    MMCME2_ADV_X1Y0      MMCME2_ADV (Prop_mmcme2_adv_CLKIN1_CLKOUT0)
                                                     -2.360    -1.693 r  not_so_slow/my_clk_inst/mmcm_adv_inst/CLKOUT0
                         net (fo=1, routed)           0.486    -1.207    not_so_slow/slowclk/clk_int
    BUFGCTRL_X0Y0        BUFG (Prop_bufg_I_O)         0.026    -1.181 r  not_so_slow/slowclk/XLXI_401/O
                         net (fo=369, routed)         0.594    -0.587    clk
    SLICE_X1Y9           FDRE                                         r  RIP2_FF[4]/C
  -------------------------------------------------------------------    -------------------
    SLICE_X1Y9           FDRE (Prop_fdre_C_Q)         0.141    -0.446 f  RIP2_FF[4]/Q
                         net (fo=8, routed)           0.317    -0.130    rand/RIP2_FF[3]_0[4]
    SLICE_X2Y14          LUT6 (Prop_lut6_I0_O)        0.045    -0.085 f  rand/vgaRed_OBUF[2]_inst_i_3/O
                         net (fo=2, routed)           0.124     0.040    rand/vgaRed_OBUF[2]_inst_i_3_n_0
    SLICE_X2Y16          LUT6 (Prop_lut6_I0_O)        0.045     0.085 r  rand/vgaGreen_OBUF[2]_inst_i_1/O
                         net (fo=1, routed)           0.680     0.764    vgaGreen_OBUF[2]
    G17                  OBUF (Prop_obuf_I_O)         1.230     1.994 r  vgaGreen_OBUF[2]_inst/O
                         net (fo=0)                   0.000     1.994    vgaGreen[2]
    G17                                                               r  vgaGreen[2] (OUT)
  -------------------------------------------------------------------    -------------------

Slack:                    inf
  Source:                 RIP6_FF[2]/C
                            (rising edge-triggered cell FDRE clocked by clk_out1_clk_wiz_0  {rise@0.000ns fall@20.000ns period=40.000ns})
  Destination:            vgaGreen[0]
                            (output port)
  Path Group:             (none)
  Path Type:              Min at Fast Process Corner
  Data Path Delay:        2.596ns  (logic 1.453ns (55.972%)  route 1.143ns (44.028%))
  Logic Levels:           3  (LUT4=1 LUT6=1 OBUF=1)
  Clock Uncertainty:      0.195ns  ((TSJ^2 + DJ^2)^1/2) / 2 + PE
    Total System Jitter     (TSJ):    0.050ns
    Discrete Jitter          (DJ):    0.175ns
    Phase Error              (PE):    0.104ns

    Location             Delay type                Incr(ns)  Path(ns)    Netlist Resource(s)
  -------------------------------------------------------------------    -------------------
                         (clock clk_out1_clk_wiz_0 rise edge)
                                                      0.000     0.000 r  
    W5                                                0.000     0.000 r  clkin (IN)
                         net (fo=0)                   0.000     0.000    not_so_slow/my_clk_inst/clkin
    W5                   IBUF (Prop_ibuf_I_O)         0.226     0.226 r  not_so_slow/my_clk_inst/clkin1_ibufg/O
                         net (fo=1, routed)           0.440     0.667    not_so_slow/my_clk_inst/clk_in1_clk_wiz_0
    MMCME2_ADV_X1Y0      MMCME2_ADV (Prop_mmcme2_adv_CLKIN1_CLKOUT0)
                                                     -2.360    -1.693 r  not_so_slow/my_clk_inst/mmcm_adv_inst/CLKOUT0
                         net (fo=1, routed)           0.486    -1.207    not_so_slow/slowclk/clk_int
    BUFGCTRL_X0Y0        BUFG (Prop_bufg_I_O)         0.026    -1.181 r  not_so_slow/slowclk/XLXI_401/O
                         net (fo=369, routed)         0.589    -0.592    clk
    SLICE_X0Y17          FDRE                                         r  RIP6_FF[2]/C
  -------------------------------------------------------------------    -------------------
    SLICE_X0Y17          FDRE (Prop_fdre_C_Q)         0.141    -0.451 f  RIP6_FF[2]/Q
                         net (fo=7, routed)           0.217    -0.235    rand/RIP6_FF[3][2]
    SLICE_X0Y14          LUT4 (Prop_lut4_I3_O)        0.045    -0.190 f  rand/vgaGreen_OBUF[0]_inst_i_4/O
                         net (fo=2, routed)           0.300     0.110    rand/vgaGreen_OBUF[0]_inst_i_4_n_0
    SLICE_X0Y16          LUT6 (Prop_lut6_I2_O)        0.045     0.155 r  rand/vgaGreen_OBUF[0]_inst_i_1/O
                         net (fo=1, routed)           0.626     0.781    vgaGreen_OBUF[0]
    J17                  OBUF (Prop_obuf_I_O)         1.222     2.003 r  vgaGreen_OBUF[0]_inst/O
                         net (fo=0)                   0.000     2.003    vgaGreen[0]
    J17                                                               r  vgaGreen[0] (OUT)
  -------------------------------------------------------------------    -------------------

Slack:                    inf
  Source:                 RIP5_FF[3]/C
                            (rising edge-triggered cell FDRE clocked by clk_out1_clk_wiz_0  {rise@0.000ns fall@20.000ns period=40.000ns})
  Destination:            vgaRed[1]
                            (output port)
  Path Group:             (none)
  Path Type:              Min at Fast Process Corner
  Data Path Delay:        2.612ns  (logic 1.547ns (59.241%)  route 1.065ns (40.759%))
  Logic Levels:           3  (LUT5=2 OBUF=1)
  Clock Uncertainty:      0.195ns  ((TSJ^2 + DJ^2)^1/2) / 2 + PE
    Total System Jitter     (TSJ):    0.050ns
    Discrete Jitter          (DJ):    0.175ns
    Phase Error              (PE):    0.104ns

    Location             Delay type                Incr(ns)  Path(ns)    Netlist Resource(s)
  -------------------------------------------------------------------    -------------------
                         (clock clk_out1_clk_wiz_0 rise edge)
                                                      0.000     0.000 r  
    W5                                                0.000     0.000 r  clkin (IN)
                         net (fo=0)                   0.000     0.000    not_so_slow/my_clk_inst/clkin
    W5                   IBUF (Prop_ibuf_I_O)         0.226     0.226 r  not_so_slow/my_clk_inst/clkin1_ibufg/O
                         net (fo=1, routed)           0.440     0.667    not_so_slow/my_clk_inst/clk_in1_clk_wiz_0
    MMCME2_ADV_X1Y0      MMCME2_ADV (Prop_mmcme2_adv_CLKIN1_CLKOUT0)
                                                     -2.360    -1.693 r  not_so_slow/my_clk_inst/mmcm_adv_inst/CLKOUT0
                         net (fo=1, routed)           0.486    -1.207    not_so_slow/slowclk/clk_int
    BUFGCTRL_X0Y0        BUFG (Prop_bufg_I_O)         0.026    -1.181 r  not_so_slow/slowclk/XLXI_401/O
                         net (fo=369, routed)         0.588    -0.593    clk
    SLICE_X2Y18          FDRE                                         r  RIP5_FF[3]/C
  -------------------------------------------------------------------    -------------------
    SLICE_X2Y18          FDRE (Prop_fdre_C_Q)         0.164    -0.429 r  RIP5_FF[3]/Q
                         net (fo=7, routed)           0.304    -0.125    rand/RIP5_FF[3]_0[3]
    SLICE_X2Y17          LUT5 (Prop_lut5_I0_O)        0.045    -0.080 r  rand/vgaRed_OBUF[1]_inst_i_5/O
                         net (fo=1, routed)           0.162     0.082    PA/VPX_counter/vgaRed[1]_1
    SLICE_X3Y17          LUT5 (Prop_lut5_I4_O)        0.118     0.200 r  PA/VPX_counter/vgaRed_OBUF[1]_inst_i_1/O
                         net (fo=1, routed)           0.598     0.798    vgaRed_OBUF[1]
    H19                  OBUF (Prop_obuf_I_O)         1.220     2.018 r  vgaRed_OBUF[1]_inst/O
                         net (fo=0)                   0.000     2.018    vgaRed[1]
    H19                                                               r  vgaRed[1] (OUT)
  -------------------------------------------------------------------    -------------------





--------------------------------------------------------------------------------------
Path Group:  (none)
From Clock:  clkfbout_clk_wiz_0
  To Clock:  

Max Delay             1 Endpoint
Min Delay             1 Endpoint
--------------------------------------------------------------------------------------


Max Delay Paths
--------------------------------------------------------------------------------------
Slack:                    inf
  Source:                 not_so_slow/my_clk_inst/mmcm_adv_inst/CLKFBOUT
                            (clock source 'clkfbout_clk_wiz_0'  {rise@0.000ns fall@5.000ns period=10.000ns})
  Destination:            not_so_slow/my_clk_inst/mmcm_adv_inst/CLKFBIN
  Path Group:             (none)
  Path Type:              Max at Fast Process Corner
  Data Path Delay:        1.375ns  (logic 0.029ns (2.109%)  route 1.346ns (97.891%))
  Logic Levels:           1  (BUFG=1)
  Clock Uncertainty:      0.155ns  ((TSJ^2 + DJ^2)^1/2) / 2 + PE
    Total System Jitter     (TSJ):    0.050ns
    Discrete Jitter          (DJ):    0.088ns
    Phase Error              (PE):    0.104ns

    Location             Delay type                Incr(ns)  Path(ns)    Netlist Resource(s)
  -------------------------------------------------------------------    -------------------
                         (clock clkfbout_clk_wiz_0 fall edge)
                                                      5.000     5.000 f  
    W5                                                0.000     5.000 f  clkin (IN)
                         net (fo=0)                   0.000     5.000    not_so_slow/my_clk_inst/clkin
    W5                   IBUF (Prop_ibuf_I_O)         0.414     5.414 f  not_so_slow/my_clk_inst/clkin1_ibufg/O
                         net (fo=1, routed)           0.480     5.894    not_so_slow/my_clk_inst/clk_in1_clk_wiz_0
  -------------------------------------------------------------------    -------------------
    MMCME2_ADV_X1Y0      MMCME2_ADV (Prop_mmcme2_adv_CLKIN1_CLKFBOUT)
                                                     -3.142     2.752 f  not_so_slow/my_clk_inst/mmcm_adv_inst/CLKFBOUT
                         net (fo=1, routed)           0.530     3.282    not_so_slow/my_clk_inst/clkfbout_clk_wiz_0
    BUFGCTRL_X0Y1        BUFG (Prop_bufg_I_O)         0.029     3.311 f  not_so_slow/my_clk_inst/clkf_buf/O
                         net (fo=1, routed)           0.817     4.127    not_so_slow/my_clk_inst/clkfbout_buf_clk_wiz_0
    MMCME2_ADV_X1Y0      MMCME2_ADV                                   f  not_so_slow/my_clk_inst/mmcm_adv_inst/CLKFBIN
  -------------------------------------------------------------------    -------------------





Min Delay Paths
--------------------------------------------------------------------------------------
Slack:                    inf
  Source:                 not_so_slow/my_clk_inst/mmcm_adv_inst/CLKFBOUT
                            (clock source 'clkfbout_clk_wiz_0'  {rise@0.000ns fall@5.000ns period=10.000ns})
  Destination:            not_so_slow/my_clk_inst/mmcm_adv_inst/CLKFBIN
  Path Group:             (none)
  Path Type:              Min at Slow Process Corner
  Data Path Delay:        3.129ns  (logic 0.091ns (2.908%)  route 3.038ns (97.092%))
  Logic Levels:           1  (BUFG=1)
  Clock Uncertainty:      0.155ns  ((TSJ^2 + DJ^2)^1/2) / 2 + PE
    Total System Jitter     (TSJ):    0.050ns
    Discrete Jitter          (DJ):    0.088ns
    Phase Error              (PE):    0.104ns

    Location             Delay type                Incr(ns)  Path(ns)    Netlist Resource(s)
  -------------------------------------------------------------------    -------------------
                         (clock clkfbout_clk_wiz_0 rise edge)
                                                      0.000     0.000 r  
    W5                                                0.000     0.000 r  clkin (IN)
                         net (fo=0)                   0.000     0.000    not_so_slow/my_clk_inst/clkin
    W5                   IBUF (Prop_ibuf_I_O)         1.388     1.388 r  not_so_slow/my_clk_inst/clkin1_ibufg/O
                         net (fo=1, routed)           1.162     2.550    not_so_slow/my_clk_inst/clk_in1_clk_wiz_0
  -------------------------------------------------------------------    -------------------
    MMCME2_ADV_X1Y0      MMCME2_ADV (Prop_mmcme2_adv_CLKIN1_CLKFBOUT)
                                                     -7.217    -4.668 r  not_so_slow/my_clk_inst/mmcm_adv_inst/CLKFBOUT
                         net (fo=1, routed)           1.581    -3.086    not_so_slow/my_clk_inst/clkfbout_clk_wiz_0
    BUFGCTRL_X0Y1        BUFG (Prop_bufg_I_O)         0.091    -2.995 r  not_so_slow/my_clk_inst/clkf_buf/O
                         net (fo=1, routed)           1.457    -1.538    not_so_slow/my_clk_inst/clkfbout_buf_clk_wiz_0
    MMCME2_ADV_X1Y0      MMCME2_ADV                                   r  not_so_slow/my_clk_inst/mmcm_adv_inst/CLKFBIN
  -------------------------------------------------------------------    -------------------





--------------------------------------------------------------------------------------
Path Group:  (none)
From Clock:  
  To Clock:  clk_out1_clk_wiz_0

Max Delay           296 Endpoints
Min Delay           296 Endpoints
--------------------------------------------------------------------------------------


Max Delay Paths
--------------------------------------------------------------------------------------
Slack:                    inf
  Source:                 sw[7]
                            (input port)
  Destination:            APPLE_FSM1/st4/D
                            (rising edge-triggered cell FDRE clocked by clk_out1_clk_wiz_0  {rise@0.000ns fall@20.000ns period=40.000ns})
  Path Group:             (none)
  Path Type:              Setup (Max at Slow Process Corner)
  Data Path Delay:        20.888ns  (logic 6.900ns (33.033%)  route 13.988ns (66.967%))
  Logic Levels:           22  (CARRY4=5 IBUF=1 LUT2=2 LUT3=1 LUT4=4 LUT5=1 LUT6=8)
  Clock Path Skew:        -1.545ns (DCD - SCD + CPR)
    Destination Clock Delay (DCD):    -1.545ns
    Source Clock Delay      (SCD):    0.000ns
    Clock Pessimism Removal (CPR):    0.000ns
  Clock Uncertainty:      0.195ns  ((TSJ^2 + DJ^2)^1/2) / 2 + PE
    Total System Jitter     (TSJ):    0.050ns
    Discrete Jitter          (DJ):    0.175ns
    Phase Error              (PE):    0.104ns

    Location             Delay type                Incr(ns)  Path(ns)    Netlist Resource(s)
  -------------------------------------------------------------------    -------------------
    W13                                               0.000     0.000 r  sw[7] (IN)
                         net (fo=0)                   0.000     0.000    sw[7]
    W13                  IBUF (Prop_ibuf_I_O)         1.459     1.459 r  sw_IBUF[7]_inst/O
                         net (fo=6, routed)           1.678     3.137    rand/sw_IBUF[7]
    SLICE_X0Y7           LUT4 (Prop_lut4_I0_O)        0.152     3.289 r  rand/SLOT_LAT_FF_0[1]_i_28/O
                         net (fo=4, routed)           0.831     4.121    rand/SLOT_LAT_FF_0[1]_i_28_n_0
    SLICE_X2Y7           LUT6 (Prop_lut6_I0_O)        0.326     4.447 r  rand/SLOT_LAT_FF_0[1]_i_13/O
                         net (fo=5, routed)           0.597     5.044    rand/SLOT_LAT_FF_0[1]_i_13_n_0
    SLICE_X3Y5           LUT2 (Prop_lut2_I1_O)        0.150     5.194 f  rand/SLOT_LAT_FF_0[1]_i_6/O
                         net (fo=5, routed)           0.685     5.879    rand/SLOT_LAT_FF_0[1]_i_6_n_0
    SLICE_X3Y4           LUT6 (Prop_lut6_I0_O)        0.332     6.211 r  rand/SLOT_LAT_FF_0[1]_i_2/O
                         net (fo=14, routed)          0.475     6.686    rand/SLOT_LAT_FF_0[1]_i_2_n_0
    SLICE_X6Y5           LUT2 (Prop_lut2_I1_O)        0.124     6.810 f  rand/APPLEX_FF_0[8]_i_4/O
                         net (fo=2, routed)           0.632     7.442    rand/APPLEX_FF_0[8]_i_4_n_0
    SLICE_X7Y5           LUT6 (Prop_lut6_I1_O)        0.124     7.566 r  rand/APPLEX_FF_0[7]_i_2/O
                         net (fo=7, routed)           0.343     7.909    rand/APPLEX_FF_0[7]_i_2_n_0
    SLICE_X5Y6           LUT6 (Prop_lut6_I1_O)        0.124     8.033 r  rand/SLOT_LAT_FF_1[1]_i_2/O
                         net (fo=1, routed)           0.956     8.989    rand/SLOT_LAT_FF_1[1]_i_2_n_0
    SLICE_X5Y8           LUT3 (Prop_lut3_I0_O)        0.152     9.141 r  rand/SLOT_LAT_FF_1[1]_i_1/O
                         net (fo=18, routed)          1.393    10.534    rand/slot_use_1[1]
    SLICE_X2Y16          LUT6 (Prop_lut6_I2_O)        0.326    10.860 r  rand/st3_i_10/O
                         net (fo=1, routed)           0.927    11.787    rand/st3_i_10_n_0
    SLICE_X1Y11          LUT5 (Prop_lut5_I3_O)        0.124    11.911 r  rand/st3_i_6/O
                         net (fo=1, routed)           0.801    12.712    rand/st3_i_6_n_0
    SLICE_X4Y13          LUT6 (Prop_lut6_I4_O)        0.124    12.836 r  rand/st3_i_2__0/O
                         net (fo=9, routed)           0.769    13.605    rand/st3_0
    SLICE_X4Y6           LUT4 (Prop_lut4_I3_O)        0.124    13.729 r  rand/CAUGHT_LAT_FF_i_65/O
                         net (fo=1, routed)           0.000    13.729    rand/CAUGHT_LAT_FF_i_65_n_0
    SLICE_X4Y6           CARRY4 (Prop_carry4_S[1]_CO[3])
                                                      0.550    14.279 r  rand/CAUGHT_LAT_FF_i_58/CO[3]
                         net (fo=1, routed)           0.000    14.279    rand/CAUGHT_LAT_FF_i_58_n_0
    SLICE_X4Y7           CARRY4 (Prop_carry4_CI_O[1])
                                                      0.334    14.613 r  rand/CAUGHT_LAT_FF_i_56/O[1]
                         net (fo=5, routed)           0.482    15.095    rand/appleX_draw_1[5]
    SLICE_X3Y9           CARRY4 (Prop_carry4_S[1]_CO[3])
                                                      0.853    15.948 r  rand/CAUGHT_LAT_FF_i_60/CO[3]
                         net (fo=1, routed)           0.000    15.948    rand/CAUGHT_LAT_FF_i_60_n_0
    SLICE_X3Y10          CARRY4 (Prop_carry4_CI_O[1])
                                                      0.334    16.282 r  rand/CAUGHT_LAT_FF_i_53/O[1]
                         net (fo=4, routed)           1.186    17.468    rand/a1_x1[9]
    SLICE_X10Y10         LUT4 (Prop_lut4_I1_O)        0.303    17.771 r  rand/CAUGHT_LAT_FF_i_28/O
                         net (fo=1, routed)           0.000    17.771    rand/CAUGHT_LAT_FF_i_28_n_0
    SLICE_X10Y10         CARRY4 (Prop_carry4_S[0]_CO[3])
                                                      0.513    18.284 f  rand/CAUGHT_LAT_FF_i_7/CO[3]
                         net (fo=1, routed)           0.852    19.136    rand/ov1_x038_in
    SLICE_X7Y11          LUT6 (Prop_lut6_I3_O)        0.124    19.260 f  rand/CAUGHT_LAT_FF_i_2/O
                         net (fo=6, routed)           0.921    20.181    APPLE_FSM1/st5_0
    SLICE_X9Y5           LUT4 (Prop_lut4_I0_O)        0.124    20.305 r  APPLE_FSM1/st4_i_2/O
                         net (fo=1, routed)           0.459    20.764    APPLE_FSM1/st4_i_2_n_0
    SLICE_X9Y6           LUT6 (Prop_lut6_I5_O)        0.124    20.888 r  APPLE_FSM1/st4_i_1/O
                         net (fo=1, routed)           0.000    20.888    APPLE_FSM1/nxt_4
    SLICE_X9Y6           FDRE                                         r  APPLE_FSM1/st4/D
  -------------------------------------------------------------------    -------------------

                         (clock clk_out1_clk_wiz_0 rise edge)
                                                      0.000     0.000 r  
    W5                                                0.000     0.000 r  clkin (IN)
                         net (fo=0)                   0.000     0.000    not_so_slow/my_clk_inst/clkin
    W5                   IBUF (Prop_ibuf_I_O)         1.388     1.388 r  not_so_slow/my_clk_inst/clkin1_ibufg/O
                         net (fo=1, routed)           1.162     2.550    not_so_slow/my_clk_inst/clk_in1_clk_wiz_0
    MMCME2_ADV_X1Y0      MMCME2_ADV (Prop_mmcme2_adv_CLKIN1_CLKOUT0)
                                                     -7.217    -4.668 r  not_so_slow/my_clk_inst/mmcm_adv_inst/CLKOUT0
                         net (fo=1, routed)           1.581    -3.086    not_so_slow/slowclk/clk_int
    BUFGCTRL_X0Y0        BUFG (Prop_bufg_I_O)         0.091    -2.995 r  not_so_slow/slowclk/XLXI_401/O
                         net (fo=369, routed)         1.450    -1.545    APPLE_FSM1/clk_out
    SLICE_X9Y6           FDRE                                         r  APPLE_FSM1/st4/C

Slack:                    inf
  Source:                 sw[7]
                            (input port)
  Destination:            APPLE_FSM1/st5/D
                            (rising edge-triggered cell FDRE clocked by clk_out1_clk_wiz_0  {rise@0.000ns fall@20.000ns period=40.000ns})
  Path Group:             (none)
  Path Type:              Setup (Max at Slow Process Corner)
  Data Path Delay:        20.636ns  (logic 6.771ns (32.812%)  route 13.865ns (67.188%))
  Logic Levels:           21  (CARRY4=5 IBUF=1 LUT2=2 LUT3=1 LUT4=4 LUT5=1 LUT6=7)
  Clock Path Skew:        -1.545ns (DCD - SCD + CPR)
    Destination Clock Delay (DCD):    -1.545ns
    Source Clock Delay      (SCD):    0.000ns
    Clock Pessimism Removal (CPR):    0.000ns
  Clock Uncertainty:      0.195ns  ((TSJ^2 + DJ^2)^1/2) / 2 + PE
    Total System Jitter     (TSJ):    0.050ns
    Discrete Jitter          (DJ):    0.175ns
    Phase Error              (PE):    0.104ns

    Location             Delay type                Incr(ns)  Path(ns)    Netlist Resource(s)
  -------------------------------------------------------------------    -------------------
    W13                                               0.000     0.000 r  sw[7] (IN)
                         net (fo=0)                   0.000     0.000    sw[7]
    W13                  IBUF (Prop_ibuf_I_O)         1.459     1.459 r  sw_IBUF[7]_inst/O
                         net (fo=6, routed)           1.678     3.137    rand/sw_IBUF[7]
    SLICE_X0Y7           LUT4 (Prop_lut4_I0_O)        0.152     3.289 r  rand/SLOT_LAT_FF_0[1]_i_28/O
                         net (fo=4, routed)           0.831     4.121    rand/SLOT_LAT_FF_0[1]_i_28_n_0
    SLICE_X2Y7           LUT6 (Prop_lut6_I0_O)        0.326     4.447 r  rand/SLOT_LAT_FF_0[1]_i_13/O
                         net (fo=5, routed)           0.597     5.044    rand/SLOT_LAT_FF_0[1]_i_13_n_0
    SLICE_X3Y5           LUT2 (Prop_lut2_I1_O)        0.150     5.194 f  rand/SLOT_LAT_FF_0[1]_i_6/O
                         net (fo=5, routed)           0.685     5.879    rand/SLOT_LAT_FF_0[1]_i_6_n_0
    SLICE_X3Y4           LUT6 (Prop_lut6_I0_O)        0.332     6.211 r  rand/SLOT_LAT_FF_0[1]_i_2/O
                         net (fo=14, routed)          0.475     6.686    rand/SLOT_LAT_FF_0[1]_i_2_n_0
    SLICE_X6Y5           LUT2 (Prop_lut2_I1_O)        0.124     6.810 f  rand/APPLEX_FF_0[8]_i_4/O
                         net (fo=2, routed)           0.632     7.442    rand/APPLEX_FF_0[8]_i_4_n_0
    SLICE_X7Y5           LUT6 (Prop_lut6_I1_O)        0.124     7.566 r  rand/APPLEX_FF_0[7]_i_2/O
                         net (fo=7, routed)           0.343     7.909    rand/APPLEX_FF_0[7]_i_2_n_0
    SLICE_X5Y6           LUT6 (Prop_lut6_I1_O)        0.124     8.033 r  rand/SLOT_LAT_FF_1[1]_i_2/O
                         net (fo=1, routed)           0.956     8.989    rand/SLOT_LAT_FF_1[1]_i_2_n_0
    SLICE_X5Y8           LUT3 (Prop_lut3_I0_O)        0.152     9.141 r  rand/SLOT_LAT_FF_1[1]_i_1/O
                         net (fo=18, routed)          1.393    10.534    rand/slot_use_1[1]
    SLICE_X2Y16          LUT6 (Prop_lut6_I2_O)        0.326    10.860 r  rand/st3_i_10/O
                         net (fo=1, routed)           0.927    11.787    rand/st3_i_10_n_0
    SLICE_X1Y11          LUT5 (Prop_lut5_I3_O)        0.124    11.911 r  rand/st3_i_6/O
                         net (fo=1, routed)           0.801    12.712    rand/st3_i_6_n_0
    SLICE_X4Y13          LUT6 (Prop_lut6_I4_O)        0.124    12.836 r  rand/st3_i_2__0/O
                         net (fo=9, routed)           0.769    13.605    rand/st3_0
    SLICE_X4Y6           LUT4 (Prop_lut4_I3_O)        0.124    13.729 r  rand/CAUGHT_LAT_FF_i_65/O
                         net (fo=1, routed)           0.000    13.729    rand/CAUGHT_LAT_FF_i_65_n_0
    SLICE_X4Y6           CARRY4 (Prop_carry4_S[1]_CO[3])
                                                      0.550    14.279 r  rand/CAUGHT_LAT_FF_i_58/CO[3]
                         net (fo=1, routed)           0.000    14.279    rand/CAUGHT_LAT_FF_i_58_n_0
    SLICE_X4Y7           CARRY4 (Prop_carry4_CI_O[1])
                                                      0.334    14.613 r  rand/CAUGHT_LAT_FF_i_56/O[1]
                         net (fo=5, routed)           0.482    15.095    rand/appleX_draw_1[5]
    SLICE_X3Y9           CARRY4 (Prop_carry4_S[1]_CO[3])
                                                      0.853    15.948 r  rand/CAUGHT_LAT_FF_i_60/CO[3]
                         net (fo=1, routed)           0.000    15.948    rand/CAUGHT_LAT_FF_i_60_n_0
    SLICE_X3Y10          CARRY4 (Prop_carry4_CI_O[1])
                                                      0.334    16.282 r  rand/CAUGHT_LAT_FF_i_53/O[1]
                         net (fo=4, routed)           1.186    17.468    rand/a1_x1[9]
    SLICE_X10Y10         LUT4 (Prop_lut4_I1_O)        0.303    17.771 r  rand/CAUGHT_LAT_FF_i_28/O
                         net (fo=1, routed)           0.000    17.771    rand/CAUGHT_LAT_FF_i_28_n_0
    SLICE_X10Y10         CARRY4 (Prop_carry4_S[0]_CO[3])
                                                      0.513    18.284 r  rand/CAUGHT_LAT_FF_i_7/CO[3]
                         net (fo=1, routed)           0.852    19.136    rand/ov1_x038_in
    SLICE_X7Y11          LUT6 (Prop_lut6_I3_O)        0.124    19.260 r  rand/CAUGHT_LAT_FF_i_2/O
                         net (fo=6, routed)           0.921    20.181    APPLE_FSM1/st5_0
    SLICE_X9Y5           LUT4 (Prop_lut4_I0_O)        0.119    20.300 r  APPLE_FSM1/st5_i_1__0/O
                         net (fo=1, routed)           0.336    20.636    APPLE_FSM1/nxt_5
    SLICE_X8Y5           FDRE                                         r  APPLE_FSM1/st5/D
  -------------------------------------------------------------------    -------------------

                         (clock clk_out1_clk_wiz_0 rise edge)
                                                      0.000     0.000 r  
    W5                                                0.000     0.000 r  clkin (IN)
                         net (fo=0)                   0.000     0.000    not_so_slow/my_clk_inst/clkin
    W5                   IBUF (Prop_ibuf_I_O)         1.388     1.388 r  not_so_slow/my_clk_inst/clkin1_ibufg/O
                         net (fo=1, routed)           1.162     2.550    not_so_slow/my_clk_inst/clk_in1_clk_wiz_0
    MMCME2_ADV_X1Y0      MMCME2_ADV (Prop_mmcme2_adv_CLKIN1_CLKOUT0)
                                                     -7.217    -4.668 r  not_so_slow/my_clk_inst/mmcm_adv_inst/CLKOUT0
                         net (fo=1, routed)           1.581    -3.086    not_so_slow/slowclk/clk_int
    BUFGCTRL_X0Y0        BUFG (Prop_bufg_I_O)         0.091    -2.995 r  not_so_slow/slowclk/XLXI_401/O
                         net (fo=369, routed)         1.450    -1.545    APPLE_FSM1/clk_out
    SLICE_X8Y5           FDRE                                         r  APPLE_FSM1/st5/C

Slack:                    inf
  Source:                 sw[7]
                            (input port)
  Destination:            COLL_PREV1/D
                            (rising edge-triggered cell FDRE clocked by clk_out1_clk_wiz_0  {rise@0.000ns fall@20.000ns period=40.000ns})
  Path Group:             (none)
  Path Type:              Setup (Max at Slow Process Corner)
  Data Path Delay:        20.216ns  (logic 6.776ns (33.517%)  route 13.440ns (66.483%))
  Logic Levels:           21  (CARRY4=5 IBUF=1 LUT2=2 LUT3=1 LUT4=4 LUT5=1 LUT6=7)
  Clock Path Skew:        -1.545ns (DCD - SCD + CPR)
    Destination Clock Delay (DCD):    -1.545ns
    Source Clock Delay      (SCD):    0.000ns
    Clock Pessimism Removal (CPR):    0.000ns
  Clock Uncertainty:      0.195ns  ((TSJ^2 + DJ^2)^1/2) / 2 + PE
    Total System Jitter     (TSJ):    0.050ns
    Discrete Jitter          (DJ):    0.175ns
    Phase Error              (PE):    0.104ns

    Location             Delay type                Incr(ns)  Path(ns)    Netlist Resource(s)
  -------------------------------------------------------------------    -------------------
    W13                                               0.000     0.000 r  sw[7] (IN)
                         net (fo=0)                   0.000     0.000    sw[7]
    W13                  IBUF (Prop_ibuf_I_O)         1.459     1.459 r  sw_IBUF[7]_inst/O
                         net (fo=6, routed)           1.678     3.137    rand/sw_IBUF[7]
    SLICE_X0Y7           LUT4 (Prop_lut4_I0_O)        0.152     3.289 r  rand/SLOT_LAT_FF_0[1]_i_28/O
                         net (fo=4, routed)           0.831     4.121    rand/SLOT_LAT_FF_0[1]_i_28_n_0
    SLICE_X2Y7           LUT6 (Prop_lut6_I0_O)        0.326     4.447 r  rand/SLOT_LAT_FF_0[1]_i_13/O
                         net (fo=5, routed)           0.597     5.044    rand/SLOT_LAT_FF_0[1]_i_13_n_0
    SLICE_X3Y5           LUT2 (Prop_lut2_I1_O)        0.150     5.194 f  rand/SLOT_LAT_FF_0[1]_i_6/O
                         net (fo=5, routed)           0.685     5.879    rand/SLOT_LAT_FF_0[1]_i_6_n_0
    SLICE_X3Y4           LUT6 (Prop_lut6_I0_O)        0.332     6.211 r  rand/SLOT_LAT_FF_0[1]_i_2/O
                         net (fo=14, routed)          0.475     6.686    rand/SLOT_LAT_FF_0[1]_i_2_n_0
    SLICE_X6Y5           LUT2 (Prop_lut2_I1_O)        0.124     6.810 f  rand/APPLEX_FF_0[8]_i_4/O
                         net (fo=2, routed)           0.632     7.442    rand/APPLEX_FF_0[8]_i_4_n_0
    SLICE_X7Y5           LUT6 (Prop_lut6_I1_O)        0.124     7.566 r  rand/APPLEX_FF_0[7]_i_2/O
                         net (fo=7, routed)           0.343     7.909    rand/APPLEX_FF_0[7]_i_2_n_0
    SLICE_X5Y6           LUT6 (Prop_lut6_I1_O)        0.124     8.033 r  rand/SLOT_LAT_FF_1[1]_i_2/O
                         net (fo=1, routed)           0.956     8.989    rand/SLOT_LAT_FF_1[1]_i_2_n_0
    SLICE_X5Y8           LUT3 (Prop_lut3_I0_O)        0.152     9.141 r  rand/SLOT_LAT_FF_1[1]_i_1/O
                         net (fo=18, routed)          1.393    10.534    rand/slot_use_1[1]
    SLICE_X2Y16          LUT6 (Prop_lut6_I2_O)        0.326    10.860 r  rand/st3_i_10/O
                         net (fo=1, routed)           0.927    11.787    rand/st3_i_10_n_0
    SLICE_X1Y11          LUT5 (Prop_lut5_I3_O)        0.124    11.911 r  rand/st3_i_6/O
                         net (fo=1, routed)           0.801    12.712    rand/st3_i_6_n_0
    SLICE_X4Y13          LUT6 (Prop_lut6_I4_O)        0.124    12.836 r  rand/st3_i_2__0/O
                         net (fo=9, routed)           0.769    13.605    rand/st3_0
    SLICE_X4Y6           LUT4 (Prop_lut4_I3_O)        0.124    13.729 r  rand/CAUGHT_LAT_FF_i_65/O
                         net (fo=1, routed)           0.000    13.729    rand/CAUGHT_LAT_FF_i_65_n_0
    SLICE_X4Y6           CARRY4 (Prop_carry4_S[1]_CO[3])
                                                      0.550    14.279 r  rand/CAUGHT_LAT_FF_i_58/CO[3]
                         net (fo=1, routed)           0.000    14.279    rand/CAUGHT_LAT_FF_i_58_n_0
    SLICE_X4Y7           CARRY4 (Prop_carry4_CI_O[1])
                                                      0.334    14.613 r  rand/CAUGHT_LAT_FF_i_56/O[1]
                         net (fo=5, routed)           0.482    15.095    rand/appleX_draw_1[5]
    SLICE_X3Y9           CARRY4 (Prop_carry4_S[1]_CO[3])
                                                      0.853    15.948 r  rand/CAUGHT_LAT_FF_i_60/CO[3]
                         net (fo=1, routed)           0.000    15.948    rand/CAUGHT_LAT_FF_i_60_n_0
    SLICE_X3Y10          CARRY4 (Prop_carry4_CI_O[1])
                                                      0.334    16.282 r  rand/CAUGHT_LAT_FF_i_53/O[1]
                         net (fo=4, routed)           1.186    17.468    rand/a1_x1[9]
    SLICE_X10Y10         LUT4 (Prop_lut4_I1_O)        0.303    17.771 r  rand/CAUGHT_LAT_FF_i_28/O
                         net (fo=1, routed)           0.000    17.771    rand/CAUGHT_LAT_FF_i_28_n_0
    SLICE_X10Y10         CARRY4 (Prop_carry4_S[0]_CO[3])
                                                      0.513    18.284 r  rand/CAUGHT_LAT_FF_i_7/CO[3]
                         net (fo=1, routed)           0.852    19.136    rand/ov1_x038_in
    SLICE_X7Y11          LUT6 (Prop_lut6_I3_O)        0.124    19.260 r  rand/CAUGHT_LAT_FF_i_2/O
                         net (fo=6, routed)           0.832    20.092    rand/APPLEY_FF_1[12]
    SLICE_X9Y6           LUT4 (Prop_lut4_I1_O)        0.124    20.216 r  rand/COLL_PREV1_i_1/O
                         net (fo=1, routed)           0.000    20.216    rand_n_167
    SLICE_X9Y6           FDRE                                         r  COLL_PREV1/D
  -------------------------------------------------------------------    -------------------

                         (clock clk_out1_clk_wiz_0 rise edge)
                                                      0.000     0.000 r  
    W5                                                0.000     0.000 r  clkin (IN)
                         net (fo=0)                   0.000     0.000    not_so_slow/my_clk_inst/clkin
    W5                   IBUF (Prop_ibuf_I_O)         1.388     1.388 r  not_so_slow/my_clk_inst/clkin1_ibufg/O
                         net (fo=1, routed)           1.162     2.550    not_so_slow/my_clk_inst/clk_in1_clk_wiz_0
    MMCME2_ADV_X1Y0      MMCME2_ADV (Prop_mmcme2_adv_CLKIN1_CLKOUT0)
                                                     -7.217    -4.668 r  not_so_slow/my_clk_inst/mmcm_adv_inst/CLKOUT0
                         net (fo=1, routed)           1.581    -3.086    not_so_slow/slowclk/clk_int
    BUFGCTRL_X0Y0        BUFG (Prop_bufg_I_O)         0.091    -2.995 r  not_so_slow/slowclk/XLXI_401/O
                         net (fo=369, routed)         1.450    -1.545    clk
    SLICE_X9Y6           FDRE                                         r  COLL_PREV1/C

Slack:                    inf
  Source:                 sw[7]
                            (input port)
  Destination:            APPLE_FSM1/CAUGHT_LAT_FF/D
                            (rising edge-triggered cell FDRE clocked by clk_out1_clk_wiz_0  {rise@0.000ns fall@20.000ns period=40.000ns})
  Path Group:             (none)
  Path Type:              Setup (Max at Slow Process Corner)
  Data Path Delay:        20.015ns  (logic 6.776ns (33.853%)  route 13.239ns (66.147%))
  Logic Levels:           21  (CARRY4=5 IBUF=1 LUT2=2 LUT3=1 LUT4=3 LUT5=1 LUT6=8)
  Clock Path Skew:        -1.545ns (DCD - SCD + CPR)
    Destination Clock Delay (DCD):    -1.545ns
    Source Clock Delay      (SCD):    0.000ns
    Clock Pessimism Removal (CPR):    0.000ns
  Clock Uncertainty:      0.195ns  ((TSJ^2 + DJ^2)^1/2) / 2 + PE
    Total System Jitter     (TSJ):    0.050ns
    Discrete Jitter          (DJ):    0.175ns
    Phase Error              (PE):    0.104ns

    Location             Delay type                Incr(ns)  Path(ns)    Netlist Resource(s)
  -------------------------------------------------------------------    -------------------
    W13                                               0.000     0.000 r  sw[7] (IN)
                         net (fo=0)                   0.000     0.000    sw[7]
    W13                  IBUF (Prop_ibuf_I_O)         1.459     1.459 r  sw_IBUF[7]_inst/O
                         net (fo=6, routed)           1.678     3.137    rand/sw_IBUF[7]
    SLICE_X0Y7           LUT4 (Prop_lut4_I0_O)        0.152     3.289 r  rand/SLOT_LAT_FF_0[1]_i_28/O
                         net (fo=4, routed)           0.831     4.121    rand/SLOT_LAT_FF_0[1]_i_28_n_0
    SLICE_X2Y7           LUT6 (Prop_lut6_I0_O)        0.326     4.447 r  rand/SLOT_LAT_FF_0[1]_i_13/O
                         net (fo=5, routed)           0.597     5.044    rand/SLOT_LAT_FF_0[1]_i_13_n_0
    SLICE_X3Y5           LUT2 (Prop_lut2_I1_O)        0.150     5.194 f  rand/SLOT_LAT_FF_0[1]_i_6/O
                         net (fo=5, routed)           0.685     5.879    rand/SLOT_LAT_FF_0[1]_i_6_n_0
    SLICE_X3Y4           LUT6 (Prop_lut6_I0_O)        0.332     6.211 r  rand/SLOT_LAT_FF_0[1]_i_2/O
                         net (fo=14, routed)          0.475     6.686    rand/SLOT_LAT_FF_0[1]_i_2_n_0
    SLICE_X6Y5           LUT2 (Prop_lut2_I1_O)        0.124     6.810 f  rand/APPLEX_FF_0[8]_i_4/O
                         net (fo=2, routed)           0.632     7.442    rand/APPLEX_FF_0[8]_i_4_n_0
    SLICE_X7Y5           LUT6 (Prop_lut6_I1_O)        0.124     7.566 r  rand/APPLEX_FF_0[7]_i_2/O
                         net (fo=7, routed)           0.343     7.909    rand/APPLEX_FF_0[7]_i_2_n_0
    SLICE_X5Y6           LUT6 (Prop_lut6_I1_O)        0.124     8.033 r  rand/SLOT_LAT_FF_1[1]_i_2/O
                         net (fo=1, routed)           0.956     8.989    rand/SLOT_LAT_FF_1[1]_i_2_n_0
    SLICE_X5Y8           LUT3 (Prop_lut3_I0_O)        0.152     9.141 r  rand/SLOT_LAT_FF_1[1]_i_1/O
                         net (fo=18, routed)          1.393    10.534    rand/slot_use_1[1]
    SLICE_X2Y16          LUT6 (Prop_lut6_I2_O)        0.326    10.860 r  rand/st3_i_10/O
                         net (fo=1, routed)           0.927    11.787    rand/st3_i_10_n_0
    SLICE_X1Y11          LUT5 (Prop_lut5_I3_O)        0.124    11.911 r  rand/st3_i_6/O
                         net (fo=1, routed)           0.801    12.712    rand/st3_i_6_n_0
    SLICE_X4Y13          LUT6 (Prop_lut6_I4_O)        0.124    12.836 r  rand/st3_i_2__0/O
                         net (fo=9, routed)           0.769    13.605    rand/st3_0
    SLICE_X4Y6           LUT4 (Prop_lut4_I3_O)        0.124    13.729 r  rand/CAUGHT_LAT_FF_i_65/O
                         net (fo=1, routed)           0.000    13.729    rand/CAUGHT_LAT_FF_i_65_n_0
    SLICE_X4Y6           CARRY4 (Prop_carry4_S[1]_CO[3])
                                                      0.550    14.279 r  rand/CAUGHT_LAT_FF_i_58/CO[3]
                         net (fo=1, routed)           0.000    14.279    rand/CAUGHT_LAT_FF_i_58_n_0
    SLICE_X4Y7           CARRY4 (Prop_carry4_CI_O[1])
                                                      0.334    14.613 r  rand/CAUGHT_LAT_FF_i_56/O[1]
                         net (fo=5, routed)           0.482    15.095    rand/appleX_draw_1[5]
    SLICE_X3Y9           CARRY4 (Prop_carry4_S[1]_CO[3])
                                                      0.853    15.948 r  rand/CAUGHT_LAT_FF_i_60/CO[3]
                         net (fo=1, routed)           0.000    15.948    rand/CAUGHT_LAT_FF_i_60_n_0
    SLICE_X3Y10          CARRY4 (Prop_carry4_CI_O[1])
                                                      0.334    16.282 r  rand/CAUGHT_LAT_FF_i_53/O[1]
                         net (fo=4, routed)           1.186    17.468    rand/a1_x1[9]
    SLICE_X10Y10         LUT4 (Prop_lut4_I1_O)        0.303    17.771 r  rand/CAUGHT_LAT_FF_i_28/O
                         net (fo=1, routed)           0.000    17.771    rand/CAUGHT_LAT_FF_i_28_n_0
    SLICE_X10Y10         CARRY4 (Prop_carry4_S[0]_CO[3])
                                                      0.513    18.284 r  rand/CAUGHT_LAT_FF_i_7/CO[3]
                         net (fo=1, routed)           0.852    19.136    rand/ov1_x038_in
    SLICE_X7Y11          LUT6 (Prop_lut6_I3_O)        0.124    19.260 r  rand/CAUGHT_LAT_FF_i_2/O
                         net (fo=6, routed)           0.631    19.891    APPLE_FSM1/st5_0
    SLICE_X8Y5           LUT6 (Prop_lut6_I0_O)        0.124    20.015 r  APPLE_FSM1/CAUGHT_LAT_FF_i_1__0/O
                         net (fo=1, routed)           0.000    20.015    APPLE_FSM1/caught_lat_next
    SLICE_X8Y5           FDRE                                         r  APPLE_FSM1/CAUGHT_LAT_FF/D
  -------------------------------------------------------------------    -------------------

                         (clock clk_out1_clk_wiz_0 rise edge)
                                                      0.000     0.000 r  
    W5                                                0.000     0.000 r  clkin (IN)
                         net (fo=0)                   0.000     0.000    not_so_slow/my_clk_inst/clkin
    W5                   IBUF (Prop_ibuf_I_O)         1.388     1.388 r  not_so_slow/my_clk_inst/clkin1_ibufg/O
                         net (fo=1, routed)           1.162     2.550    not_so_slow/my_clk_inst/clk_in1_clk_wiz_0
    MMCME2_ADV_X1Y0      MMCME2_ADV (Prop_mmcme2_adv_CLKIN1_CLKOUT0)
                                                     -7.217    -4.668 r  not_so_slow/my_clk_inst/mmcm_adv_inst/CLKOUT0
                         net (fo=1, routed)           1.581    -3.086    not_so_slow/slowclk/clk_int
    BUFGCTRL_X0Y0        BUFG (Prop_bufg_I_O)         0.091    -2.995 r  not_so_slow/slowclk/XLXI_401/O
                         net (fo=369, routed)         1.450    -1.545    APPLE_FSM1/clk_out
    SLICE_X8Y5           FDRE                                         r  APPLE_FSM1/CAUGHT_LAT_FF/C

Slack:                    inf
  Source:                 sw[7]
                            (input port)
  Destination:            APPLE_FSM1/MISSED_LAT_FF/D
                            (rising edge-triggered cell FDRE clocked by clk_out1_clk_wiz_0  {rise@0.000ns fall@20.000ns period=40.000ns})
  Path Group:             (none)
  Path Type:              Setup (Max at Slow Process Corner)
  Data Path Delay:        20.012ns  (logic 6.776ns (33.858%)  route 13.236ns (66.142%))
  Logic Levels:           21  (CARRY4=5 IBUF=1 LUT2=2 LUT3=1 LUT4=3 LUT5=1 LUT6=8)
  Clock Path Skew:        -1.545ns (DCD - SCD + CPR)
    Destination Clock Delay (DCD):    -1.545ns
    Source Clock Delay      (SCD):    0.000ns
    Clock Pessimism Removal (CPR):    0.000ns
  Clock Uncertainty:      0.195ns  ((TSJ^2 + DJ^2)^1/2) / 2 + PE
    Total System Jitter     (TSJ):    0.050ns
    Discrete Jitter          (DJ):    0.175ns
    Phase Error              (PE):    0.104ns

    Location             Delay type                Incr(ns)  Path(ns)    Netlist Resource(s)
  -------------------------------------------------------------------    -------------------
    W13                                               0.000     0.000 r  sw[7] (IN)
                         net (fo=0)                   0.000     0.000    sw[7]
    W13                  IBUF (Prop_ibuf_I_O)         1.459     1.459 r  sw_IBUF[7]_inst/O
                         net (fo=6, routed)           1.678     3.137    rand/sw_IBUF[7]
    SLICE_X0Y7           LUT4 (Prop_lut4_I0_O)        0.152     3.289 r  rand/SLOT_LAT_FF_0[1]_i_28/O
                         net (fo=4, routed)           0.831     4.121    rand/SLOT_LAT_FF_0[1]_i_28_n_0
    SLICE_X2Y7           LUT6 (Prop_lut6_I0_O)        0.326     4.447 r  rand/SLOT_LAT_FF_0[1]_i_13/O
                         net (fo=5, routed)           0.597     5.044    rand/SLOT_LAT_FF_0[1]_i_13_n_0
    SLICE_X3Y5           LUT2 (Prop_lut2_I1_O)        0.150     5.194 f  rand/SLOT_LAT_FF_0[1]_i_6/O
                         net (fo=5, routed)           0.685     5.879    rand/SLOT_LAT_FF_0[1]_i_6_n_0
    SLICE_X3Y4           LUT6 (Prop_lut6_I0_O)        0.332     6.211 r  rand/SLOT_LAT_FF_0[1]_i_2/O
                         net (fo=14, routed)          0.475     6.686    rand/SLOT_LAT_FF_0[1]_i_2_n_0
    SLICE_X6Y5           LUT2 (Prop_lut2_I1_O)        0.124     6.810 f  rand/APPLEX_FF_0[8]_i_4/O
                         net (fo=2, routed)           0.632     7.442    rand/APPLEX_FF_0[8]_i_4_n_0
    SLICE_X7Y5           LUT6 (Prop_lut6_I1_O)        0.124     7.566 r  rand/APPLEX_FF_0[7]_i_2/O
                         net (fo=7, routed)           0.343     7.909    rand/APPLEX_FF_0[7]_i_2_n_0
    SLICE_X5Y6           LUT6 (Prop_lut6_I1_O)        0.124     8.033 r  rand/SLOT_LAT_FF_1[1]_i_2/O
                         net (fo=1, routed)           0.956     8.989    rand/SLOT_LAT_FF_1[1]_i_2_n_0
    SLICE_X5Y8           LUT3 (Prop_lut3_I0_O)        0.152     9.141 r  rand/SLOT_LAT_FF_1[1]_i_1/O
                         net (fo=18, routed)          1.393    10.534    rand/slot_use_1[1]
    SLICE_X2Y16          LUT6 (Prop_lut6_I2_O)        0.326    10.860 r  rand/st3_i_10/O
                         net (fo=1, routed)           0.927    11.787    rand/st3_i_10_n_0
    SLICE_X1Y11          LUT5 (Prop_lut5_I3_O)        0.124    11.911 r  rand/st3_i_6/O
                         net (fo=1, routed)           0.801    12.712    rand/st3_i_6_n_0
    SLICE_X4Y13          LUT6 (Prop_lut6_I4_O)        0.124    12.836 r  rand/st3_i_2__0/O
                         net (fo=9, routed)           0.769    13.605    rand/st3_0
    SLICE_X4Y6           LUT4 (Prop_lut4_I3_O)        0.124    13.729 r  rand/CAUGHT_LAT_FF_i_65/O
                         net (fo=1, routed)           0.000    13.729    rand/CAUGHT_LAT_FF_i_65_n_0
    SLICE_X4Y6           CARRY4 (Prop_carry4_S[1]_CO[3])
                                                      0.550    14.279 r  rand/CAUGHT_LAT_FF_i_58/CO[3]
                         net (fo=1, routed)           0.000    14.279    rand/CAUGHT_LAT_FF_i_58_n_0
    SLICE_X4Y7           CARRY4 (Prop_carry4_CI_O[1])
                                                      0.334    14.613 r  rand/CAUGHT_LAT_FF_i_56/O[1]
                         net (fo=5, routed)           0.482    15.095    rand/appleX_draw_1[5]
    SLICE_X3Y9           CARRY4 (Prop_carry4_S[1]_CO[3])
                                                      0.853    15.948 r  rand/CAUGHT_LAT_FF_i_60/CO[3]
                         net (fo=1, routed)           0.000    15.948    rand/CAUGHT_LAT_FF_i_60_n_0
    SLICE_X3Y10          CARRY4 (Prop_carry4_CI_O[1])
                                                      0.334    16.282 r  rand/CAUGHT_LAT_FF_i_53/O[1]
                         net (fo=4, routed)           1.186    17.468    rand/a1_x1[9]
    SLICE_X10Y10         LUT4 (Prop_lut4_I1_O)        0.303    17.771 r  rand/CAUGHT_LAT_FF_i_28/O
                         net (fo=1, routed)           0.000    17.771    rand/CAUGHT_LAT_FF_i_28_n_0
    SLICE_X10Y10         CARRY4 (Prop_carry4_S[0]_CO[3])
                                                      0.513    18.284 f  rand/CAUGHT_LAT_FF_i_7/CO[3]
                         net (fo=1, routed)           0.852    19.136    rand/ov1_x038_in
    SLICE_X7Y11          LUT6 (Prop_lut6_I3_O)        0.124    19.260 f  rand/CAUGHT_LAT_FF_i_2/O
                         net (fo=6, routed)           0.628    19.888    APPLE_FSM1/st5_0
    SLICE_X8Y5           LUT6 (Prop_lut6_I0_O)        0.124    20.012 r  APPLE_FSM1/MISSED_LAT_FF_i_1__0/O
                         net (fo=1, routed)           0.000    20.012    APPLE_FSM1/missed_lat_next
    SLICE_X8Y5           FDRE                                         r  APPLE_FSM1/MISSED_LAT_FF/D
  -------------------------------------------------------------------    -------------------

                         (clock clk_out1_clk_wiz_0 rise edge)
                                                      0.000     0.000 r  
    W5                                                0.000     0.000 r  clkin (IN)
                         net (fo=0)                   0.000     0.000    not_so_slow/my_clk_inst/clkin
    W5                   IBUF (Prop_ibuf_I_O)         1.388     1.388 r  not_so_slow/my_clk_inst/clkin1_ibufg/O
                         net (fo=1, routed)           1.162     2.550    not_so_slow/my_clk_inst/clk_in1_clk_wiz_0
    MMCME2_ADV_X1Y0      MMCME2_ADV (Prop_mmcme2_adv_CLKIN1_CLKOUT0)
                                                     -7.217    -4.668 r  not_so_slow/my_clk_inst/mmcm_adv_inst/CLKOUT0
                         net (fo=1, routed)           1.581    -3.086    not_so_slow/slowclk/clk_int
    BUFGCTRL_X0Y0        BUFG (Prop_bufg_I_O)         0.091    -2.995 r  not_so_slow/slowclk/XLXI_401/O
                         net (fo=369, routed)         1.450    -1.545    APPLE_FSM1/clk_out
    SLICE_X8Y5           FDRE                                         r  APPLE_FSM1/MISSED_LAT_FF/C

Slack:                    inf
  Source:                 sw[7]
                            (input port)
  Destination:            CAUGHTLAT1/D
                            (rising edge-triggered cell FDRE clocked by clk_out1_clk_wiz_0  {rise@0.000ns fall@20.000ns period=40.000ns})
  Path Group:             (none)
  Path Type:              Setup (Max at Slow Process Corner)
  Data Path Delay:        19.846ns  (logic 6.776ns (34.143%)  route 13.070ns (65.857%))
  Logic Levels:           21  (CARRY4=5 IBUF=1 LUT2=2 LUT3=1 LUT4=3 LUT5=2 LUT6=7)
  Clock Path Skew:        -1.479ns (DCD - SCD + CPR)
    Destination Clock Delay (DCD):    -1.479ns
    Source Clock Delay      (SCD):    0.000ns
    Clock Pessimism Removal (CPR):    0.000ns
  Clock Uncertainty:      0.195ns  ((TSJ^2 + DJ^2)^1/2) / 2 + PE
    Total System Jitter     (TSJ):    0.050ns
    Discrete Jitter          (DJ):    0.175ns
    Phase Error              (PE):    0.104ns

    Location             Delay type                Incr(ns)  Path(ns)    Netlist Resource(s)
  -------------------------------------------------------------------    -------------------
    W13                                               0.000     0.000 r  sw[7] (IN)
                         net (fo=0)                   0.000     0.000    sw[7]
    W13                  IBUF (Prop_ibuf_I_O)         1.459     1.459 r  sw_IBUF[7]_inst/O
                         net (fo=6, routed)           1.678     3.137    rand/sw_IBUF[7]
    SLICE_X0Y7           LUT4 (Prop_lut4_I0_O)        0.152     3.289 r  rand/SLOT_LAT_FF_0[1]_i_28/O
                         net (fo=4, routed)           0.831     4.121    rand/SLOT_LAT_FF_0[1]_i_28_n_0
    SLICE_X2Y7           LUT6 (Prop_lut6_I0_O)        0.326     4.447 r  rand/SLOT_LAT_FF_0[1]_i_13/O
                         net (fo=5, routed)           0.597     5.044    rand/SLOT_LAT_FF_0[1]_i_13_n_0
    SLICE_X3Y5           LUT2 (Prop_lut2_I1_O)        0.150     5.194 f  rand/SLOT_LAT_FF_0[1]_i_6/O
                         net (fo=5, routed)           0.685     5.879    rand/SLOT_LAT_FF_0[1]_i_6_n_0
    SLICE_X3Y4           LUT6 (Prop_lut6_I0_O)        0.332     6.211 r  rand/SLOT_LAT_FF_0[1]_i_2/O
                         net (fo=14, routed)          0.475     6.686    rand/SLOT_LAT_FF_0[1]_i_2_n_0
    SLICE_X6Y5           LUT2 (Prop_lut2_I1_O)        0.124     6.810 f  rand/APPLEX_FF_0[8]_i_4/O
                         net (fo=2, routed)           0.632     7.442    rand/APPLEX_FF_0[8]_i_4_n_0
    SLICE_X7Y5           LUT6 (Prop_lut6_I1_O)        0.124     7.566 r  rand/APPLEX_FF_0[7]_i_2/O
                         net (fo=7, routed)           0.343     7.909    rand/APPLEX_FF_0[7]_i_2_n_0
    SLICE_X5Y6           LUT6 (Prop_lut6_I1_O)        0.124     8.033 r  rand/SLOT_LAT_FF_1[1]_i_2/O
                         net (fo=1, routed)           0.956     8.989    rand/SLOT_LAT_FF_1[1]_i_2_n_0
    SLICE_X5Y8           LUT3 (Prop_lut3_I0_O)        0.152     9.141 r  rand/SLOT_LAT_FF_1[1]_i_1/O
                         net (fo=18, routed)          1.393    10.534    rand/slot_use_1[1]
    SLICE_X2Y16          LUT6 (Prop_lut6_I2_O)        0.326    10.860 r  rand/st3_i_10/O
                         net (fo=1, routed)           0.927    11.787    rand/st3_i_10_n_0
    SLICE_X1Y11          LUT5 (Prop_lut5_I3_O)        0.124    11.911 r  rand/st3_i_6/O
                         net (fo=1, routed)           0.801    12.712    rand/st3_i_6_n_0
    SLICE_X4Y13          LUT6 (Prop_lut6_I4_O)        0.124    12.836 r  rand/st3_i_2__0/O
                         net (fo=9, routed)           0.769    13.605    rand/st3_0
    SLICE_X4Y6           LUT4 (Prop_lut4_I3_O)        0.124    13.729 r  rand/CAUGHT_LAT_FF_i_65/O
                         net (fo=1, routed)           0.000    13.729    rand/CAUGHT_LAT_FF_i_65_n_0
    SLICE_X4Y6           CARRY4 (Prop_carry4_S[1]_CO[3])
                                                      0.550    14.279 r  rand/CAUGHT_LAT_FF_i_58/CO[3]
                         net (fo=1, routed)           0.000    14.279    rand/CAUGHT_LAT_FF_i_58_n_0
    SLICE_X4Y7           CARRY4 (Prop_carry4_CI_O[1])
                                                      0.334    14.613 r  rand/CAUGHT_LAT_FF_i_56/O[1]
                         net (fo=5, routed)           0.482    15.095    rand/appleX_draw_1[5]
    SLICE_X3Y9           CARRY4 (Prop_carry4_S[1]_CO[3])
                                                      0.853    15.948 r  rand/CAUGHT_LAT_FF_i_60/CO[3]
                         net (fo=1, routed)           0.000    15.948    rand/CAUGHT_LAT_FF_i_60_n_0
    SLICE_X3Y10          CARRY4 (Prop_carry4_CI_O[1])
                                                      0.334    16.282 r  rand/CAUGHT_LAT_FF_i_53/O[1]
                         net (fo=4, routed)           1.186    17.468    rand/a1_x1[9]
    SLICE_X10Y10         LUT4 (Prop_lut4_I1_O)        0.303    17.771 r  rand/CAUGHT_LAT_FF_i_28/O
                         net (fo=1, routed)           0.000    17.771    rand/CAUGHT_LAT_FF_i_28_n_0
    SLICE_X10Y10         CARRY4 (Prop_carry4_S[0]_CO[3])
                                                      0.513    18.284 r  rand/CAUGHT_LAT_FF_i_7/CO[3]
                         net (fo=1, routed)           0.852    19.136    rand/ov1_x038_in
    SLICE_X7Y11          LUT6 (Prop_lut6_I3_O)        0.124    19.260 r  rand/CAUGHT_LAT_FF_i_2/O
                         net (fo=6, routed)           0.462    19.722    rand/APPLEY_FF_1[12]
    SLICE_X7Y7           LUT5 (Prop_lut5_I0_O)        0.124    19.846 r  rand/CAUGHTLAT1_i_1/O
                         net (fo=1, routed)           0.000    19.846    caught_lat_1_n
    SLICE_X7Y7           FDRE                                         r  CAUGHTLAT1/D
  -------------------------------------------------------------------    -------------------

                         (clock clk_out1_clk_wiz_0 rise edge)
                                                      0.000     0.000 r  
    W5                                                0.000     0.000 r  clkin (IN)
                         net (fo=0)                   0.000     0.000    not_so_slow/my_clk_inst/clkin
    W5                   IBUF (Prop_ibuf_I_O)         1.388     1.388 r  not_so_slow/my_clk_inst/clkin1_ibufg/O
                         net (fo=1, routed)           1.162     2.550    not_so_slow/my_clk_inst/clk_in1_clk_wiz_0
    MMCME2_ADV_X1Y0      MMCME2_ADV (Prop_mmcme2_adv_CLKIN1_CLKOUT0)
                                                     -7.217    -4.668 r  not_so_slow/my_clk_inst/mmcm_adv_inst/CLKOUT0
                         net (fo=1, routed)           1.581    -3.086    not_so_slow/slowclk/clk_int
    BUFGCTRL_X0Y0        BUFG (Prop_bufg_I_O)         0.091    -2.995 r  not_so_slow/slowclk/XLXI_401/O
                         net (fo=369, routed)         1.516    -1.479    clk
    SLICE_X7Y7           FDRE                                         r  CAUGHTLAT1/C

Slack:                    inf
  Source:                 sw[1]
                            (input port)
  Destination:            CAUGHTLAT0/D
                            (rising edge-triggered cell FDRE clocked by clk_out1_clk_wiz_0  {rise@0.000ns fall@20.000ns period=40.000ns})
  Path Group:             (none)
  Path Type:              Setup (Max at Slow Process Corner)
  Data Path Delay:        19.547ns  (logic 6.503ns (33.271%)  route 13.043ns (66.729%))
  Logic Levels:           20  (CARRY4=5 IBUF=1 LUT2=1 LUT3=2 LUT4=3 LUT6=7 MUXF7=1)
  Clock Path Skew:        -1.551ns (DCD - SCD + CPR)
    Destination Clock Delay (DCD):    -1.551ns
    Source Clock Delay      (SCD):    0.000ns
    Clock Pessimism Removal (CPR):    0.000ns
  Clock Uncertainty:      0.195ns  ((TSJ^2 + DJ^2)^1/2) / 2 + PE
    Total System Jitter     (TSJ):    0.050ns
    Discrete Jitter          (DJ):    0.175ns
    Phase Error              (PE):    0.104ns

    Location             Delay type                Incr(ns)  Path(ns)    Netlist Resource(s)
  -------------------------------------------------------------------    -------------------
    V16                                               0.000     0.000 r  sw[1] (IN)
                         net (fo=0)                   0.000     0.000    sw[1]
    V16                  IBUF (Prop_ibuf_I_O)         1.461     1.461 r  sw_IBUF[1]_inst/O
                         net (fo=6, routed)           1.412     2.873    rand/sw_IBUF[1]
    SLICE_X0Y7           LUT4 (Prop_lut4_I3_O)        0.150     3.023 r  rand/SLOT_LAT_FF_0[1]_i_29/O
                         net (fo=4, routed)           0.994     4.018    rand/SLOT_LAT_FF_0[1]_i_29_n_0
    SLICE_X2Y6           LUT6 (Prop_lut6_I0_O)        0.332     4.350 r  rand/SLOT_LAT_FF_0[1]_i_24/O
                         net (fo=4, routed)           0.801     5.150    rand/SLOT_LAT_FF_0[1]_i_24_n_0
    SLICE_X1Y5           LUT6 (Prop_lut6_I4_O)        0.124     5.274 r  rand/SLOT_LAT_FF_0[1]_i_15/O
                         net (fo=3, routed)           0.862     6.136    rand/SLOT_LAT_FF_0[1]_i_15_n_0
    SLICE_X2Y5           LUT6 (Prop_lut6_I0_O)        0.124     6.260 f  rand/APPLEX_FF_0[3]_i_4/O
                         net (fo=1, routed)           0.339     6.599    rand/APPLEX_FF_0[3]_i_4_n_0
    SLICE_X3Y5           LUT6 (Prop_lut6_I3_O)        0.124     6.723 r  rand/APPLEX_FF_0[3]_i_2/O
                         net (fo=7, routed)           0.902     7.624    rand/APPLEX_FF_0[3]_i_2_n_0
    SLICE_X6Y5           LUT6 (Prop_lut6_I0_O)        0.124     7.748 r  rand/SLOT_LAT_FF_0[2]_i_2/O
                         net (fo=8, routed)           0.572     8.320    rand/SLOT_LAT_FF_1[0]
    SLICE_X9Y7           LUT3 (Prop_lut3_I0_O)        0.124     8.444 r  rand/SLOT_LAT_FF_0[2]_i_1/O
                         net (fo=21, routed)          1.484     9.928    rand/slot_use_0[2]
    SLICE_X2Y14          MUXF7 (Prop_muxf7_S_O)       0.292    10.220 r  rand/ff0_i_8/O
                         net (fo=3, routed)           0.842    11.061    rand/SLOT_LAT_FF_0[2]_1
    SLICE_X3Y12          LUT6 (Prop_lut6_I3_O)        0.297    11.358 r  rand/ff0_i_4__1/O
                         net (fo=8, routed)           1.091    12.449    rand/st3
    SLICE_X8Y6           LUT3 (Prop_lut3_I1_O)        0.124    12.573 r  rand/COLL_PREV0_i_59/O
                         net (fo=1, routed)           0.000    12.573    rand/COLL_PREV0_i_59_n_0
    SLICE_X8Y6           CARRY4 (Prop_carry4_S[0]_CO[3])
                                                      0.513    13.086 r  rand/COLL_PREV0_i_54/CO[3]
                         net (fo=1, routed)           0.000    13.086    rand/COLL_PREV0_i_54_n_0
    SLICE_X8Y7           CARRY4 (Prop_carry4_CI_O[1])
                                                      0.323    13.409 r  rand/COLL_PREV0_i_53/O[1]
                         net (fo=5, routed)           0.513    13.922    rand/appleX_draw_0[5]
    SLICE_X9Y9           CARRY4 (Prop_carry4_S[1]_CO[3])
                                                      0.856    14.778 r  rand/COLL_PREV0_i_55/CO[3]
                         net (fo=1, routed)           0.000    14.778    rand/COLL_PREV0_i_55_n_0
    SLICE_X9Y10          CARRY4 (Prop_carry4_CI_O[1])
                                                      0.334    15.112 r  rand/COLL_PREV0_i_50/O[1]
                         net (fo=4, routed)           0.821    15.933    rand/a0_x1[9]
    SLICE_X9Y12          LUT4 (Prop_lut4_I1_O)        0.303    16.236 r  rand/COLL_PREV0_i_30/O
                         net (fo=1, routed)           0.000    16.236    rand/COLL_PREV0_i_30_n_0
    SLICE_X9Y12          CARRY4 (Prop_carry4_S[0]_CO[3])
                                                      0.532    16.768 r  rand/COLL_PREV0_i_7/CO[3]
                         net (fo=1, routed)           0.747    17.515    rand/ov0_x026_in
    SLICE_X9Y16          LUT6 (Prop_lut6_I4_O)        0.124    17.639 r  rand/COLL_PREV0_i_2/O
                         net (fo=2, routed)           0.770    18.409    rand/COLL_PREV0_i_2_n_0
    SLICE_X12Y14         LUT2 (Prop_lut2_I0_O)        0.124    18.533 r  rand/CAUGHT_LAT_FF_i_2__0/O
                         net (fo=5, routed)           0.418    18.951    APPLE_FSM0/caught_pulse_0
    SLICE_X13Y15         LUT4 (Prop_lut4_I2_O)        0.118    19.069 r  APPLE_FSM0/CAUGHTLAT0_i_1/O
                         net (fo=1, routed)           0.477    19.547    caught_lat_0_n
    SLICE_X15Y15         FDRE                                         r  CAUGHTLAT0/D
  -------------------------------------------------------------------    -------------------

                         (clock clk_out1_clk_wiz_0 rise edge)
                                                      0.000     0.000 r  
    W5                                                0.000     0.000 r  clkin (IN)
                         net (fo=0)                   0.000     0.000    not_so_slow/my_clk_inst/clkin
    W5                   IBUF (Prop_ibuf_I_O)         1.388     1.388 r  not_so_slow/my_clk_inst/clkin1_ibufg/O
                         net (fo=1, routed)           1.162     2.550    not_so_slow/my_clk_inst/clk_in1_clk_wiz_0
    MMCME2_ADV_X1Y0      MMCME2_ADV (Prop_mmcme2_adv_CLKIN1_CLKOUT0)
                                                     -7.217    -4.668 r  not_so_slow/my_clk_inst/mmcm_adv_inst/CLKOUT0
                         net (fo=1, routed)           1.581    -3.086    not_so_slow/slowclk/clk_int
    BUFGCTRL_X0Y0        BUFG (Prop_bufg_I_O)         0.091    -2.995 r  not_so_slow/slowclk/XLXI_401/O
                         net (fo=369, routed)         1.444    -1.551    clk
    SLICE_X15Y15         FDRE                                         r  CAUGHTLAT0/C

Slack:                    inf
  Source:                 sw[1]
                            (input port)
  Destination:            APPLE_FSM0/MISSED_LAT_FF/D
                            (rising edge-triggered cell FDRE clocked by clk_out1_clk_wiz_0  {rise@0.000ns fall@20.000ns period=40.000ns})
  Path Group:             (none)
  Path Type:              Setup (Max at Slow Process Corner)
  Data Path Delay:        19.385ns  (logic 6.509ns (33.580%)  route 12.875ns (66.420%))
  Logic Levels:           20  (CARRY4=5 IBUF=1 LUT2=1 LUT3=2 LUT4=2 LUT5=1 LUT6=7 MUXF7=1)
  Clock Path Skew:        -1.546ns (DCD - SCD + CPR)
    Destination Clock Delay (DCD):    -1.546ns
    Source Clock Delay      (SCD):    0.000ns
    Clock Pessimism Removal (CPR):    0.000ns
  Clock Uncertainty:      0.195ns  ((TSJ^2 + DJ^2)^1/2) / 2 + PE
    Total System Jitter     (TSJ):    0.050ns
    Discrete Jitter          (DJ):    0.175ns
    Phase Error              (PE):    0.104ns

    Location             Delay type                Incr(ns)  Path(ns)    Netlist Resource(s)
  -------------------------------------------------------------------    -------------------
    V16                                               0.000     0.000 r  sw[1] (IN)
                         net (fo=0)                   0.000     0.000    sw[1]
    V16                  IBUF (Prop_ibuf_I_O)         1.461     1.461 r  sw_IBUF[1]_inst/O
                         net (fo=6, routed)           1.412     2.873    rand/sw_IBUF[1]
    SLICE_X0Y7           LUT4 (Prop_lut4_I3_O)        0.150     3.023 r  rand/SLOT_LAT_FF_0[1]_i_29/O
                         net (fo=4, routed)           0.994     4.018    rand/SLOT_LAT_FF_0[1]_i_29_n_0
    SLICE_X2Y6           LUT6 (Prop_lut6_I0_O)        0.332     4.350 r  rand/SLOT_LAT_FF_0[1]_i_24/O
                         net (fo=4, routed)           0.801     5.150    rand/SLOT_LAT_FF_0[1]_i_24_n_0
    SLICE_X1Y5           LUT6 (Prop_lut6_I4_O)        0.124     5.274 r  rand/SLOT_LAT_FF_0[1]_i_15/O
                         net (fo=3, routed)           0.862     6.136    rand/SLOT_LAT_FF_0[1]_i_15_n_0
    SLICE_X2Y5           LUT6 (Prop_lut6_I0_O)        0.124     6.260 f  rand/APPLEX_FF_0[3]_i_4/O
                         net (fo=1, routed)           0.339     6.599    rand/APPLEX_FF_0[3]_i_4_n_0
    SLICE_X3Y5           LUT6 (Prop_lut6_I3_O)        0.124     6.723 r  rand/APPLEX_FF_0[3]_i_2/O
                         net (fo=7, routed)           0.902     7.624    rand/APPLEX_FF_0[3]_i_2_n_0
    SLICE_X6Y5           LUT6 (Prop_lut6_I0_O)        0.124     7.748 r  rand/SLOT_LAT_FF_0[2]_i_2/O
                         net (fo=8, routed)           0.572     8.320    rand/SLOT_LAT_FF_1[0]
    SLICE_X9Y7           LUT3 (Prop_lut3_I0_O)        0.124     8.444 r  rand/SLOT_LAT_FF_0[2]_i_1/O
                         net (fo=21, routed)          1.484     9.928    rand/slot_use_0[2]
    SLICE_X2Y14          MUXF7 (Prop_muxf7_S_O)       0.292    10.220 r  rand/ff0_i_8/O
                         net (fo=3, routed)           0.842    11.061    rand/SLOT_LAT_FF_0[2]_1
    SLICE_X3Y12          LUT6 (Prop_lut6_I3_O)        0.297    11.358 r  rand/ff0_i_4__1/O
                         net (fo=8, routed)           1.091    12.449    rand/st3
    SLICE_X8Y6           LUT3 (Prop_lut3_I1_O)        0.124    12.573 r  rand/COLL_PREV0_i_59/O
                         net (fo=1, routed)           0.000    12.573    rand/COLL_PREV0_i_59_n_0
    SLICE_X8Y6           CARRY4 (Prop_carry4_S[0]_CO[3])
                                                      0.513    13.086 r  rand/COLL_PREV0_i_54/CO[3]
                         net (fo=1, routed)           0.000    13.086    rand/COLL_PREV0_i_54_n_0
    SLICE_X8Y7           CARRY4 (Prop_carry4_CI_O[1])
                                                      0.323    13.409 r  rand/COLL_PREV0_i_53/O[1]
                         net (fo=5, routed)           0.513    13.922    rand/appleX_draw_0[5]
    SLICE_X9Y9           CARRY4 (Prop_carry4_S[1]_CO[3])
                                                      0.856    14.778 r  rand/COLL_PREV0_i_55/CO[3]
                         net (fo=1, routed)           0.000    14.778    rand/COLL_PREV0_i_55_n_0
    SLICE_X9Y10          CARRY4 (Prop_carry4_CI_O[1])
                                                      0.334    15.112 r  rand/COLL_PREV0_i_50/O[1]
                         net (fo=4, routed)           0.821    15.933    rand/a0_x1[9]
    SLICE_X9Y12          LUT4 (Prop_lut4_I1_O)        0.303    16.236 r  rand/COLL_PREV0_i_30/O
                         net (fo=1, routed)           0.000    16.236    rand/COLL_PREV0_i_30_n_0
    SLICE_X9Y12          CARRY4 (Prop_carry4_S[0]_CO[3])
                                                      0.532    16.768 f  rand/COLL_PREV0_i_7/CO[3]
                         net (fo=1, routed)           0.747    17.515    rand/ov0_x026_in
    SLICE_X9Y16          LUT6 (Prop_lut6_I4_O)        0.124    17.639 f  rand/COLL_PREV0_i_2/O
                         net (fo=2, routed)           0.770    18.409    rand/COLL_PREV0_i_2_n_0
    SLICE_X12Y14         LUT2 (Prop_lut2_I0_O)        0.124    18.533 f  rand/CAUGHT_LAT_FF_i_2__0/O
                         net (fo=5, routed)           0.727    19.261    APPLE_FSM0/caught_pulse_0
    SLICE_X12Y8          LUT5 (Prop_lut5_I0_O)        0.124    19.385 r  APPLE_FSM0/MISSED_LAT_FF_i_1/O
                         net (fo=1, routed)           0.000    19.385    APPLE_FSM0/missed_lat_next
    SLICE_X12Y8          FDRE                                         r  APPLE_FSM0/MISSED_LAT_FF/D
  -------------------------------------------------------------------    -------------------

                         (clock clk_out1_clk_wiz_0 rise edge)
                                                      0.000     0.000 r  
    W5                                                0.000     0.000 r  clkin (IN)
                         net (fo=0)                   0.000     0.000    not_so_slow/my_clk_inst/clkin
    W5                   IBUF (Prop_ibuf_I_O)         1.388     1.388 r  not_so_slow/my_clk_inst/clkin1_ibufg/O
                         net (fo=1, routed)           1.162     2.550    not_so_slow/my_clk_inst/clk_in1_clk_wiz_0
    MMCME2_ADV_X1Y0      MMCME2_ADV (Prop_mmcme2_adv_CLKIN1_CLKOUT0)
                                                     -7.217    -4.668 r  not_so_slow/my_clk_inst/mmcm_adv_inst/CLKOUT0
                         net (fo=1, routed)           1.581    -3.086    not_so_slow/slowclk/clk_int
    BUFGCTRL_X0Y0        BUFG (Prop_bufg_I_O)         0.091    -2.995 r  not_so_slow/slowclk/XLXI_401/O
                         net (fo=369, routed)         1.449    -1.546    APPLE_FSM0/clk_out
    SLICE_X12Y8          FDRE                                         r  APPLE_FSM0/MISSED_LAT_FF/C

Slack:                    inf
  Source:                 sw[1]
                            (input port)
  Destination:            APPLE_FSM0/st4/D
                            (rising edge-triggered cell FDRE clocked by clk_out1_clk_wiz_0  {rise@0.000ns fall@20.000ns period=40.000ns})
  Path Group:             (none)
  Path Type:              Setup (Max at Slow Process Corner)
  Data Path Delay:        19.324ns  (logic 6.509ns (33.685%)  route 12.815ns (66.315%))
  Logic Levels:           20  (CARRY4=5 IBUF=1 LUT2=1 LUT3=2 LUT4=2 LUT6=8 MUXF7=1)
  Clock Path Skew:        -1.546ns (DCD - SCD + CPR)
    Destination Clock Delay (DCD):    -1.546ns
    Source Clock Delay      (SCD):    0.000ns
    Clock Pessimism Removal (CPR):    0.000ns
  Clock Uncertainty:      0.195ns  ((TSJ^2 + DJ^2)^1/2) / 2 + PE
    Total System Jitter     (TSJ):    0.050ns
    Discrete Jitter          (DJ):    0.175ns
    Phase Error              (PE):    0.104ns

    Location             Delay type                Incr(ns)  Path(ns)    Netlist Resource(s)
  -------------------------------------------------------------------    -------------------
    V16                                               0.000     0.000 r  sw[1] (IN)
                         net (fo=0)                   0.000     0.000    sw[1]
    V16                  IBUF (Prop_ibuf_I_O)         1.461     1.461 r  sw_IBUF[1]_inst/O
                         net (fo=6, routed)           1.412     2.873    rand/sw_IBUF[1]
    SLICE_X0Y7           LUT4 (Prop_lut4_I3_O)        0.150     3.023 r  rand/SLOT_LAT_FF_0[1]_i_29/O
                         net (fo=4, routed)           0.994     4.018    rand/SLOT_LAT_FF_0[1]_i_29_n_0
    SLICE_X2Y6           LUT6 (Prop_lut6_I0_O)        0.332     4.350 r  rand/SLOT_LAT_FF_0[1]_i_24/O
                         net (fo=4, routed)           0.801     5.150    rand/SLOT_LAT_FF_0[1]_i_24_n_0
    SLICE_X1Y5           LUT6 (Prop_lut6_I4_O)        0.124     5.274 r  rand/SLOT_LAT_FF_0[1]_i_15/O
                         net (fo=3, routed)           0.862     6.136    rand/SLOT_LAT_FF_0[1]_i_15_n_0
    SLICE_X2Y5           LUT6 (Prop_lut6_I0_O)        0.124     6.260 f  rand/APPLEX_FF_0[3]_i_4/O
                         net (fo=1, routed)           0.339     6.599    rand/APPLEX_FF_0[3]_i_4_n_0
    SLICE_X3Y5           LUT6 (Prop_lut6_I3_O)        0.124     6.723 r  rand/APPLEX_FF_0[3]_i_2/O
                         net (fo=7, routed)           0.902     7.624    rand/APPLEX_FF_0[3]_i_2_n_0
    SLICE_X6Y5           LUT6 (Prop_lut6_I0_O)        0.124     7.748 r  rand/SLOT_LAT_FF_0[2]_i_2/O
                         net (fo=8, routed)           0.572     8.320    rand/SLOT_LAT_FF_1[0]
    SLICE_X9Y7           LUT3 (Prop_lut3_I0_O)        0.124     8.444 r  rand/SLOT_LAT_FF_0[2]_i_1/O
                         net (fo=21, routed)          1.484     9.928    rand/slot_use_0[2]
    SLICE_X2Y14          MUXF7 (Prop_muxf7_S_O)       0.292    10.220 r  rand/ff0_i_8/O
                         net (fo=3, routed)           0.842    11.061    rand/SLOT_LAT_FF_0[2]_1
    SLICE_X3Y12          LUT6 (Prop_lut6_I3_O)        0.297    11.358 r  rand/ff0_i_4__1/O
                         net (fo=8, routed)           1.091    12.449    rand/st3
    SLICE_X8Y6           LUT3 (Prop_lut3_I1_O)        0.124    12.573 r  rand/COLL_PREV0_i_59/O
                         net (fo=1, routed)           0.000    12.573    rand/COLL_PREV0_i_59_n_0
    SLICE_X8Y6           CARRY4 (Prop_carry4_S[0]_CO[3])
                                                      0.513    13.086 r  rand/COLL_PREV0_i_54/CO[3]
                         net (fo=1, routed)           0.000    13.086    rand/COLL_PREV0_i_54_n_0
    SLICE_X8Y7           CARRY4 (Prop_carry4_CI_O[1])
                                                      0.323    13.409 r  rand/COLL_PREV0_i_53/O[1]
                         net (fo=5, routed)           0.513    13.922    rand/appleX_draw_0[5]
    SLICE_X9Y9           CARRY4 (Prop_carry4_S[1]_CO[3])
                                                      0.856    14.778 r  rand/COLL_PREV0_i_55/CO[3]
                         net (fo=1, routed)           0.000    14.778    rand/COLL_PREV0_i_55_n_0
    SLICE_X9Y10          CARRY4 (Prop_carry4_CI_O[1])
                                                      0.334    15.112 r  rand/COLL_PREV0_i_50/O[1]
                         net (fo=4, routed)           0.821    15.933    rand/a0_x1[9]
    SLICE_X9Y12          LUT4 (Prop_lut4_I1_O)        0.303    16.236 r  rand/COLL_PREV0_i_30/O
                         net (fo=1, routed)           0.000    16.236    rand/COLL_PREV0_i_30_n_0
    SLICE_X9Y12          CARRY4 (Prop_carry4_S[0]_CO[3])
                                                      0.532    16.768 f  rand/COLL_PREV0_i_7/CO[3]
                         net (fo=1, routed)           0.747    17.515    rand/ov0_x026_in
    SLICE_X9Y16          LUT6 (Prop_lut6_I4_O)        0.124    17.639 f  rand/COLL_PREV0_i_2/O
                         net (fo=2, routed)           0.770    18.409    rand/COLL_PREV0_i_2_n_0
    SLICE_X12Y14         LUT2 (Prop_lut2_I0_O)        0.124    18.533 f  rand/CAUGHT_LAT_FF_i_2__0/O
                         net (fo=5, routed)           0.667    19.200    APPLE_FSM0/caught_pulse_0
    SLICE_X12Y7          LUT6 (Prop_lut6_I0_O)        0.124    19.324 r  APPLE_FSM0/st4_i_1__0/O
                         net (fo=1, routed)           0.000    19.324    APPLE_FSM0/nxt_4
    SLICE_X12Y7          FDRE                                         r  APPLE_FSM0/st4/D
  -------------------------------------------------------------------    -------------------

                         (clock clk_out1_clk_wiz_0 rise edge)
                                                      0.000     0.000 r  
    W5                                                0.000     0.000 r  clkin (IN)
                         net (fo=0)                   0.000     0.000    not_so_slow/my_clk_inst/clkin
    W5                   IBUF (Prop_ibuf_I_O)         1.388     1.388 r  not_so_slow/my_clk_inst/clkin1_ibufg/O
                         net (fo=1, routed)           1.162     2.550    not_so_slow/my_clk_inst/clk_in1_clk_wiz_0
    MMCME2_ADV_X1Y0      MMCME2_ADV (Prop_mmcme2_adv_CLKIN1_CLKOUT0)
                                                     -7.217    -4.668 r  not_so_slow/my_clk_inst/mmcm_adv_inst/CLKOUT0
                         net (fo=1, routed)           1.581    -3.086    not_so_slow/slowclk/clk_int
    BUFGCTRL_X0Y0        BUFG (Prop_bufg_I_O)         0.091    -2.995 r  not_so_slow/slowclk/XLXI_401/O
                         net (fo=369, routed)         1.449    -1.546    APPLE_FSM0/clk_out
    SLICE_X12Y7          FDRE                                         r  APPLE_FSM0/st4/C

Slack:                    inf
  Source:                 sw[1]
                            (input port)
  Destination:            APPLE_FSM0/CAUGHT_LAT_FF/D
                            (rising edge-triggered cell FDRE clocked by clk_out1_clk_wiz_0  {rise@0.000ns fall@20.000ns period=40.000ns})
  Path Group:             (none)
  Path Type:              Setup (Max at Slow Process Corner)
  Data Path Delay:        19.313ns  (logic 6.509ns (33.704%)  route 12.804ns (66.296%))
  Logic Levels:           20  (CARRY4=5 IBUF=1 LUT2=1 LUT3=2 LUT4=2 LUT5=1 LUT6=7 MUXF7=1)
  Clock Path Skew:        -1.546ns (DCD - SCD + CPR)
    Destination Clock Delay (DCD):    -1.546ns
    Source Clock Delay      (SCD):    0.000ns
    Clock Pessimism Removal (CPR):    0.000ns
  Clock Uncertainty:      0.195ns  ((TSJ^2 + DJ^2)^1/2) / 2 + PE
    Total System Jitter     (TSJ):    0.050ns
    Discrete Jitter          (DJ):    0.175ns
    Phase Error              (PE):    0.104ns

    Location             Delay type                Incr(ns)  Path(ns)    Netlist Resource(s)
  -------------------------------------------------------------------    -------------------
    V16                                               0.000     0.000 r  sw[1] (IN)
                         net (fo=0)                   0.000     0.000    sw[1]
    V16                  IBUF (Prop_ibuf_I_O)         1.461     1.461 r  sw_IBUF[1]_inst/O
                         net (fo=6, routed)           1.412     2.873    rand/sw_IBUF[1]
    SLICE_X0Y7           LUT4 (Prop_lut4_I3_O)        0.150     3.023 r  rand/SLOT_LAT_FF_0[1]_i_29/O
                         net (fo=4, routed)           0.994     4.018    rand/SLOT_LAT_FF_0[1]_i_29_n_0
    SLICE_X2Y6           LUT6 (Prop_lut6_I0_O)        0.332     4.350 r  rand/SLOT_LAT_FF_0[1]_i_24/O
                         net (fo=4, routed)           0.801     5.150    rand/SLOT_LAT_FF_0[1]_i_24_n_0
    SLICE_X1Y5           LUT6 (Prop_lut6_I4_O)        0.124     5.274 r  rand/SLOT_LAT_FF_0[1]_i_15/O
                         net (fo=3, routed)           0.862     6.136    rand/SLOT_LAT_FF_0[1]_i_15_n_0
    SLICE_X2Y5           LUT6 (Prop_lut6_I0_O)        0.124     6.260 f  rand/APPLEX_FF_0[3]_i_4/O
                         net (fo=1, routed)           0.339     6.599    rand/APPLEX_FF_0[3]_i_4_n_0
    SLICE_X3Y5           LUT6 (Prop_lut6_I3_O)        0.124     6.723 r  rand/APPLEX_FF_0[3]_i_2/O
                         net (fo=7, routed)           0.902     7.624    rand/APPLEX_FF_0[3]_i_2_n_0
    SLICE_X6Y5           LUT6 (Prop_lut6_I0_O)        0.124     7.748 r  rand/SLOT_LAT_FF_0[2]_i_2/O
                         net (fo=8, routed)           0.572     8.320    rand/SLOT_LAT_FF_1[0]
    SLICE_X9Y7           LUT3 (Prop_lut3_I0_O)        0.124     8.444 r  rand/SLOT_LAT_FF_0[2]_i_1/O
                         net (fo=21, routed)          1.484     9.928    rand/slot_use_0[2]
    SLICE_X2Y14          MUXF7 (Prop_muxf7_S_O)       0.292    10.220 r  rand/ff0_i_8/O
                         net (fo=3, routed)           0.842    11.061    rand/SLOT_LAT_FF_0[2]_1
    SLICE_X3Y12          LUT6 (Prop_lut6_I3_O)        0.297    11.358 r  rand/ff0_i_4__1/O
                         net (fo=8, routed)           1.091    12.449    rand/st3
    SLICE_X8Y6           LUT3 (Prop_lut3_I1_O)        0.124    12.573 r  rand/COLL_PREV0_i_59/O
                         net (fo=1, routed)           0.000    12.573    rand/COLL_PREV0_i_59_n_0
    SLICE_X8Y6           CARRY4 (Prop_carry4_S[0]_CO[3])
                                                      0.513    13.086 r  rand/COLL_PREV0_i_54/CO[3]
                         net (fo=1, routed)           0.000    13.086    rand/COLL_PREV0_i_54_n_0
    SLICE_X8Y7           CARRY4 (Prop_carry4_CI_O[1])
                                                      0.323    13.409 r  rand/COLL_PREV0_i_53/O[1]
                         net (fo=5, routed)           0.513    13.922    rand/appleX_draw_0[5]
    SLICE_X9Y9           CARRY4 (Prop_carry4_S[1]_CO[3])
                                                      0.856    14.778 r  rand/COLL_PREV0_i_55/CO[3]
                         net (fo=1, routed)           0.000    14.778    rand/COLL_PREV0_i_55_n_0
    SLICE_X9Y10          CARRY4 (Prop_carry4_CI_O[1])
                                                      0.334    15.112 r  rand/COLL_PREV0_i_50/O[1]
                         net (fo=4, routed)           0.821    15.933    rand/a0_x1[9]
    SLICE_X9Y12          LUT4 (Prop_lut4_I1_O)        0.303    16.236 r  rand/COLL_PREV0_i_30/O
                         net (fo=1, routed)           0.000    16.236    rand/COLL_PREV0_i_30_n_0
    SLICE_X9Y12          CARRY4 (Prop_carry4_S[0]_CO[3])
                                                      0.532    16.768 r  rand/COLL_PREV0_i_7/CO[3]
                         net (fo=1, routed)           0.747    17.515    rand/ov0_x026_in
    SLICE_X9Y16          LUT6 (Prop_lut6_I4_O)        0.124    17.639 r  rand/COLL_PREV0_i_2/O
                         net (fo=2, routed)           0.770    18.409    rand/COLL_PREV0_i_2_n_0
    SLICE_X12Y14         LUT2 (Prop_lut2_I0_O)        0.124    18.533 r  rand/CAUGHT_LAT_FF_i_2__0/O
                         net (fo=5, routed)           0.656    19.189    APPLE_FSM0/caught_pulse_0
    SLICE_X12Y7          LUT5 (Prop_lut5_I0_O)        0.124    19.313 r  APPLE_FSM0/CAUGHT_LAT_FF_i_1/O
                         net (fo=1, routed)           0.000    19.313    APPLE_FSM0/caught_lat_next
    SLICE_X12Y7          FDRE                                         r  APPLE_FSM0/CAUGHT_LAT_FF/D
  -------------------------------------------------------------------    -------------------

                         (clock clk_out1_clk_wiz_0 rise edge)
                                                      0.000     0.000 r  
    W5                                                0.000     0.000 r  clkin (IN)
                         net (fo=0)                   0.000     0.000    not_so_slow/my_clk_inst/clkin
    W5                   IBUF (Prop_ibuf_I_O)         1.388     1.388 r  not_so_slow/my_clk_inst/clkin1_ibufg/O
                         net (fo=1, routed)           1.162     2.550    not_so_slow/my_clk_inst/clk_in1_clk_wiz_0
    MMCME2_ADV_X1Y0      MMCME2_ADV (Prop_mmcme2_adv_CLKIN1_CLKOUT0)
                                                     -7.217    -4.668 r  not_so_slow/my_clk_inst/mmcm_adv_inst/CLKOUT0
                         net (fo=1, routed)           1.581    -3.086    not_so_slow/slowclk/clk_int
    BUFGCTRL_X0Y0        BUFG (Prop_bufg_I_O)         0.091    -2.995 r  not_so_slow/slowclk/XLXI_401/O
                         net (fo=369, routed)         1.449    -1.546    APPLE_FSM0/clk_out
    SLICE_X12Y7          FDRE                                         r  APPLE_FSM0/CAUGHT_LAT_FF/C





Min Delay Paths
--------------------------------------------------------------------------------------
Slack:                    inf
  Source:                 btnU
                            (input port)
  Destination:            APPLEY_FF_1[0]/R
                            (rising edge-triggered cell FDRE clocked by clk_out1_clk_wiz_0  {rise@0.000ns fall@20.000ns period=40.000ns})
  Path Group:             (none)
  Path Type:              Hold (Min at Fast Process Corner)
  Data Path Delay:        0.657ns  (logic 0.222ns (33.755%)  route 0.435ns (66.245%))
  Logic Levels:           1  (IBUF=1)
  Clock Path Skew:        -0.831ns (DCD - SCD - CPR)
    Destination Clock Delay (DCD):    -0.831ns
    Source Clock Delay      (SCD):    0.000ns
    Clock Pessimism Removal (CPR):    -0.000ns

    Location             Delay type                Incr(ns)  Path(ns)    Netlist Resource(s)
  -------------------------------------------------------------------    -------------------
    T18                                               0.000     0.000 r  btnU (IN)
                         net (fo=0)                   0.000     0.000    btnU
    T18                  IBUF (Prop_ibuf_I_O)         0.222     0.222 r  btnU_IBUF_inst/O
                         net (fo=120, routed)         0.435     0.657    btnU_IBUF
    SLICE_X7Y14          FDRE                                         r  APPLEY_FF_1[0]/R
  -------------------------------------------------------------------    -------------------

                         (clock clk_out1_clk_wiz_0 rise edge)
                                                      0.000     0.000 r  
    W5                                                0.000     0.000 r  clkin (IN)
                         net (fo=0)                   0.000     0.000    not_so_slow/my_clk_inst/clkin
    W5                   IBUF (Prop_ibuf_I_O)         0.414     0.414 r  not_so_slow/my_clk_inst/clkin1_ibufg/O
                         net (fo=1, routed)           0.480     0.894    not_so_slow/my_clk_inst/clk_in1_clk_wiz_0
    MMCME2_ADV_X1Y0      MMCME2_ADV (Prop_mmcme2_adv_CLKIN1_CLKOUT0)
                                                     -3.142    -2.248 r  not_so_slow/my_clk_inst/mmcm_adv_inst/CLKOUT0
                         net (fo=1, routed)           0.530    -1.718    not_so_slow/slowclk/clk_int
    BUFGCTRL_X0Y0        BUFG (Prop_bufg_I_O)         0.029    -1.689 r  not_so_slow/slowclk/XLXI_401/O
                         net (fo=369, routed)         0.859    -0.831    clk
    SLICE_X7Y14          FDRE                                         r  APPLEY_FF_1[0]/C

Slack:                    inf
  Source:                 btnU
                            (input port)
  Destination:            APPLEY_FF_1[10]/R
                            (rising edge-triggered cell FDRE clocked by clk_out1_clk_wiz_0  {rise@0.000ns fall@20.000ns period=40.000ns})
  Path Group:             (none)
  Path Type:              Hold (Min at Fast Process Corner)
  Data Path Delay:        0.657ns  (logic 0.222ns (33.755%)  route 0.435ns (66.245%))
  Logic Levels:           1  (IBUF=1)
  Clock Path Skew:        -0.831ns (DCD - SCD - CPR)
    Destination Clock Delay (DCD):    -0.831ns
    Source Clock Delay      (SCD):    0.000ns
    Clock Pessimism Removal (CPR):    -0.000ns

    Location             Delay type                Incr(ns)  Path(ns)    Netlist Resource(s)
  -------------------------------------------------------------------    -------------------
    T18                                               0.000     0.000 r  btnU (IN)
                         net (fo=0)                   0.000     0.000    btnU
    T18                  IBUF (Prop_ibuf_I_O)         0.222     0.222 r  btnU_IBUF_inst/O
                         net (fo=120, routed)         0.435     0.657    btnU_IBUF
    SLICE_X7Y14          FDRE                                         r  APPLEY_FF_1[10]/R
  -------------------------------------------------------------------    -------------------

                         (clock clk_out1_clk_wiz_0 rise edge)
                                                      0.000     0.000 r  
    W5                                                0.000     0.000 r  clkin (IN)
                         net (fo=0)                   0.000     0.000    not_so_slow/my_clk_inst/clkin
    W5                   IBUF (Prop_ibuf_I_O)         0.414     0.414 r  not_so_slow/my_clk_inst/clkin1_ibufg/O
                         net (fo=1, routed)           0.480     0.894    not_so_slow/my_clk_inst/clk_in1_clk_wiz_0
    MMCME2_ADV_X1Y0      MMCME2_ADV (Prop_mmcme2_adv_CLKIN1_CLKOUT0)
                                                     -3.142    -2.248 r  not_so_slow/my_clk_inst/mmcm_adv_inst/CLKOUT0
                         net (fo=1, routed)           0.530    -1.718    not_so_slow/slowclk/clk_int
    BUFGCTRL_X0Y0        BUFG (Prop_bufg_I_O)         0.029    -1.689 r  not_so_slow/slowclk/XLXI_401/O
                         net (fo=369, routed)         0.859    -0.831    clk
    SLICE_X7Y14          FDRE                                         r  APPLEY_FF_1[10]/C

Slack:                    inf
  Source:                 btnU
                            (input port)
  Destination:            APPLEY_FF_1[4]/R
                            (rising edge-triggered cell FDRE clocked by clk_out1_clk_wiz_0  {rise@0.000ns fall@20.000ns period=40.000ns})
  Path Group:             (none)
  Path Type:              Hold (Min at Fast Process Corner)
  Data Path Delay:        0.657ns  (logic 0.222ns (33.755%)  route 0.435ns (66.245%))
  Logic Levels:           1  (IBUF=1)
  Clock Path Skew:        -0.831ns (DCD - SCD - CPR)
    Destination Clock Delay (DCD):    -0.831ns
    Source Clock Delay      (SCD):    0.000ns
    Clock Pessimism Removal (CPR):    -0.000ns

    Location             Delay type                Incr(ns)  Path(ns)    Netlist Resource(s)
  -------------------------------------------------------------------    -------------------
    T18                                               0.000     0.000 r  btnU (IN)
                         net (fo=0)                   0.000     0.000    btnU
    T18                  IBUF (Prop_ibuf_I_O)         0.222     0.222 r  btnU_IBUF_inst/O
                         net (fo=120, routed)         0.435     0.657    btnU_IBUF
    SLICE_X7Y14          FDRE                                         r  APPLEY_FF_1[4]/R
  -------------------------------------------------------------------    -------------------

                         (clock clk_out1_clk_wiz_0 rise edge)
                                                      0.000     0.000 r  
    W5                                                0.000     0.000 r  clkin (IN)
                         net (fo=0)                   0.000     0.000    not_so_slow/my_clk_inst/clkin
    W5                   IBUF (Prop_ibuf_I_O)         0.414     0.414 r  not_so_slow/my_clk_inst/clkin1_ibufg/O
                         net (fo=1, routed)           0.480     0.894    not_so_slow/my_clk_inst/clk_in1_clk_wiz_0
    MMCME2_ADV_X1Y0      MMCME2_ADV (Prop_mmcme2_adv_CLKIN1_CLKOUT0)
                                                     -3.142    -2.248 r  not_so_slow/my_clk_inst/mmcm_adv_inst/CLKOUT0
                         net (fo=1, routed)           0.530    -1.718    not_so_slow/slowclk/clk_int
    BUFGCTRL_X0Y0        BUFG (Prop_bufg_I_O)         0.029    -1.689 r  not_so_slow/slowclk/XLXI_401/O
                         net (fo=369, routed)         0.859    -0.831    clk
    SLICE_X7Y14          FDRE                                         r  APPLEY_FF_1[4]/C

Slack:                    inf
  Source:                 btnU
                            (input port)
  Destination:            APPLEY_FF_1[6]/R
                            (rising edge-triggered cell FDRE clocked by clk_out1_clk_wiz_0  {rise@0.000ns fall@20.000ns period=40.000ns})
  Path Group:             (none)
  Path Type:              Hold (Min at Fast Process Corner)
  Data Path Delay:        0.657ns  (logic 0.222ns (33.755%)  route 0.435ns (66.245%))
  Logic Levels:           1  (IBUF=1)
  Clock Path Skew:        -0.831ns (DCD - SCD - CPR)
    Destination Clock Delay (DCD):    -0.831ns
    Source Clock Delay      (SCD):    0.000ns
    Clock Pessimism Removal (CPR):    -0.000ns

    Location             Delay type                Incr(ns)  Path(ns)    Netlist Resource(s)
  -------------------------------------------------------------------    -------------------
    T18                                               0.000     0.000 r  btnU (IN)
                         net (fo=0)                   0.000     0.000    btnU
    T18                  IBUF (Prop_ibuf_I_O)         0.222     0.222 r  btnU_IBUF_inst/O
                         net (fo=120, routed)         0.435     0.657    btnU_IBUF
    SLICE_X7Y14          FDRE                                         r  APPLEY_FF_1[6]/R
  -------------------------------------------------------------------    -------------------

                         (clock clk_out1_clk_wiz_0 rise edge)
                                                      0.000     0.000 r  
    W5                                                0.000     0.000 r  clkin (IN)
                         net (fo=0)                   0.000     0.000    not_so_slow/my_clk_inst/clkin
    W5                   IBUF (Prop_ibuf_I_O)         0.414     0.414 r  not_so_slow/my_clk_inst/clkin1_ibufg/O
                         net (fo=1, routed)           0.480     0.894    not_so_slow/my_clk_inst/clk_in1_clk_wiz_0
    MMCME2_ADV_X1Y0      MMCME2_ADV (Prop_mmcme2_adv_CLKIN1_CLKOUT0)
                                                     -3.142    -2.248 r  not_so_slow/my_clk_inst/mmcm_adv_inst/CLKOUT0
                         net (fo=1, routed)           0.530    -1.718    not_so_slow/slowclk/clk_int
    BUFGCTRL_X0Y0        BUFG (Prop_bufg_I_O)         0.029    -1.689 r  not_so_slow/slowclk/XLXI_401/O
                         net (fo=369, routed)         0.859    -0.831    clk
    SLICE_X7Y14          FDRE                                         r  APPLEY_FF_1[6]/C

Slack:                    inf
  Source:                 btnU
                            (input port)
  Destination:            APPLEY_FF_1[1]/R
                            (rising edge-triggered cell FDRE clocked by clk_out1_clk_wiz_0  {rise@0.000ns fall@20.000ns period=40.000ns})
  Path Group:             (none)
  Path Type:              Hold (Min at Fast Process Corner)
  Data Path Delay:        0.720ns  (logic 0.222ns (30.813%)  route 0.498ns (69.187%))
  Logic Levels:           1  (IBUF=1)
  Clock Path Skew:        -0.831ns (DCD - SCD - CPR)
    Destination Clock Delay (DCD):    -0.831ns
    Source Clock Delay      (SCD):    0.000ns
    Clock Pessimism Removal (CPR):    -0.000ns

    Location             Delay type                Incr(ns)  Path(ns)    Netlist Resource(s)
  -------------------------------------------------------------------    -------------------
    T18                                               0.000     0.000 r  btnU (IN)
                         net (fo=0)                   0.000     0.000    btnU
    T18                  IBUF (Prop_ibuf_I_O)         0.222     0.222 r  btnU_IBUF_inst/O
                         net (fo=120, routed)         0.498     0.720    btnU_IBUF
    SLICE_X7Y13          FDRE                                         r  APPLEY_FF_1[1]/R
  -------------------------------------------------------------------    -------------------

                         (clock clk_out1_clk_wiz_0 rise edge)
                                                      0.000     0.000 r  
    W5                                                0.000     0.000 r  clkin (IN)
                         net (fo=0)                   0.000     0.000    not_so_slow/my_clk_inst/clkin
    W5                   IBUF (Prop_ibuf_I_O)         0.414     0.414 r  not_so_slow/my_clk_inst/clkin1_ibufg/O
                         net (fo=1, routed)           0.480     0.894    not_so_slow/my_clk_inst/clk_in1_clk_wiz_0
    MMCME2_ADV_X1Y0      MMCME2_ADV (Prop_mmcme2_adv_CLKIN1_CLKOUT0)
                                                     -3.142    -2.248 r  not_so_slow/my_clk_inst/mmcm_adv_inst/CLKOUT0
                         net (fo=1, routed)           0.530    -1.718    not_so_slow/slowclk/clk_int
    BUFGCTRL_X0Y0        BUFG (Prop_bufg_I_O)         0.029    -1.689 r  not_so_slow/slowclk/XLXI_401/O
                         net (fo=369, routed)         0.859    -0.831    clk
    SLICE_X7Y13          FDRE                                         r  APPLEY_FF_1[1]/C

Slack:                    inf
  Source:                 btnU
                            (input port)
  Destination:            APPLEY_FF_1[3]/R
                            (rising edge-triggered cell FDRE clocked by clk_out1_clk_wiz_0  {rise@0.000ns fall@20.000ns period=40.000ns})
  Path Group:             (none)
  Path Type:              Hold (Min at Fast Process Corner)
  Data Path Delay:        0.720ns  (logic 0.222ns (30.813%)  route 0.498ns (69.187%))
  Logic Levels:           1  (IBUF=1)
  Clock Path Skew:        -0.831ns (DCD - SCD - CPR)
    Destination Clock Delay (DCD):    -0.831ns
    Source Clock Delay      (SCD):    0.000ns
    Clock Pessimism Removal (CPR):    -0.000ns

    Location             Delay type                Incr(ns)  Path(ns)    Netlist Resource(s)
  -------------------------------------------------------------------    -------------------
    T18                                               0.000     0.000 r  btnU (IN)
                         net (fo=0)                   0.000     0.000    btnU
    T18                  IBUF (Prop_ibuf_I_O)         0.222     0.222 r  btnU_IBUF_inst/O
                         net (fo=120, routed)         0.498     0.720    btnU_IBUF
    SLICE_X7Y13          FDRE                                         r  APPLEY_FF_1[3]/R
  -------------------------------------------------------------------    -------------------

                         (clock clk_out1_clk_wiz_0 rise edge)
                                                      0.000     0.000 r  
    W5                                                0.000     0.000 r  clkin (IN)
                         net (fo=0)                   0.000     0.000    not_so_slow/my_clk_inst/clkin
    W5                   IBUF (Prop_ibuf_I_O)         0.414     0.414 r  not_so_slow/my_clk_inst/clkin1_ibufg/O
                         net (fo=1, routed)           0.480     0.894    not_so_slow/my_clk_inst/clk_in1_clk_wiz_0
    MMCME2_ADV_X1Y0      MMCME2_ADV (Prop_mmcme2_adv_CLKIN1_CLKOUT0)
                                                     -3.142    -2.248 r  not_so_slow/my_clk_inst/mmcm_adv_inst/CLKOUT0
                         net (fo=1, routed)           0.530    -1.718    not_so_slow/slowclk/clk_int
    BUFGCTRL_X0Y0        BUFG (Prop_bufg_I_O)         0.029    -1.689 r  not_so_slow/slowclk/XLXI_401/O
                         net (fo=369, routed)         0.859    -0.831    clk
    SLICE_X7Y13          FDRE                                         r  APPLEY_FF_1[3]/C

Slack:                    inf
  Source:                 btnU
                            (input port)
  Destination:            APPLEY_FF_1[2]/R
                            (rising edge-triggered cell FDRE clocked by clk_out1_clk_wiz_0  {rise@0.000ns fall@20.000ns period=40.000ns})
  Path Group:             (none)
  Path Type:              Hold (Min at Fast Process Corner)
  Data Path Delay:        0.772ns  (logic 0.222ns (28.741%)  route 0.550ns (71.259%))
  Logic Levels:           1  (IBUF=1)
  Clock Path Skew:        -0.831ns (DCD - SCD - CPR)
    Destination Clock Delay (DCD):    -0.831ns
    Source Clock Delay      (SCD):    0.000ns
    Clock Pessimism Removal (CPR):    -0.000ns

    Location             Delay type                Incr(ns)  Path(ns)    Netlist Resource(s)
  -------------------------------------------------------------------    -------------------
    T18                                               0.000     0.000 r  btnU (IN)
                         net (fo=0)                   0.000     0.000    btnU
    T18                  IBUF (Prop_ibuf_I_O)         0.222     0.222 r  btnU_IBUF_inst/O
                         net (fo=120, routed)         0.550     0.772    btnU_IBUF
    SLICE_X5Y13          FDRE                                         r  APPLEY_FF_1[2]/R
  -------------------------------------------------------------------    -------------------

                         (clock clk_out1_clk_wiz_0 rise edge)
                                                      0.000     0.000 r  
    W5                                                0.000     0.000 r  clkin (IN)
                         net (fo=0)                   0.000     0.000    not_so_slow/my_clk_inst/clkin
    W5                   IBUF (Prop_ibuf_I_O)         0.414     0.414 r  not_so_slow/my_clk_inst/clkin1_ibufg/O
                         net (fo=1, routed)           0.480     0.894    not_so_slow/my_clk_inst/clk_in1_clk_wiz_0
    MMCME2_ADV_X1Y0      MMCME2_ADV (Prop_mmcme2_adv_CLKIN1_CLKOUT0)
                                                     -3.142    -2.248 r  not_so_slow/my_clk_inst/mmcm_adv_inst/CLKOUT0
                         net (fo=1, routed)           0.530    -1.718    not_so_slow/slowclk/clk_int
    BUFGCTRL_X0Y0        BUFG (Prop_bufg_I_O)         0.029    -1.689 r  not_so_slow/slowclk/XLXI_401/O
                         net (fo=369, routed)         0.859    -0.831    clk
    SLICE_X5Y13          FDRE                                         r  APPLEY_FF_1[2]/C

Slack:                    inf
  Source:                 btnU
                            (input port)
  Destination:            APPLEY_FF_1[5]/R
                            (rising edge-triggered cell FDRE clocked by clk_out1_clk_wiz_0  {rise@0.000ns fall@20.000ns period=40.000ns})
  Path Group:             (none)
  Path Type:              Hold (Min at Fast Process Corner)
  Data Path Delay:        0.772ns  (logic 0.222ns (28.741%)  route 0.550ns (71.259%))
  Logic Levels:           1  (IBUF=1)
  Clock Path Skew:        -0.831ns (DCD - SCD - CPR)
    Destination Clock Delay (DCD):    -0.831ns
    Source Clock Delay      (SCD):    0.000ns
    Clock Pessimism Removal (CPR):    -0.000ns

    Location             Delay type                Incr(ns)  Path(ns)    Netlist Resource(s)
  -------------------------------------------------------------------    -------------------
    T18                                               0.000     0.000 r  btnU (IN)
                         net (fo=0)                   0.000     0.000    btnU
    T18                  IBUF (Prop_ibuf_I_O)         0.222     0.222 r  btnU_IBUF_inst/O
                         net (fo=120, routed)         0.550     0.772    btnU_IBUF
    SLICE_X5Y13          FDRE                                         r  APPLEY_FF_1[5]/R
  -------------------------------------------------------------------    -------------------

                         (clock clk_out1_clk_wiz_0 rise edge)
                                                      0.000     0.000 r  
    W5                                                0.000     0.000 r  clkin (IN)
                         net (fo=0)                   0.000     0.000    not_so_slow/my_clk_inst/clkin
    W5                   IBUF (Prop_ibuf_I_O)         0.414     0.414 r  not_so_slow/my_clk_inst/clkin1_ibufg/O
                         net (fo=1, routed)           0.480     0.894    not_so_slow/my_clk_inst/clk_in1_clk_wiz_0
    MMCME2_ADV_X1Y0      MMCME2_ADV (Prop_mmcme2_adv_CLKIN1_CLKOUT0)
                                                     -3.142    -2.248 r  not_so_slow/my_clk_inst/mmcm_adv_inst/CLKOUT0
                         net (fo=1, routed)           0.530    -1.718    not_so_slow/slowclk/clk_int
    BUFGCTRL_X0Y0        BUFG (Prop_bufg_I_O)         0.029    -1.689 r  not_so_slow/slowclk/XLXI_401/O
                         net (fo=369, routed)         0.859    -0.831    clk
    SLICE_X5Y13          FDRE                                         r  APPLEY_FF_1[5]/C

Slack:                    inf
  Source:                 btnU
                            (input port)
  Destination:            APPLEY_FF_1[7]/R
                            (rising edge-triggered cell FDRE clocked by clk_out1_clk_wiz_0  {rise@0.000ns fall@20.000ns period=40.000ns})
  Path Group:             (none)
  Path Type:              Hold (Min at Fast Process Corner)
  Data Path Delay:        0.772ns  (logic 0.222ns (28.741%)  route 0.550ns (71.259%))
  Logic Levels:           1  (IBUF=1)
  Clock Path Skew:        -0.831ns (DCD - SCD - CPR)
    Destination Clock Delay (DCD):    -0.831ns
    Source Clock Delay      (SCD):    0.000ns
    Clock Pessimism Removal (CPR):    -0.000ns

    Location             Delay type                Incr(ns)  Path(ns)    Netlist Resource(s)
  -------------------------------------------------------------------    -------------------
    T18                                               0.000     0.000 r  btnU (IN)
                         net (fo=0)                   0.000     0.000    btnU
    T18                  IBUF (Prop_ibuf_I_O)         0.222     0.222 r  btnU_IBUF_inst/O
                         net (fo=120, routed)         0.550     0.772    btnU_IBUF
    SLICE_X5Y13          FDRE                                         r  APPLEY_FF_1[7]/R
  -------------------------------------------------------------------    -------------------

                         (clock clk_out1_clk_wiz_0 rise edge)
                                                      0.000     0.000 r  
    W5                                                0.000     0.000 r  clkin (IN)
                         net (fo=0)                   0.000     0.000    not_so_slow/my_clk_inst/clkin
    W5                   IBUF (Prop_ibuf_I_O)         0.414     0.414 r  not_so_slow/my_clk_inst/clkin1_ibufg/O
                         net (fo=1, routed)           0.480     0.894    not_so_slow/my_clk_inst/clk_in1_clk_wiz_0
    MMCME2_ADV_X1Y0      MMCME2_ADV (Prop_mmcme2_adv_CLKIN1_CLKOUT0)
                                                     -3.142    -2.248 r  not_so_slow/my_clk_inst/mmcm_adv_inst/CLKOUT0
                         net (fo=1, routed)           0.530    -1.718    not_so_slow/slowclk/clk_int
    BUFGCTRL_X0Y0        BUFG (Prop_bufg_I_O)         0.029    -1.689 r  not_so_slow/slowclk/XLXI_401/O
                         net (fo=369, routed)         0.859    -0.831    clk
    SLICE_X5Y13          FDRE                                         r  APPLEY_FF_1[7]/C

Slack:                    inf
  Source:                 btnC
                            (input port)
  Destination:            startEdge/bit/D
                            (rising edge-triggered cell FDRE clocked by clk_out1_clk_wiz_0  {rise@0.000ns fall@20.000ns period=40.000ns})
  Path Group:             (none)
  Path Type:              Hold (Min at Fast Process Corner)
  Data Path Delay:        0.823ns  (logic 0.210ns (25.471%)  route 0.613ns (74.529%))
  Logic Levels:           1  (IBUF=1)
  Clock Path Skew:        -0.855ns (DCD - SCD - CPR)
    Destination Clock Delay (DCD):    -0.855ns
    Source Clock Delay      (SCD):    0.000ns
    Clock Pessimism Removal (CPR):    -0.000ns

    Location             Delay type                Incr(ns)  Path(ns)    Netlist Resource(s)
  -------------------------------------------------------------------    -------------------
    U18                                               0.000     0.000 r  btnC (IN)
                         net (fo=0)                   0.000     0.000    btnC
    U18                  IBUF (Prop_ibuf_I_O)         0.210     0.210 r  btnC_IBUF_inst/O
                         net (fo=2, routed)           0.613     0.823    startEdge/btnC_IBUF
    SLICE_X13Y7          FDRE                                         r  startEdge/bit/D
  -------------------------------------------------------------------    -------------------

                         (clock clk_out1_clk_wiz_0 rise edge)
                                                      0.000     0.000 r  
    W5                                                0.000     0.000 r  clkin (IN)
                         net (fo=0)                   0.000     0.000    not_so_slow/my_clk_inst/clkin
    W5                   IBUF (Prop_ibuf_I_O)         0.414     0.414 r  not_so_slow/my_clk_inst/clkin1_ibufg/O
                         net (fo=1, routed)           0.480     0.894    not_so_slow/my_clk_inst/clk_in1_clk_wiz_0
    MMCME2_ADV_X1Y0      MMCME2_ADV (Prop_mmcme2_adv_CLKIN1_CLKOUT0)
                                                     -3.142    -2.248 r  not_so_slow/my_clk_inst/mmcm_adv_inst/CLKOUT0
                         net (fo=1, routed)           0.530    -1.718    not_so_slow/slowclk/clk_int
    BUFGCTRL_X0Y0        BUFG (Prop_bufg_I_O)         0.029    -1.689 r  not_so_slow/slowclk/XLXI_401/O
                         net (fo=369, routed)         0.835    -0.855    startEdge/clk
    SLICE_X13Y7          FDRE                                         r  startEdge/bit/C





